ISO-10303-21;
HEADER;
FILE_DESCRIPTION((''),'2;1');
FILE_NAME('RASPCASE-TOP','2026-09-29T19:33:57',('Olli'),(''),
'CREO PARAMETRIC BY PTC INC, 2026163','CREO PARAMETRIC BY PTC INC, 2026163','');
FILE_SCHEMA(('AUTOMOTIVE_DESIGN { 1 0 10303 214 1 1 1 1 }'));
ENDSEC;
DATA;
#14=DIRECTION('',(-1.E0,0.E0,0.E0));
#15=VECTOR('',#14,2.120220533547E1);
#16=CARTESIAN_POINT('',(3.773220533547E1,1.05E1,7.010000000001E0));
#17=LINE('',#16,#15);
#18=DIRECTION('',(0.E0,0.E0,1.E0));
#19=VECTOR('',#18,1.648E1);
#20=CARTESIAN_POINT('',(1.653E1,1.05E1,7.010000000001E0));
#21=LINE('',#20,#19);
#22=DIRECTION('',(-1.E0,0.E0,0.E0));
#23=VECTOR('',#22,2.114892107500E1);
#24=CARTESIAN_POINT('',(3.767892107500E1,1.05E1,2.349E1));
#25=LINE('',#24,#23);
#26=CARTESIAN_POINT('',(3.373220533547E1,1.05E1,2.283928126559E1));
#27=DIRECTION('',(0.E0,1.E0,0.E0));
#28=DIRECTION('',(0.E0,0.E0,1.E0));
#29=AXIS2_PLACEMENT_3D('',#26,#27,#28);
#31=DIRECTION('',(1.E0,-9.690947280352E-14,9.702130002808E-14));
#32=VECTOR('',#31,7.942416734354E1);
#33=CARTESIAN_POINT('',(-4.569196200943E1,1.050000000002E1,2.683928126557E1));
#34=LINE('',#33,#32);
#35=CARTESIAN_POINT('',(-4.569196201090E1,1.05E1,2.283928126559E1));
#36=DIRECTION('',(0.E0,1.E0,0.E0));
#37=DIRECTION('',(-1.E0,0.E0,0.E0));
#38=AXIS2_PLACEMENT_3D('',#35,#36,#37);
#40=DIRECTION('',(-1.525204605162E-13,-1.523445836014E-13,1.E0));
#41=VECTOR('',#40,5.049999999718E1);
#42=CARTESIAN_POINT('',(-4.969196201088E1,1.050000000002E1,-2.766071873294E1));
#43=LINE('',#42,#41);
#44=CARTESIAN_POINT('',(-4.569196201090E1,1.05E1,-2.766071873441E1));
#45=DIRECTION('',(0.E0,1.E0,0.E0));
#46=DIRECTION('',(0.E0,0.E0,-1.E0));
#47=AXIS2_PLACEMENT_3D('',#44,#45,#46);
#49=DIRECTION('',(-1.E0,-9.688710735861E-14,-9.684237646878E-14));
#50=VECTOR('',#49,7.942416734354E1);
#51=CARTESIAN_POINT('',(3.373220533400E1,1.050000000002E1,-3.166071873439E1));
#52=LINE('',#51,#50);
#53=CARTESIAN_POINT('',(3.373220533547E1,1.05E1,-2.766071873441E1));
#54=DIRECTION('',(0.E0,1.E0,0.E0));
#55=DIRECTION('',(9.803390702900E-1,0.E0,-1.973203163967E-1));
#56=AXIS2_PLACEMENT_3D('',#53,#54,#55);
#58=DIRECTION('',(-1.E0,0.E0,0.E0));
#59=VECTOR('',#58,1.764356161663E1);
#60=CARTESIAN_POINT('',(3.765356161663E1,1.05E1,-2.845E1));
#61=LINE('',#60,#59);
#62=DIRECTION('',(0.E0,0.E0,1.E0));
#63=VECTOR('',#62,1.39E1);
#64=CARTESIAN_POINT('',(2.001E1,1.05E1,-2.845E1));
#65=LINE('',#64,#63);
#66=DIRECTION('',(-1.E0,0.E0,0.E0));
#67=VECTOR('',#66,1.772220533547E1);
#68=CARTESIAN_POINT('',(3.773220533547E1,1.05E1,-1.455E1));
#69=LINE('',#68,#67);
#70=DIRECTION('',(0.E0,0.E0,-1.E0));
#71=VECTOR('',#70,4.1E0);
#72=CARTESIAN_POINT('',(3.773220533547E1,1.05E1,-1.045E1));
#73=LINE('',#72,#71);
#74=DIRECTION('',(-1.E0,0.E0,0.E0));
#75=VECTOR('',#74,1.772220533547E1);
#76=CARTESIAN_POINT('',(3.773220533547E1,1.05E1,-1.045E1));
#77=LINE('',#76,#75);
#78=DIRECTION('',(0.E0,0.E0,1.E0));
#79=VECTOR('',#78,1.39E1);
#80=CARTESIAN_POINT('',(2.001E1,1.05E1,-1.045E1));
#81=LINE('',#80,#79);
#82=DIRECTION('',(-1.E0,0.E0,0.E0));
#83=VECTOR('',#82,1.772220533547E1);
#84=CARTESIAN_POINT('',(3.773220533547E1,1.05E1,3.450000000001E0));
#85=LINE('',#84,#83);
#86=DIRECTION('',(0.E0,0.E0,-1.E0));
#87=VECTOR('',#86,3.56E0);
#88=CARTESIAN_POINT('',(3.773220533547E1,1.05E1,7.010000000001E0));
#89=LINE('',#88,#87);
#90=DIRECTION('',(0.E0,0.E0,1.E0));
#91=VECTOR('',#90,3.E0);
#92=CARTESIAN_POINT('',(-2.598076211353E0,1.05E1,-1.5E0));
#93=LINE('',#92,#91);
#94=DIRECTION('',(8.660254037844E-1,0.E0,5.E-1));
#95=VECTOR('',#94,3.E0);
#96=CARTESIAN_POINT('',(-2.598076211353E0,1.05E1,1.5E0));
#97=LINE('',#96,#95);
#98=DIRECTION('',(8.660254037844E-1,0.E0,-5.E-1));
#99=VECTOR('',#98,3.E0);
#100=CARTESIAN_POINT('',(0.E0,1.05E1,3.E0));
#101=LINE('',#100,#99);
#102=DIRECTION('',(0.E0,0.E0,-1.E0));
#103=VECTOR('',#102,3.E0);
#104=CARTESIAN_POINT('',(2.598076211353E0,1.05E1,1.5E0));
#105=LINE('',#104,#103);
#106=DIRECTION('',(-8.660254037844E-1,0.E0,-5.E-1));
#107=VECTOR('',#106,3.E0);
#108=CARTESIAN_POINT('',(2.598076211353E0,1.05E1,-1.5E0));
#109=LINE('',#108,#107);
#110=DIRECTION('',(-8.660254037844E-1,0.E0,5.E-1));
#111=VECTOR('',#110,3.E0);
#112=CARTESIAN_POINT('',(0.E0,1.05E1,-3.E0));
#113=LINE('',#112,#111);
#114=DIRECTION('',(0.E0,0.E0,1.E0));
#115=VECTOR('',#114,3.E0);
#116=CARTESIAN_POINT('',(4.401923788647E0,1.05E1,-1.5E0));
#117=LINE('',#116,#115);
#118=DIRECTION('',(8.660254037844E-1,0.E0,5.E-1));
#119=VECTOR('',#118,3.E0);
#120=CARTESIAN_POINT('',(4.401923788647E0,1.05E1,1.5E0));
#121=LINE('',#120,#119);
#122=DIRECTION('',(8.660254037844E-1,0.E0,-5.E-1));
#123=VECTOR('',#122,3.E0);
#124=CARTESIAN_POINT('',(7.E0,1.05E1,3.E0));
#125=LINE('',#124,#123);
#126=DIRECTION('',(0.E0,0.E0,-1.E0));
#127=VECTOR('',#126,3.E0);
#128=CARTESIAN_POINT('',(9.598076211353E0,1.05E1,1.5E0));
#129=LINE('',#128,#127);
#130=DIRECTION('',(-8.660254037844E-1,0.E0,-5.E-1));
#131=VECTOR('',#130,3.E0);
#132=CARTESIAN_POINT('',(9.598076211353E0,1.05E1,-1.5E0));
#133=LINE('',#132,#131);
#134=DIRECTION('',(-8.660254037844E-1,0.E0,5.E-1));
#135=VECTOR('',#134,3.E0);
#136=CARTESIAN_POINT('',(7.E0,1.05E1,-3.E0));
#137=LINE('',#136,#135);
#138=DIRECTION('',(0.E0,0.E0,1.E0));
#139=VECTOR('',#138,3.E0);
#140=CARTESIAN_POINT('',(9.019237886467E-1,1.05E1,-7.562177826491E0));
#141=LINE('',#140,#139);
#142=DIRECTION('',(8.660254037844E-1,0.E0,5.E-1));
#143=VECTOR('',#142,3.E0);
#144=CARTESIAN_POINT('',(9.019237886467E-1,1.05E1,-4.562177826491E0));
#145=LINE('',#144,#143);
#146=DIRECTION('',(8.660254037844E-1,0.E0,-5.E-1));
#147=VECTOR('',#146,3.E0);
#148=CARTESIAN_POINT('',(3.5E0,1.05E1,-3.062177826491E0));
#149=LINE('',#148,#147);
#150=DIRECTION('',(0.E0,0.E0,-1.E0));
#151=VECTOR('',#150,3.E0);
#152=CARTESIAN_POINT('',(6.098076211353E0,1.05E1,-4.562177826491E0));
#153=LINE('',#152,#151);
#154=DIRECTION('',(-8.660254037844E-1,0.E0,-5.E-1));
#155=VECTOR('',#154,3.E0);
#156=CARTESIAN_POINT('',(6.098076211353E0,1.05E1,-7.562177826491E0));
#157=LINE('',#156,#155);
#158=DIRECTION('',(-8.660254037844E-1,0.E0,5.E-1));
#159=VECTOR('',#158,3.E0);
#160=CARTESIAN_POINT('',(3.5E0,1.05E1,-9.062177826491E0));
#161=LINE('',#160,#159);
#162=DIRECTION('',(0.E0,0.E0,1.E0));
#163=VECTOR('',#162,3.E0);
#164=CARTESIAN_POINT('',(-6.098076211353E0,1.05E1,-7.562177826491E0));
#165=LINE('',#164,#163);
#166=DIRECTION('',(8.660254037844E-1,0.E0,5.E-1));
#167=VECTOR('',#166,3.E0);
#168=CARTESIAN_POINT('',(-6.098076211353E0,1.05E1,-4.562177826491E0));
#169=LINE('',#168,#167);
#170=DIRECTION('',(8.660254037844E-1,0.E0,-5.E-1));
#171=VECTOR('',#170,3.E0);
#172=CARTESIAN_POINT('',(-3.5E0,1.05E1,-3.062177826491E0));
#173=LINE('',#172,#171);
#174=DIRECTION('',(0.E0,0.E0,-1.E0));
#175=VECTOR('',#174,3.E0);
#176=CARTESIAN_POINT('',(-9.019237886467E-1,1.05E1,-4.562177826491E0));
#177=LINE('',#176,#175);
#178=DIRECTION('',(-8.660254037844E-1,0.E0,-5.E-1));
#179=VECTOR('',#178,3.E0);
#180=CARTESIAN_POINT('',(-9.019237886467E-1,1.05E1,-7.562177826491E0));
#181=LINE('',#180,#179);
#182=DIRECTION('',(-8.660254037844E-1,0.E0,5.E-1));
#183=VECTOR('',#182,3.E0);
#184=CARTESIAN_POINT('',(-3.5E0,1.05E1,-9.062177826491E0));
#185=LINE('',#184,#183);
#186=DIRECTION('',(0.E0,0.E0,1.E0));
#187=VECTOR('',#186,3.E0);
#188=CARTESIAN_POINT('',(-9.598076211353E0,1.05E1,-1.5E0));
#189=LINE('',#188,#187);
#190=DIRECTION('',(8.660254037844E-1,0.E0,5.E-1));
#191=VECTOR('',#190,3.E0);
#192=CARTESIAN_POINT('',(-9.598076211353E0,1.05E1,1.5E0));
#193=LINE('',#192,#191);
#194=DIRECTION('',(8.660254037844E-1,0.E0,-5.E-1));
#195=VECTOR('',#194,3.E0);
#196=CARTESIAN_POINT('',(-7.E0,1.05E1,3.E0));
#197=LINE('',#196,#195);
#198=DIRECTION('',(0.E0,0.E0,-1.E0));
#199=VECTOR('',#198,3.E0);
#200=CARTESIAN_POINT('',(-4.401923788647E0,1.05E1,1.5E0));
#201=LINE('',#200,#199);
#202=DIRECTION('',(-8.660254037844E-1,0.E0,-5.E-1));
#203=VECTOR('',#202,3.E0);
#204=CARTESIAN_POINT('',(-4.401923788647E0,1.05E1,-1.5E0));
#205=LINE('',#204,#203);
#206=DIRECTION('',(-8.660254037844E-1,0.E0,5.E-1));
#207=VECTOR('',#206,3.E0);
#208=CARTESIAN_POINT('',(-7.E0,1.05E1,-3.E0));
#209=LINE('',#208,#207);
#210=DIRECTION('',(0.E0,0.E0,1.E0));
#211=VECTOR('',#210,3.E0);
#212=CARTESIAN_POINT('',(-6.098076211353E0,1.05E1,4.562177826491E0));
#213=LINE('',#212,#211);
#214=DIRECTION('',(8.660254037844E-1,0.E0,5.E-1));
#215=VECTOR('',#214,3.E0);
#216=CARTESIAN_POINT('',(-6.098076211353E0,1.05E1,7.562177826491E0));
#217=LINE('',#216,#215);
#218=DIRECTION('',(8.660254037844E-1,0.E0,-5.E-1));
#219=VECTOR('',#218,3.E0);
#220=CARTESIAN_POINT('',(-3.5E0,1.05E1,9.062177826491E0));
#221=LINE('',#220,#219);
#222=DIRECTION('',(0.E0,0.E0,-1.E0));
#223=VECTOR('',#222,3.E0);
#224=CARTESIAN_POINT('',(-9.019237886467E-1,1.05E1,7.562177826491E0));
#225=LINE('',#224,#223);
#226=DIRECTION('',(-8.660254037844E-1,0.E0,-5.E-1));
#227=VECTOR('',#226,3.E0);
#228=CARTESIAN_POINT('',(-9.019237886467E-1,1.05E1,4.562177826491E0));
#229=LINE('',#228,#227);
#230=DIRECTION('',(-8.660254037844E-1,0.E0,5.E-1));
#231=VECTOR('',#230,3.E0);
#232=CARTESIAN_POINT('',(-3.5E0,1.05E1,3.062177826491E0));
#233=LINE('',#232,#231);
#234=DIRECTION('',(0.E0,0.E0,1.E0));
#235=VECTOR('',#234,3.E0);
#236=CARTESIAN_POINT('',(9.019237886467E-1,1.05E1,4.562177826491E0));
#237=LINE('',#236,#235);
#238=DIRECTION('',(8.660254037844E-1,0.E0,5.E-1));
#239=VECTOR('',#238,3.E0);
#240=CARTESIAN_POINT('',(9.019237886467E-1,1.05E1,7.562177826491E0));
#241=LINE('',#240,#239);
#242=DIRECTION('',(8.660254037844E-1,0.E0,-5.E-1));
#243=VECTOR('',#242,3.E0);
#244=CARTESIAN_POINT('',(3.5E0,1.05E1,9.062177826491E0));
#245=LINE('',#244,#243);
#246=DIRECTION('',(0.E0,0.E0,-1.E0));
#247=VECTOR('',#246,3.E0);
#248=CARTESIAN_POINT('',(6.098076211353E0,1.05E1,7.562177826491E0));
#249=LINE('',#248,#247);
#250=DIRECTION('',(-8.660254037844E-1,0.E0,-5.E-1));
#251=VECTOR('',#250,3.E0);
#252=CARTESIAN_POINT('',(6.098076211353E0,1.05E1,4.562177826491E0));
#253=LINE('',#252,#251);
#254=DIRECTION('',(-8.660254037844E-1,0.E0,5.E-1));
#255=VECTOR('',#254,3.E0);
#256=CARTESIAN_POINT('',(3.5E0,1.05E1,3.062177826491E0));
#257=LINE('',#256,#255);
#258=DIRECTION('',(0.E0,0.E0,1.E0));
#259=VECTOR('',#258,3.E0);
#260=CARTESIAN_POINT('',(7.901923788647E0,1.05E1,-7.562177826491E0));
#261=LINE('',#260,#259);
#262=DIRECTION('',(8.660254037844E-1,0.E0,5.E-1));
#263=VECTOR('',#262,3.E0);
#264=CARTESIAN_POINT('',(7.901923788647E0,1.05E1,-4.562177826491E0));
#265=LINE('',#264,#263);
#266=DIRECTION('',(8.660254037844E-1,0.E0,-5.E-1));
#267=VECTOR('',#266,3.E0);
#268=CARTESIAN_POINT('',(1.05E1,1.05E1,-3.062177826491E0));
#269=LINE('',#268,#267);
#270=DIRECTION('',(0.E0,0.E0,-1.E0));
#271=VECTOR('',#270,3.E0);
#272=CARTESIAN_POINT('',(1.309807621135E1,1.05E1,-4.562177826491E0));
#273=LINE('',#272,#271);
#274=DIRECTION('',(-8.660254037844E-1,0.E0,-5.E-1));
#275=VECTOR('',#274,3.E0);
#276=CARTESIAN_POINT('',(1.309807621135E1,1.05E1,-7.562177826491E0));
#277=LINE('',#276,#275);
#278=DIRECTION('',(-8.660254037844E-1,0.E0,5.E-1));
#279=VECTOR('',#278,3.E0);
#280=CARTESIAN_POINT('',(1.05E1,1.05E1,-9.062177826491E0));
#281=LINE('',#280,#279);
#282=DIRECTION('',(0.E0,0.E0,1.E0));
#283=VECTOR('',#282,3.E0);
#284=CARTESIAN_POINT('',(4.401923788647E0,1.05E1,-1.362435565298E1));
#285=LINE('',#284,#283);
#286=DIRECTION('',(8.660254037844E-1,0.E0,5.E-1));
#287=VECTOR('',#286,3.E0);
#288=CARTESIAN_POINT('',(4.401923788647E0,1.05E1,-1.062435565298E1));
#289=LINE('',#288,#287);
#290=DIRECTION('',(8.660254037844E-1,0.E0,-5.E-1));
#291=VECTOR('',#290,3.E0);
#292=CARTESIAN_POINT('',(7.E0,1.05E1,-9.124355652982E0));
#293=LINE('',#292,#291);
#294=DIRECTION('',(0.E0,0.E0,-1.E0));
#295=VECTOR('',#294,3.E0);
#296=CARTESIAN_POINT('',(9.598076211353E0,1.05E1,-1.062435565298E1));
#297=LINE('',#296,#295);
#298=DIRECTION('',(-8.660254037844E-1,0.E0,-5.E-1));
#299=VECTOR('',#298,3.E0);
#300=CARTESIAN_POINT('',(9.598076211353E0,1.05E1,-1.362435565298E1));
#301=LINE('',#300,#299);
#302=DIRECTION('',(-8.660254037844E-1,0.E0,5.E-1));
#303=VECTOR('',#302,3.E0);
#304=CARTESIAN_POINT('',(7.E0,1.05E1,-1.512435565298E1));
#305=LINE('',#304,#303);
#306=DIRECTION('',(0.E0,0.E0,1.E0));
#307=VECTOR('',#306,3.E0);
#308=CARTESIAN_POINT('',(-2.598076211353E0,1.05E1,-1.362435565298E1));
#309=LINE('',#308,#307);
#310=DIRECTION('',(8.660254037844E-1,0.E0,5.E-1));
#311=VECTOR('',#310,3.E0);
#312=CARTESIAN_POINT('',(-2.598076211353E0,1.05E1,-1.062435565298E1));
#313=LINE('',#312,#311);
#314=DIRECTION('',(8.660254037844E-1,0.E0,-5.E-1));
#315=VECTOR('',#314,3.E0);
#316=CARTESIAN_POINT('',(0.E0,1.05E1,-9.124355652982E0));
#317=LINE('',#316,#315);
#318=DIRECTION('',(0.E0,0.E0,-1.E0));
#319=VECTOR('',#318,3.E0);
#320=CARTESIAN_POINT('',(2.598076211353E0,1.05E1,-1.062435565298E1));
#321=LINE('',#320,#319);
#322=DIRECTION('',(-8.660254037844E-1,0.E0,-5.E-1));
#323=VECTOR('',#322,3.E0);
#324=CARTESIAN_POINT('',(2.598076211353E0,1.05E1,-1.362435565298E1));
#325=LINE('',#324,#323);
#326=DIRECTION('',(-8.660254037844E-1,0.E0,5.E-1));
#327=VECTOR('',#326,3.E0);
#328=CARTESIAN_POINT('',(0.E0,1.05E1,-1.512435565298E1));
#329=LINE('',#328,#327);
#330=DIRECTION('',(0.E0,0.E0,1.E0));
#331=VECTOR('',#330,3.E0);
#332=CARTESIAN_POINT('',(-9.598076211353E0,1.05E1,-1.362435565298E1));
#333=LINE('',#332,#331);
#334=DIRECTION('',(8.660254037844E-1,0.E0,5.E-1));
#335=VECTOR('',#334,3.E0);
#336=CARTESIAN_POINT('',(-9.598076211353E0,1.05E1,-1.062435565298E1));
#337=LINE('',#336,#335);
#338=DIRECTION('',(8.660254037844E-1,0.E0,-5.E-1));
#339=VECTOR('',#338,3.E0);
#340=CARTESIAN_POINT('',(-7.E0,1.05E1,-9.124355652982E0));
#341=LINE('',#340,#339);
#342=DIRECTION('',(0.E0,0.E0,-1.E0));
#343=VECTOR('',#342,3.E0);
#344=CARTESIAN_POINT('',(-4.401923788647E0,1.05E1,-1.062435565298E1));
#345=LINE('',#344,#343);
#346=DIRECTION('',(-8.660254037844E-1,0.E0,-5.E-1));
#347=VECTOR('',#346,3.E0);
#348=CARTESIAN_POINT('',(-4.401923788647E0,1.05E1,-1.362435565298E1));
#349=LINE('',#348,#347);
#350=DIRECTION('',(-8.660254037844E-1,0.E0,5.E-1));
#351=VECTOR('',#350,3.E0);
#352=CARTESIAN_POINT('',(-7.E0,1.05E1,-1.512435565298E1));
#353=LINE('',#352,#351);
#354=DIRECTION('',(0.E0,0.E0,1.E0));
#355=VECTOR('',#354,3.E0);
#356=CARTESIAN_POINT('',(-1.309807621135E1,1.05E1,-7.562177826491E0));
#357=LINE('',#356,#355);
#358=DIRECTION('',(8.660254037844E-1,0.E0,5.E-1));
#359=VECTOR('',#358,3.E0);
#360=CARTESIAN_POINT('',(-1.309807621135E1,1.05E1,-4.562177826491E0));
#361=LINE('',#360,#359);
#362=DIRECTION('',(8.660254037844E-1,0.E0,-5.E-1));
#363=VECTOR('',#362,3.E0);
#364=CARTESIAN_POINT('',(-1.05E1,1.05E1,-3.062177826491E0));
#365=LINE('',#364,#363);
#366=DIRECTION('',(0.E0,0.E0,-1.E0));
#367=VECTOR('',#366,3.E0);
#368=CARTESIAN_POINT('',(-7.901923788647E0,1.05E1,-4.562177826491E0));
#369=LINE('',#368,#367);
#370=DIRECTION('',(-8.660254037844E-1,0.E0,-5.E-1));
#371=VECTOR('',#370,3.E0);
#372=CARTESIAN_POINT('',(-7.901923788647E0,1.05E1,-7.562177826491E0));
#373=LINE('',#372,#371);
#374=DIRECTION('',(-8.660254037844E-1,0.E0,5.E-1));
#375=VECTOR('',#374,3.E0);
#376=CARTESIAN_POINT('',(-1.05E1,1.05E1,-9.062177826491E0));
#377=LINE('',#376,#375);
#378=DIRECTION('',(0.E0,0.E0,1.E0));
#379=VECTOR('',#378,3.E0);
#380=CARTESIAN_POINT('',(-1.659807621135E1,1.05E1,-1.5E0));
#381=LINE('',#380,#379);
#382=DIRECTION('',(8.660254037844E-1,0.E0,5.E-1));
#383=VECTOR('',#382,3.E0);
#384=CARTESIAN_POINT('',(-1.659807621135E1,1.05E1,1.5E0));
#385=LINE('',#384,#383);
#386=DIRECTION('',(8.660254037844E-1,0.E0,-5.E-1));
#387=VECTOR('',#386,3.E0);
#388=CARTESIAN_POINT('',(-1.4E1,1.05E1,3.E0));
#389=LINE('',#388,#387);
#390=DIRECTION('',(0.E0,0.E0,-1.E0));
#391=VECTOR('',#390,3.E0);
#392=CARTESIAN_POINT('',(-1.140192378865E1,1.05E1,1.5E0));
#393=LINE('',#392,#391);
#394=DIRECTION('',(-8.660254037844E-1,0.E0,-5.E-1));
#395=VECTOR('',#394,3.E0);
#396=CARTESIAN_POINT('',(-1.140192378865E1,1.05E1,-1.5E0));
#397=LINE('',#396,#395);
#398=DIRECTION('',(-8.660254037844E-1,0.E0,5.E-1));
#399=VECTOR('',#398,3.E0);
#400=CARTESIAN_POINT('',(-1.4E1,1.05E1,-3.E0));
#401=LINE('',#400,#399);
#402=DIRECTION('',(0.E0,0.E0,1.E0));
#403=VECTOR('',#402,3.E0);
#404=CARTESIAN_POINT('',(-1.309807621135E1,1.05E1,4.562177826491E0));
#405=LINE('',#404,#403);
#406=DIRECTION('',(8.660254037844E-1,0.E0,5.E-1));
#407=VECTOR('',#406,3.E0);
#408=CARTESIAN_POINT('',(-1.309807621135E1,1.05E1,7.562177826491E0));
#409=LINE('',#408,#407);
#410=DIRECTION('',(8.660254037844E-1,0.E0,-5.E-1));
#411=VECTOR('',#410,3.E0);
#412=CARTESIAN_POINT('',(-1.05E1,1.05E1,9.062177826491E0));
#413=LINE('',#412,#411);
#414=DIRECTION('',(0.E0,0.E0,-1.E0));
#415=VECTOR('',#414,3.E0);
#416=CARTESIAN_POINT('',(-7.901923788647E0,1.05E1,7.562177826491E0));
#417=LINE('',#416,#415);
#418=DIRECTION('',(-8.660254037844E-1,0.E0,-5.E-1));
#419=VECTOR('',#418,3.E0);
#420=CARTESIAN_POINT('',(-7.901923788647E0,1.05E1,4.562177826491E0));
#421=LINE('',#420,#419);
#422=DIRECTION('',(-8.660254037844E-1,0.E0,5.E-1));
#423=VECTOR('',#422,3.E0);
#424=CARTESIAN_POINT('',(-1.05E1,1.05E1,3.062177826491E0));
#425=LINE('',#424,#423);
#426=DIRECTION('',(0.E0,0.E0,1.E0));
#427=VECTOR('',#426,3.E0);
#428=CARTESIAN_POINT('',(-9.598076211353E0,1.05E1,1.062435565298E1));
#429=LINE('',#428,#427);
#430=DIRECTION('',(8.660254037844E-1,0.E0,5.E-1));
#431=VECTOR('',#430,3.E0);
#432=CARTESIAN_POINT('',(-9.598076211353E0,1.05E1,1.362435565298E1));
#433=LINE('',#432,#431);
#434=DIRECTION('',(8.660254037844E-1,0.E0,-5.E-1));
#435=VECTOR('',#434,3.E0);
#436=CARTESIAN_POINT('',(-7.E0,1.05E1,1.512435565298E1));
#437=LINE('',#436,#435);
#438=DIRECTION('',(0.E0,0.E0,-1.E0));
#439=VECTOR('',#438,3.E0);
#440=CARTESIAN_POINT('',(-4.401923788647E0,1.05E1,1.362435565298E1));
#441=LINE('',#440,#439);
#442=DIRECTION('',(-8.660254037844E-1,0.E0,-5.E-1));
#443=VECTOR('',#442,3.E0);
#444=CARTESIAN_POINT('',(-4.401923788647E0,1.05E1,1.062435565298E1));
#445=LINE('',#444,#443);
#446=DIRECTION('',(-8.660254037844E-1,0.E0,5.E-1));
#447=VECTOR('',#446,3.E0);
#448=CARTESIAN_POINT('',(-7.E0,1.05E1,9.124355652982E0));
#449=LINE('',#448,#447);
#450=DIRECTION('',(0.E0,0.E0,1.E0));
#451=VECTOR('',#450,3.E0);
#452=CARTESIAN_POINT('',(-2.598076211353E0,1.05E1,1.062435565298E1));
#453=LINE('',#452,#451);
#454=DIRECTION('',(8.660254037844E-1,0.E0,5.E-1));
#455=VECTOR('',#454,3.E0);
#456=CARTESIAN_POINT('',(-2.598076211353E0,1.05E1,1.362435565298E1));
#457=LINE('',#456,#455);
#458=DIRECTION('',(8.660254037844E-1,0.E0,-5.E-1));
#459=VECTOR('',#458,3.E0);
#460=CARTESIAN_POINT('',(0.E0,1.05E1,1.512435565298E1));
#461=LINE('',#460,#459);
#462=DIRECTION('',(0.E0,0.E0,-1.E0));
#463=VECTOR('',#462,3.E0);
#464=CARTESIAN_POINT('',(2.598076211353E0,1.05E1,1.362435565298E1));
#465=LINE('',#464,#463);
#466=DIRECTION('',(-8.660254037844E-1,0.E0,-5.E-1));
#467=VECTOR('',#466,3.E0);
#468=CARTESIAN_POINT('',(2.598076211353E0,1.05E1,1.062435565298E1));
#469=LINE('',#468,#467);
#470=DIRECTION('',(-8.660254037844E-1,0.E0,5.E-1));
#471=VECTOR('',#470,3.E0);
#472=CARTESIAN_POINT('',(0.E0,1.05E1,9.124355652982E0));
#473=LINE('',#472,#471);
#474=DIRECTION('',(0.E0,0.E0,1.E0));
#475=VECTOR('',#474,3.E0);
#476=CARTESIAN_POINT('',(4.401923788647E0,1.05E1,1.062435565298E1));
#477=LINE('',#476,#475);
#478=DIRECTION('',(8.660254037844E-1,0.E0,5.E-1));
#479=VECTOR('',#478,3.E0);
#480=CARTESIAN_POINT('',(4.401923788647E0,1.05E1,1.362435565298E1));
#481=LINE('',#480,#479);
#482=DIRECTION('',(8.660254037844E-1,0.E0,-5.E-1));
#483=VECTOR('',#482,3.E0);
#484=CARTESIAN_POINT('',(7.E0,1.05E1,1.512435565298E1));
#485=LINE('',#484,#483);
#486=DIRECTION('',(0.E0,0.E0,-1.E0));
#487=VECTOR('',#486,3.E0);
#488=CARTESIAN_POINT('',(9.598076211353E0,1.05E1,1.362435565298E1));
#489=LINE('',#488,#487);
#490=DIRECTION('',(-8.660254037844E-1,0.E0,-5.E-1));
#491=VECTOR('',#490,3.E0);
#492=CARTESIAN_POINT('',(9.598076211353E0,1.05E1,1.062435565298E1));
#493=LINE('',#492,#491);
#494=DIRECTION('',(-8.660254037844E-1,0.E0,5.E-1));
#495=VECTOR('',#494,3.E0);
#496=CARTESIAN_POINT('',(7.E0,1.05E1,9.124355652982E0));
#497=LINE('',#496,#495);
#498=DIRECTION('',(0.E0,0.E0,1.E0));
#499=VECTOR('',#498,3.E0);
#500=CARTESIAN_POINT('',(7.901923788647E0,1.05E1,4.562177826491E0));
#501=LINE('',#500,#499);
#502=DIRECTION('',(8.660254037844E-1,0.E0,5.E-1));
#503=VECTOR('',#502,3.E0);
#504=CARTESIAN_POINT('',(7.901923788647E0,1.05E1,7.562177826491E0));
#505=LINE('',#504,#503);
#506=DIRECTION('',(8.660254037844E-1,0.E0,-5.E-1));
#507=VECTOR('',#506,3.E0);
#508=CARTESIAN_POINT('',(1.05E1,1.05E1,9.062177826491E0));
#509=LINE('',#508,#507);
#510=DIRECTION('',(0.E0,0.E0,-1.E0));
#511=VECTOR('',#510,3.E0);
#512=CARTESIAN_POINT('',(1.309807621135E1,1.05E1,7.562177826491E0));
#513=LINE('',#512,#511);
#514=DIRECTION('',(-8.660254037844E-1,0.E0,-5.E-1));
#515=VECTOR('',#514,3.E0);
#516=CARTESIAN_POINT('',(1.309807621135E1,1.05E1,4.562177826491E0));
#517=LINE('',#516,#515);
#518=DIRECTION('',(-8.660254037844E-1,0.E0,5.E-1));
#519=VECTOR('',#518,3.E0);
#520=CARTESIAN_POINT('',(1.05E1,1.05E1,3.062177826491E0));
#521=LINE('',#520,#519);
#522=DIRECTION('',(0.E0,0.E0,1.E0));
#523=VECTOR('',#522,3.E0);
#524=CARTESIAN_POINT('',(7.901923788647E0,1.05E1,-1.968653347947E1));
#525=LINE('',#524,#523);
#526=DIRECTION('',(8.660254037844E-1,0.E0,5.E-1));
#527=VECTOR('',#526,3.E0);
#528=CARTESIAN_POINT('',(7.901923788647E0,1.05E1,-1.668653347947E1));
#529=LINE('',#528,#527);
#530=DIRECTION('',(8.660254037844E-1,0.E0,-5.E-1));
#531=VECTOR('',#530,3.E0);
#532=CARTESIAN_POINT('',(1.05E1,1.05E1,-1.518653347947E1));
#533=LINE('',#532,#531);
#534=DIRECTION('',(0.E0,0.E0,-1.E0));
#535=VECTOR('',#534,3.E0);
#536=CARTESIAN_POINT('',(1.309807621135E1,1.05E1,-1.668653347947E1));
#537=LINE('',#536,#535);
#538=DIRECTION('',(-8.660254037844E-1,0.E0,-5.E-1));
#539=VECTOR('',#538,3.E0);
#540=CARTESIAN_POINT('',(1.309807621135E1,1.05E1,-1.968653347947E1));
#541=LINE('',#540,#539);
#542=DIRECTION('',(-8.660254037844E-1,0.E0,5.E-1));
#543=VECTOR('',#542,3.E0);
#544=CARTESIAN_POINT('',(1.05E1,1.05E1,-2.118653347947E1));
#545=LINE('',#544,#543);
#546=DIRECTION('',(0.E0,0.E0,1.E0));
#547=VECTOR('',#546,3.E0);
#548=CARTESIAN_POINT('',(9.019237886467E-1,1.05E1,-1.968653347947E1));
#549=LINE('',#548,#547);
#550=DIRECTION('',(8.660254037844E-1,0.E0,5.E-1));
#551=VECTOR('',#550,3.E0);
#552=CARTESIAN_POINT('',(9.019237886467E-1,1.05E1,-1.668653347947E1));
#553=LINE('',#552,#551);
#554=DIRECTION('',(8.660254037844E-1,0.E0,-5.E-1));
#555=VECTOR('',#554,3.E0);
#556=CARTESIAN_POINT('',(3.5E0,1.05E1,-1.518653347947E1));
#557=LINE('',#556,#555);
#558=DIRECTION('',(0.E0,0.E0,-1.E0));
#559=VECTOR('',#558,3.E0);
#560=CARTESIAN_POINT('',(6.098076211353E0,1.05E1,-1.668653347947E1));
#561=LINE('',#560,#559);
#562=DIRECTION('',(-8.660254037844E-1,0.E0,-5.E-1));
#563=VECTOR('',#562,3.E0);
#564=CARTESIAN_POINT('',(6.098076211353E0,1.05E1,-1.968653347947E1));
#565=LINE('',#564,#563);
#566=DIRECTION('',(-8.660254037844E-1,0.E0,5.E-1));
#567=VECTOR('',#566,3.E0);
#568=CARTESIAN_POINT('',(3.5E0,1.05E1,-2.118653347947E1));
#569=LINE('',#568,#567);
#570=DIRECTION('',(0.E0,0.E0,1.E0));
#571=VECTOR('',#570,3.E0);
#572=CARTESIAN_POINT('',(-6.098076211353E0,1.05E1,-1.968653347947E1));
#573=LINE('',#572,#571);
#574=DIRECTION('',(8.660254037844E-1,0.E0,5.E-1));
#575=VECTOR('',#574,3.E0);
#576=CARTESIAN_POINT('',(-6.098076211353E0,1.05E1,-1.668653347947E1));
#577=LINE('',#576,#575);
#578=DIRECTION('',(8.660254037844E-1,0.E0,-5.E-1));
#579=VECTOR('',#578,3.E0);
#580=CARTESIAN_POINT('',(-3.5E0,1.05E1,-1.518653347947E1));
#581=LINE('',#580,#579);
#582=DIRECTION('',(0.E0,0.E0,-1.E0));
#583=VECTOR('',#582,3.E0);
#584=CARTESIAN_POINT('',(-9.019237886467E-1,1.05E1,-1.668653347947E1));
#585=LINE('',#584,#583);
#586=DIRECTION('',(-8.660254037844E-1,0.E0,-5.E-1));
#587=VECTOR('',#586,3.E0);
#588=CARTESIAN_POINT('',(-9.019237886467E-1,1.05E1,-1.968653347947E1));
#589=LINE('',#588,#587);
#590=DIRECTION('',(-8.660254037844E-1,0.E0,5.E-1));
#591=VECTOR('',#590,3.E0);
#592=CARTESIAN_POINT('',(-3.5E0,1.05E1,-2.118653347947E1));
#593=LINE('',#592,#591);
#594=DIRECTION('',(0.E0,0.E0,1.E0));
#595=VECTOR('',#594,3.E0);
#596=CARTESIAN_POINT('',(-1.309807621135E1,1.05E1,-1.968653347947E1));
#597=LINE('',#596,#595);
#598=DIRECTION('',(8.660254037844E-1,0.E0,5.E-1));
#599=VECTOR('',#598,3.E0);
#600=CARTESIAN_POINT('',(-1.309807621135E1,1.05E1,-1.668653347947E1));
#601=LINE('',#600,#599);
#602=DIRECTION('',(8.660254037844E-1,0.E0,-5.E-1));
#603=VECTOR('',#602,3.E0);
#604=CARTESIAN_POINT('',(-1.05E1,1.05E1,-1.518653347947E1));
#605=LINE('',#604,#603);
#606=DIRECTION('',(0.E0,0.E0,-1.E0));
#607=VECTOR('',#606,3.E0);
#608=CARTESIAN_POINT('',(-7.901923788647E0,1.05E1,-1.668653347947E1));
#609=LINE('',#608,#607);
#610=DIRECTION('',(-8.660254037844E-1,0.E0,-5.E-1));
#611=VECTOR('',#610,3.E0);
#612=CARTESIAN_POINT('',(-7.901923788647E0,1.05E1,-1.968653347947E1));
#613=LINE('',#612,#611);
#614=DIRECTION('',(-8.660254037844E-1,0.E0,5.E-1));
#615=VECTOR('',#614,3.E0);
#616=CARTESIAN_POINT('',(-1.05E1,1.05E1,-2.118653347947E1));
#617=LINE('',#616,#615);
#618=DIRECTION('',(0.E0,0.E0,1.E0));
#619=VECTOR('',#618,3.E0);
#620=CARTESIAN_POINT('',(-1.659807621135E1,1.05E1,-1.362435565298E1));
#621=LINE('',#620,#619);
#622=DIRECTION('',(8.660254037844E-1,0.E0,5.E-1));
#623=VECTOR('',#622,3.E0);
#624=CARTESIAN_POINT('',(-1.659807621135E1,1.05E1,-1.062435565298E1));
#625=LINE('',#624,#623);
#626=DIRECTION('',(8.660254037844E-1,0.E0,-5.E-1));
#627=VECTOR('',#626,3.E0);
#628=CARTESIAN_POINT('',(-1.4E1,1.05E1,-9.124355652982E0));
#629=LINE('',#628,#627);
#630=DIRECTION('',(0.E0,0.E0,-1.E0));
#631=VECTOR('',#630,3.E0);
#632=CARTESIAN_POINT('',(-1.140192378865E1,1.05E1,-1.062435565298E1));
#633=LINE('',#632,#631);
#634=DIRECTION('',(-8.660254037844E-1,0.E0,-5.E-1));
#635=VECTOR('',#634,3.E0);
#636=CARTESIAN_POINT('',(-1.140192378865E1,1.05E1,-1.362435565298E1));
#637=LINE('',#636,#635);
#638=DIRECTION('',(-8.660254037844E-1,0.E0,5.E-1));
#639=VECTOR('',#638,3.E0);
#640=CARTESIAN_POINT('',(-1.4E1,1.05E1,-1.512435565298E1));
#641=LINE('',#640,#639);
#642=DIRECTION('',(0.E0,0.E0,1.E0));
#643=VECTOR('',#642,3.E0);
#644=CARTESIAN_POINT('',(-2.009807621135E1,1.05E1,-7.562177826491E0));
#645=LINE('',#644,#643);
#646=DIRECTION('',(8.660254037844E-1,0.E0,5.E-1));
#647=VECTOR('',#646,3.E0);
#648=CARTESIAN_POINT('',(-2.009807621135E1,1.05E1,-4.562177826491E0));
#649=LINE('',#648,#647);
#650=DIRECTION('',(8.660254037844E-1,0.E0,-5.E-1));
#651=VECTOR('',#650,3.E0);
#652=CARTESIAN_POINT('',(-1.75E1,1.05E1,-3.062177826491E0));
#653=LINE('',#652,#651);
#654=DIRECTION('',(0.E0,0.E0,-1.E0));
#655=VECTOR('',#654,3.E0);
#656=CARTESIAN_POINT('',(-1.490192378865E1,1.05E1,-4.562177826491E0));
#657=LINE('',#656,#655);
#658=DIRECTION('',(-8.660254037844E-1,0.E0,-5.E-1));
#659=VECTOR('',#658,3.E0);
#660=CARTESIAN_POINT('',(-1.490192378865E1,1.05E1,-7.562177826491E0));
#661=LINE('',#660,#659);
#662=DIRECTION('',(-8.660254037844E-1,0.E0,5.E-1));
#663=VECTOR('',#662,3.E0);
#664=CARTESIAN_POINT('',(-1.75E1,1.05E1,-9.062177826491E0));
#665=LINE('',#664,#663);
#666=DIRECTION('',(0.E0,0.E0,1.E0));
#667=VECTOR('',#666,3.E0);
#668=CARTESIAN_POINT('',(-2.359807621135E1,1.05E1,-1.5E0));
#669=LINE('',#668,#667);
#670=DIRECTION('',(8.660254037844E-1,0.E0,5.E-1));
#671=VECTOR('',#670,3.E0);
#672=CARTESIAN_POINT('',(-2.359807621135E1,1.05E1,1.5E0));
#673=LINE('',#672,#671);
#674=DIRECTION('',(8.660254037844E-1,0.E0,-5.E-1));
#675=VECTOR('',#674,3.E0);
#676=CARTESIAN_POINT('',(-2.1E1,1.05E1,3.E0));
#677=LINE('',#676,#675);
#678=DIRECTION('',(0.E0,0.E0,-1.E0));
#679=VECTOR('',#678,3.E0);
#680=CARTESIAN_POINT('',(-1.840192378865E1,1.05E1,1.5E0));
#681=LINE('',#680,#679);
#682=DIRECTION('',(-8.660254037844E-1,0.E0,-5.E-1));
#683=VECTOR('',#682,3.E0);
#684=CARTESIAN_POINT('',(-1.840192378865E1,1.05E1,-1.5E0));
#685=LINE('',#684,#683);
#686=DIRECTION('',(-8.660254037844E-1,0.E0,5.E-1));
#687=VECTOR('',#686,3.E0);
#688=CARTESIAN_POINT('',(-2.1E1,1.05E1,-3.E0));
#689=LINE('',#688,#687);
#690=DIRECTION('',(0.E0,0.E0,1.E0));
#691=VECTOR('',#690,3.E0);
#692=CARTESIAN_POINT('',(-2.009807621135E1,1.05E1,4.562177826491E0));
#693=LINE('',#692,#691);
#694=DIRECTION('',(8.660254037844E-1,0.E0,5.E-1));
#695=VECTOR('',#694,3.E0);
#696=CARTESIAN_POINT('',(-2.009807621135E1,1.05E1,7.562177826491E0));
#697=LINE('',#696,#695);
#698=DIRECTION('',(8.660254037844E-1,0.E0,-5.E-1));
#699=VECTOR('',#698,3.E0);
#700=CARTESIAN_POINT('',(-1.75E1,1.05E1,9.062177826491E0));
#701=LINE('',#700,#699);
#702=DIRECTION('',(0.E0,0.E0,-1.E0));
#703=VECTOR('',#702,3.E0);
#704=CARTESIAN_POINT('',(-1.490192378865E1,1.05E1,7.562177826491E0));
#705=LINE('',#704,#703);
#706=DIRECTION('',(-8.660254037844E-1,0.E0,-5.E-1));
#707=VECTOR('',#706,3.E0);
#708=CARTESIAN_POINT('',(-1.490192378865E1,1.05E1,4.562177826491E0));
#709=LINE('',#708,#707);
#710=DIRECTION('',(-8.660254037844E-1,0.E0,5.E-1));
#711=VECTOR('',#710,3.E0);
#712=CARTESIAN_POINT('',(-1.75E1,1.05E1,3.062177826491E0));
#713=LINE('',#712,#711);
#714=DIRECTION('',(0.E0,0.E0,1.E0));
#715=VECTOR('',#714,3.E0);
#716=CARTESIAN_POINT('',(-1.659807621135E1,1.05E1,1.062435565298E1));
#717=LINE('',#716,#715);
#718=DIRECTION('',(8.660254037844E-1,0.E0,5.E-1));
#719=VECTOR('',#718,3.E0);
#720=CARTESIAN_POINT('',(-1.659807621135E1,1.05E1,1.362435565298E1));
#721=LINE('',#720,#719);
#722=DIRECTION('',(8.660254037844E-1,0.E0,-5.E-1));
#723=VECTOR('',#722,3.E0);
#724=CARTESIAN_POINT('',(-1.4E1,1.05E1,1.512435565298E1));
#725=LINE('',#724,#723);
#726=DIRECTION('',(0.E0,0.E0,-1.E0));
#727=VECTOR('',#726,3.E0);
#728=CARTESIAN_POINT('',(-1.140192378865E1,1.05E1,1.362435565298E1));
#729=LINE('',#728,#727);
#730=DIRECTION('',(-8.660254037844E-1,0.E0,-5.E-1));
#731=VECTOR('',#730,3.E0);
#732=CARTESIAN_POINT('',(-1.140192378865E1,1.05E1,1.062435565298E1));
#733=LINE('',#732,#731);
#734=DIRECTION('',(-8.660254037844E-1,0.E0,5.E-1));
#735=VECTOR('',#734,3.E0);
#736=CARTESIAN_POINT('',(-1.4E1,1.05E1,9.124355652982E0));
#737=LINE('',#736,#735);
#738=DIRECTION('',(0.E0,0.E0,1.E0));
#739=VECTOR('',#738,3.E0);
#740=CARTESIAN_POINT('',(-1.309807621135E1,1.05E1,1.668653347947E1));
#741=LINE('',#740,#739);
#742=DIRECTION('',(8.660254037844E-1,0.E0,5.E-1));
#743=VECTOR('',#742,3.E0);
#744=CARTESIAN_POINT('',(-1.309807621135E1,1.05E1,1.968653347947E1));
#745=LINE('',#744,#743);
#746=DIRECTION('',(8.660254037844E-1,0.E0,-5.E-1));
#747=VECTOR('',#746,3.E0);
#748=CARTESIAN_POINT('',(-1.05E1,1.05E1,2.118653347947E1));
#749=LINE('',#748,#747);
#750=DIRECTION('',(0.E0,0.E0,-1.E0));
#751=VECTOR('',#750,3.E0);
#752=CARTESIAN_POINT('',(-7.901923788647E0,1.05E1,1.968653347947E1));
#753=LINE('',#752,#751);
#754=DIRECTION('',(-8.660254037844E-1,0.E0,-5.E-1));
#755=VECTOR('',#754,3.E0);
#756=CARTESIAN_POINT('',(-7.901923788647E0,1.05E1,1.668653347947E1));
#757=LINE('',#756,#755);
#758=DIRECTION('',(-8.660254037844E-1,0.E0,5.E-1));
#759=VECTOR('',#758,3.E0);
#760=CARTESIAN_POINT('',(-1.05E1,1.05E1,1.518653347947E1));
#761=LINE('',#760,#759);
#762=DIRECTION('',(0.E0,0.E0,1.E0));
#763=VECTOR('',#762,3.E0);
#764=CARTESIAN_POINT('',(-6.098076211353E0,1.05E1,1.668653347947E1));
#765=LINE('',#764,#763);
#766=DIRECTION('',(8.660254037844E-1,0.E0,5.E-1));
#767=VECTOR('',#766,3.E0);
#768=CARTESIAN_POINT('',(-6.098076211353E0,1.05E1,1.968653347947E1));
#769=LINE('',#768,#767);
#770=DIRECTION('',(8.660254037844E-1,0.E0,-5.E-1));
#771=VECTOR('',#770,3.E0);
#772=CARTESIAN_POINT('',(-3.5E0,1.05E1,2.118653347947E1));
#773=LINE('',#772,#771);
#774=DIRECTION('',(0.E0,0.E0,-1.E0));
#775=VECTOR('',#774,3.E0);
#776=CARTESIAN_POINT('',(-9.019237886467E-1,1.05E1,1.968653347947E1));
#777=LINE('',#776,#775);
#778=DIRECTION('',(-8.660254037844E-1,0.E0,-5.E-1));
#779=VECTOR('',#778,3.E0);
#780=CARTESIAN_POINT('',(-9.019237886467E-1,1.05E1,1.668653347947E1));
#781=LINE('',#780,#779);
#782=DIRECTION('',(-8.660254037844E-1,0.E0,5.E-1));
#783=VECTOR('',#782,3.E0);
#784=CARTESIAN_POINT('',(-3.5E0,1.05E1,1.518653347947E1));
#785=LINE('',#784,#783);
#786=DIRECTION('',(0.E0,0.E0,1.E0));
#787=VECTOR('',#786,3.E0);
#788=CARTESIAN_POINT('',(9.019237886467E-1,1.05E1,1.668653347947E1));
#789=LINE('',#788,#787);
#790=DIRECTION('',(8.660254037844E-1,0.E0,5.E-1));
#791=VECTOR('',#790,3.E0);
#792=CARTESIAN_POINT('',(9.019237886467E-1,1.05E1,1.968653347947E1));
#793=LINE('',#792,#791);
#794=DIRECTION('',(8.660254037844E-1,0.E0,-5.E-1));
#795=VECTOR('',#794,3.E0);
#796=CARTESIAN_POINT('',(3.5E0,1.05E1,2.118653347947E1));
#797=LINE('',#796,#795);
#798=DIRECTION('',(0.E0,0.E0,-1.E0));
#799=VECTOR('',#798,3.E0);
#800=CARTESIAN_POINT('',(6.098076211353E0,1.05E1,1.968653347947E1));
#801=LINE('',#800,#799);
#802=DIRECTION('',(-8.660254037844E-1,0.E0,-5.E-1));
#803=VECTOR('',#802,3.E0);
#804=CARTESIAN_POINT('',(6.098076211353E0,1.05E1,1.668653347947E1));
#805=LINE('',#804,#803);
#806=DIRECTION('',(-8.660254037844E-1,0.E0,5.E-1));
#807=VECTOR('',#806,3.E0);
#808=CARTESIAN_POINT('',(3.5E0,1.05E1,1.518653347947E1));
#809=LINE('',#808,#807);
#810=DIRECTION('',(0.E0,0.E0,1.E0));
#811=VECTOR('',#810,3.E0);
#812=CARTESIAN_POINT('',(7.901923788647E0,1.05E1,1.668653347947E1));
#813=LINE('',#812,#811);
#814=DIRECTION('',(8.660254037844E-1,0.E0,5.E-1));
#815=VECTOR('',#814,3.E0);
#816=CARTESIAN_POINT('',(7.901923788647E0,1.05E1,1.968653347947E1));
#817=LINE('',#816,#815);
#818=DIRECTION('',(8.660254037844E-1,0.E0,-5.E-1));
#819=VECTOR('',#818,3.E0);
#820=CARTESIAN_POINT('',(1.05E1,1.05E1,2.118653347947E1));
#821=LINE('',#820,#819);
#822=DIRECTION('',(0.E0,0.E0,-1.E0));
#823=VECTOR('',#822,3.E0);
#824=CARTESIAN_POINT('',(1.309807621135E1,1.05E1,1.968653347947E1));
#825=LINE('',#824,#823);
#826=DIRECTION('',(-8.660254037844E-1,0.E0,-5.E-1));
#827=VECTOR('',#826,3.E0);
#828=CARTESIAN_POINT('',(1.309807621135E1,1.05E1,1.668653347947E1));
#829=LINE('',#828,#827);
#830=DIRECTION('',(-8.660254037844E-1,0.E0,5.E-1));
#831=VECTOR('',#830,3.E0);
#832=CARTESIAN_POINT('',(1.05E1,1.05E1,1.518653347947E1));
#833=LINE('',#832,#831);
#834=DIRECTION('',(0.E0,0.E0,1.E0));
#835=VECTOR('',#834,3.E0);
#836=CARTESIAN_POINT('',(4.401923788647E0,1.05E1,-2.574871130596E1));
#837=LINE('',#836,#835);
#838=DIRECTION('',(8.660254037844E-1,0.E0,5.E-1));
#839=VECTOR('',#838,3.E0);
#840=CARTESIAN_POINT('',(4.401923788647E0,1.05E1,-2.274871130596E1));
#841=LINE('',#840,#839);
#842=DIRECTION('',(8.660254037844E-1,0.E0,-5.E-1));
#843=VECTOR('',#842,3.E0);
#844=CARTESIAN_POINT('',(7.E0,1.05E1,-2.124871130596E1));
#845=LINE('',#844,#843);
#846=DIRECTION('',(0.E0,0.E0,-1.E0));
#847=VECTOR('',#846,3.E0);
#848=CARTESIAN_POINT('',(9.598076211353E0,1.05E1,-2.274871130596E1));
#849=LINE('',#848,#847);
#850=DIRECTION('',(-8.660254037844E-1,0.E0,-5.E-1));
#851=VECTOR('',#850,3.E0);
#852=CARTESIAN_POINT('',(9.598076211353E0,1.05E1,-2.574871130596E1));
#853=LINE('',#852,#851);
#854=DIRECTION('',(-8.660254037844E-1,0.E0,5.E-1));
#855=VECTOR('',#854,3.E0);
#856=CARTESIAN_POINT('',(7.E0,1.05E1,-2.724871130596E1));
#857=LINE('',#856,#855);
#858=DIRECTION('',(0.E0,0.E0,1.E0));
#859=VECTOR('',#858,3.E0);
#860=CARTESIAN_POINT('',(-2.598076211353E0,1.05E1,-2.574871130596E1));
#861=LINE('',#860,#859);
#862=DIRECTION('',(8.660254037844E-1,0.E0,5.E-1));
#863=VECTOR('',#862,3.E0);
#864=CARTESIAN_POINT('',(-2.598076211353E0,1.05E1,-2.274871130596E1));
#865=LINE('',#864,#863);
#866=DIRECTION('',(8.660254037844E-1,0.E0,-5.E-1));
#867=VECTOR('',#866,3.E0);
#868=CARTESIAN_POINT('',(0.E0,1.05E1,-2.124871130596E1));
#869=LINE('',#868,#867);
#870=DIRECTION('',(0.E0,0.E0,-1.E0));
#871=VECTOR('',#870,3.E0);
#872=CARTESIAN_POINT('',(2.598076211353E0,1.05E1,-2.274871130596E1));
#873=LINE('',#872,#871);
#874=DIRECTION('',(-8.660254037844E-1,0.E0,-5.E-1));
#875=VECTOR('',#874,3.E0);
#876=CARTESIAN_POINT('',(2.598076211353E0,1.05E1,-2.574871130596E1));
#877=LINE('',#876,#875);
#878=DIRECTION('',(-8.660254037844E-1,0.E0,5.E-1));
#879=VECTOR('',#878,3.E0);
#880=CARTESIAN_POINT('',(0.E0,1.05E1,-2.724871130596E1));
#881=LINE('',#880,#879);
#882=DIRECTION('',(0.E0,0.E0,1.E0));
#883=VECTOR('',#882,3.E0);
#884=CARTESIAN_POINT('',(-9.598076211353E0,1.05E1,-2.574871130596E1));
#885=LINE('',#884,#883);
#886=DIRECTION('',(8.660254037844E-1,0.E0,5.E-1));
#887=VECTOR('',#886,3.E0);
#888=CARTESIAN_POINT('',(-9.598076211353E0,1.05E1,-2.274871130596E1));
#889=LINE('',#888,#887);
#890=DIRECTION('',(8.660254037844E-1,0.E0,-5.E-1));
#891=VECTOR('',#890,3.E0);
#892=CARTESIAN_POINT('',(-7.E0,1.05E1,-2.124871130596E1));
#893=LINE('',#892,#891);
#894=DIRECTION('',(0.E0,0.E0,-1.E0));
#895=VECTOR('',#894,3.E0);
#896=CARTESIAN_POINT('',(-4.401923788647E0,1.05E1,-2.274871130596E1));
#897=LINE('',#896,#895);
#898=DIRECTION('',(-8.660254037844E-1,0.E0,-5.E-1));
#899=VECTOR('',#898,3.E0);
#900=CARTESIAN_POINT('',(-4.401923788647E0,1.05E1,-2.574871130596E1));
#901=LINE('',#900,#899);
#902=DIRECTION('',(-8.660254037844E-1,0.E0,5.E-1));
#903=VECTOR('',#902,3.E0);
#904=CARTESIAN_POINT('',(-7.E0,1.05E1,-2.724871130596E1));
#905=LINE('',#904,#903);
#906=DIRECTION('',(0.E0,0.E0,1.E0));
#907=VECTOR('',#906,3.E0);
#908=CARTESIAN_POINT('',(-1.659807621135E1,1.05E1,-2.574871130596E1));
#909=LINE('',#908,#907);
#910=DIRECTION('',(8.660254037844E-1,0.E0,5.E-1));
#911=VECTOR('',#910,3.E0);
#912=CARTESIAN_POINT('',(-1.659807621135E1,1.05E1,-2.274871130596E1));
#913=LINE('',#912,#911);
#914=DIRECTION('',(8.660254037844E-1,0.E0,-5.E-1));
#915=VECTOR('',#914,3.E0);
#916=CARTESIAN_POINT('',(-1.4E1,1.05E1,-2.124871130596E1));
#917=LINE('',#916,#915);
#918=DIRECTION('',(0.E0,0.E0,-1.E0));
#919=VECTOR('',#918,3.E0);
#920=CARTESIAN_POINT('',(-1.140192378865E1,1.05E1,-2.274871130596E1));
#921=LINE('',#920,#919);
#922=DIRECTION('',(-8.660254037844E-1,0.E0,-5.E-1));
#923=VECTOR('',#922,3.E0);
#924=CARTESIAN_POINT('',(-1.140192378865E1,1.05E1,-2.574871130596E1));
#925=LINE('',#924,#923);
#926=DIRECTION('',(-8.660254037844E-1,0.E0,5.E-1));
#927=VECTOR('',#926,3.E0);
#928=CARTESIAN_POINT('',(-1.4E1,1.05E1,-2.724871130596E1));
#929=LINE('',#928,#927);
#930=DIRECTION('',(0.E0,0.E0,1.E0));
#931=VECTOR('',#930,3.E0);
#932=CARTESIAN_POINT('',(-2.009807621135E1,1.05E1,-1.968653347947E1));
#933=LINE('',#932,#931);
#934=DIRECTION('',(8.660254037844E-1,0.E0,5.E-1));
#935=VECTOR('',#934,3.E0);
#936=CARTESIAN_POINT('',(-2.009807621135E1,1.05E1,-1.668653347947E1));
#937=LINE('',#936,#935);
#938=DIRECTION('',(8.660254037844E-1,0.E0,-5.E-1));
#939=VECTOR('',#938,3.E0);
#940=CARTESIAN_POINT('',(-1.75E1,1.05E1,-1.518653347947E1));
#941=LINE('',#940,#939);
#942=DIRECTION('',(0.E0,0.E0,-1.E0));
#943=VECTOR('',#942,3.E0);
#944=CARTESIAN_POINT('',(-1.490192378865E1,1.05E1,-1.668653347947E1));
#945=LINE('',#944,#943);
#946=DIRECTION('',(-8.660254037844E-1,0.E0,-5.E-1));
#947=VECTOR('',#946,3.E0);
#948=CARTESIAN_POINT('',(-1.490192378865E1,1.05E1,-1.968653347947E1));
#949=LINE('',#948,#947);
#950=DIRECTION('',(-8.660254037844E-1,0.E0,5.E-1));
#951=VECTOR('',#950,3.E0);
#952=CARTESIAN_POINT('',(-1.75E1,1.05E1,-2.118653347947E1));
#953=LINE('',#952,#951);
#954=DIRECTION('',(0.E0,0.E0,1.E0));
#955=VECTOR('',#954,3.E0);
#956=CARTESIAN_POINT('',(-2.359807621135E1,1.05E1,-1.362435565298E1));
#957=LINE('',#956,#955);
#958=DIRECTION('',(8.660254037844E-1,0.E0,5.E-1));
#959=VECTOR('',#958,3.E0);
#960=CARTESIAN_POINT('',(-2.359807621135E1,1.05E1,-1.062435565298E1));
#961=LINE('',#960,#959);
#962=DIRECTION('',(8.660254037844E-1,0.E0,-5.E-1));
#963=VECTOR('',#962,3.E0);
#964=CARTESIAN_POINT('',(-2.1E1,1.05E1,-9.124355652982E0));
#965=LINE('',#964,#963);
#966=DIRECTION('',(0.E0,0.E0,-1.E0));
#967=VECTOR('',#966,3.E0);
#968=CARTESIAN_POINT('',(-1.840192378865E1,1.05E1,-1.062435565298E1));
#969=LINE('',#968,#967);
#970=DIRECTION('',(-8.660254037844E-1,0.E0,-5.E-1));
#971=VECTOR('',#970,3.E0);
#972=CARTESIAN_POINT('',(-1.840192378865E1,1.05E1,-1.362435565298E1));
#973=LINE('',#972,#971);
#974=DIRECTION('',(-8.660254037844E-1,0.E0,5.E-1));
#975=VECTOR('',#974,3.E0);
#976=CARTESIAN_POINT('',(-2.1E1,1.05E1,-1.512435565298E1));
#977=LINE('',#976,#975);
#978=DIRECTION('',(0.E0,0.E0,1.E0));
#979=VECTOR('',#978,3.E0);
#980=CARTESIAN_POINT('',(-2.709807621135E1,1.05E1,-7.562177826491E0));
#981=LINE('',#980,#979);
#982=DIRECTION('',(8.660254037844E-1,0.E0,5.E-1));
#983=VECTOR('',#982,3.E0);
#984=CARTESIAN_POINT('',(-2.709807621135E1,1.05E1,-4.562177826491E0));
#985=LINE('',#984,#983);
#986=DIRECTION('',(8.660254037844E-1,0.E0,-5.E-1));
#987=VECTOR('',#986,3.E0);
#988=CARTESIAN_POINT('',(-2.45E1,1.05E1,-3.062177826491E0));
#989=LINE('',#988,#987);
#990=DIRECTION('',(0.E0,0.E0,-1.E0));
#991=VECTOR('',#990,3.E0);
#992=CARTESIAN_POINT('',(-2.190192378865E1,1.05E1,-4.562177826491E0));
#993=LINE('',#992,#991);
#994=DIRECTION('',(-8.660254037844E-1,0.E0,-5.E-1));
#995=VECTOR('',#994,3.E0);
#996=CARTESIAN_POINT('',(-2.190192378865E1,1.05E1,-7.562177826491E0));
#997=LINE('',#996,#995);
#998=DIRECTION('',(-8.660254037844E-1,0.E0,5.E-1));
#999=VECTOR('',#998,3.E0);
#1000=CARTESIAN_POINT('',(-2.45E1,1.05E1,-9.062177826491E0));
#1001=LINE('',#1000,#999);
#1002=DIRECTION('',(0.E0,0.E0,1.E0));
#1003=VECTOR('',#1002,3.E0);
#1004=CARTESIAN_POINT('',(-3.059807621135E1,1.05E1,-1.5E0));
#1005=LINE('',#1004,#1003);
#1006=DIRECTION('',(8.660254037844E-1,0.E0,5.E-1));
#1007=VECTOR('',#1006,3.E0);
#1008=CARTESIAN_POINT('',(-3.059807621135E1,1.05E1,1.5E0));
#1009=LINE('',#1008,#1007);
#1010=DIRECTION('',(8.660254037844E-1,0.E0,-5.E-1));
#1011=VECTOR('',#1010,3.E0);
#1012=CARTESIAN_POINT('',(-2.8E1,1.05E1,3.E0));
#1013=LINE('',#1012,#1011);
#1014=DIRECTION('',(0.E0,0.E0,-1.E0));
#1015=VECTOR('',#1014,3.E0);
#1016=CARTESIAN_POINT('',(-2.540192378865E1,1.05E1,1.5E0));
#1017=LINE('',#1016,#1015);
#1018=DIRECTION('',(-8.660254037844E-1,0.E0,-5.E-1));
#1019=VECTOR('',#1018,3.E0);
#1020=CARTESIAN_POINT('',(-2.540192378865E1,1.05E1,-1.5E0));
#1021=LINE('',#1020,#1019);
#1022=DIRECTION('',(-8.660254037844E-1,0.E0,5.E-1));
#1023=VECTOR('',#1022,3.E0);
#1024=CARTESIAN_POINT('',(-2.8E1,1.05E1,-3.E0));
#1025=LINE('',#1024,#1023);
#1026=DIRECTION('',(0.E0,0.E0,1.E0));
#1027=VECTOR('',#1026,3.E0);
#1028=CARTESIAN_POINT('',(-2.709807621135E1,1.05E1,4.562177826491E0));
#1029=LINE('',#1028,#1027);
#1030=DIRECTION('',(8.660254037844E-1,0.E0,5.E-1));
#1031=VECTOR('',#1030,3.E0);
#1032=CARTESIAN_POINT('',(-2.709807621135E1,1.05E1,7.562177826491E0));
#1033=LINE('',#1032,#1031);
#1034=DIRECTION('',(8.660254037844E-1,0.E0,-5.E-1));
#1035=VECTOR('',#1034,3.E0);
#1036=CARTESIAN_POINT('',(-2.45E1,1.05E1,9.062177826491E0));
#1037=LINE('',#1036,#1035);
#1038=DIRECTION('',(0.E0,0.E0,-1.E0));
#1039=VECTOR('',#1038,3.E0);
#1040=CARTESIAN_POINT('',(-2.190192378865E1,1.05E1,7.562177826491E0));
#1041=LINE('',#1040,#1039);
#1042=DIRECTION('',(-8.660254037844E-1,0.E0,-5.E-1));
#1043=VECTOR('',#1042,3.E0);
#1044=CARTESIAN_POINT('',(-2.190192378865E1,1.05E1,4.562177826491E0));
#1045=LINE('',#1044,#1043);
#1046=DIRECTION('',(-8.660254037844E-1,0.E0,5.E-1));
#1047=VECTOR('',#1046,3.E0);
#1048=CARTESIAN_POINT('',(-2.45E1,1.05E1,3.062177826491E0));
#1049=LINE('',#1048,#1047);
#1050=DIRECTION('',(0.E0,0.E0,1.E0));
#1051=VECTOR('',#1050,3.E0);
#1052=CARTESIAN_POINT('',(-2.359807621135E1,1.05E1,1.062435565298E1));
#1053=LINE('',#1052,#1051);
#1054=DIRECTION('',(8.660254037844E-1,0.E0,5.E-1));
#1055=VECTOR('',#1054,3.E0);
#1056=CARTESIAN_POINT('',(-2.359807621135E1,1.05E1,1.362435565298E1));
#1057=LINE('',#1056,#1055);
#1058=DIRECTION('',(8.660254037844E-1,0.E0,-5.E-1));
#1059=VECTOR('',#1058,3.E0);
#1060=CARTESIAN_POINT('',(-2.1E1,1.05E1,1.512435565298E1));
#1061=LINE('',#1060,#1059);
#1062=DIRECTION('',(0.E0,0.E0,-1.E0));
#1063=VECTOR('',#1062,3.E0);
#1064=CARTESIAN_POINT('',(-1.840192378865E1,1.05E1,1.362435565298E1));
#1065=LINE('',#1064,#1063);
#1066=DIRECTION('',(-8.660254037844E-1,0.E0,-5.E-1));
#1067=VECTOR('',#1066,3.E0);
#1068=CARTESIAN_POINT('',(-1.840192378865E1,1.05E1,1.062435565298E1));
#1069=LINE('',#1068,#1067);
#1070=DIRECTION('',(-8.660254037844E-1,0.E0,5.E-1));
#1071=VECTOR('',#1070,3.E0);
#1072=CARTESIAN_POINT('',(-2.1E1,1.05E1,9.124355652982E0));
#1073=LINE('',#1072,#1071);
#1074=DIRECTION('',(0.E0,0.E0,1.E0));
#1075=VECTOR('',#1074,3.E0);
#1076=CARTESIAN_POINT('',(-2.009807621135E1,1.05E1,1.668653347947E1));
#1077=LINE('',#1076,#1075);
#1078=DIRECTION('',(8.660254037844E-1,0.E0,5.E-1));
#1079=VECTOR('',#1078,3.E0);
#1080=CARTESIAN_POINT('',(-2.009807621135E1,1.05E1,1.968653347947E1));
#1081=LINE('',#1080,#1079);
#1082=DIRECTION('',(8.660254037844E-1,0.E0,-5.E-1));
#1083=VECTOR('',#1082,3.E0);
#1084=CARTESIAN_POINT('',(-1.75E1,1.05E1,2.118653347947E1));
#1085=LINE('',#1084,#1083);
#1086=DIRECTION('',(0.E0,0.E0,-1.E0));
#1087=VECTOR('',#1086,3.E0);
#1088=CARTESIAN_POINT('',(-1.490192378865E1,1.05E1,1.968653347947E1));
#1089=LINE('',#1088,#1087);
#1090=DIRECTION('',(-8.660254037844E-1,0.E0,-5.E-1));
#1091=VECTOR('',#1090,3.E0);
#1092=CARTESIAN_POINT('',(-1.490192378865E1,1.05E1,1.668653347947E1));
#1093=LINE('',#1092,#1091);
#1094=DIRECTION('',(-8.660254037844E-1,0.E0,5.E-1));
#1095=VECTOR('',#1094,3.E0);
#1096=CARTESIAN_POINT('',(-1.75E1,1.05E1,1.518653347947E1));
#1097=LINE('',#1096,#1095);
#1098=DIRECTION('',(0.E0,0.E0,1.E0));
#1099=VECTOR('',#1098,3.E0);
#1100=CARTESIAN_POINT('',(-2.359807621135E1,1.05E1,-2.574871130596E1));
#1101=LINE('',#1100,#1099);
#1102=DIRECTION('',(8.660254037844E-1,0.E0,5.E-1));
#1103=VECTOR('',#1102,3.E0);
#1104=CARTESIAN_POINT('',(-2.359807621135E1,1.05E1,-2.274871130596E1));
#1105=LINE('',#1104,#1103);
#1106=DIRECTION('',(8.660254037844E-1,0.E0,-5.E-1));
#1107=VECTOR('',#1106,3.E0);
#1108=CARTESIAN_POINT('',(-2.1E1,1.05E1,-2.124871130596E1));
#1109=LINE('',#1108,#1107);
#1110=DIRECTION('',(0.E0,0.E0,-1.E0));
#1111=VECTOR('',#1110,3.E0);
#1112=CARTESIAN_POINT('',(-1.840192378865E1,1.05E1,-2.274871130596E1));
#1113=LINE('',#1112,#1111);
#1114=DIRECTION('',(-8.660254037844E-1,0.E0,-5.E-1));
#1115=VECTOR('',#1114,3.E0);
#1116=CARTESIAN_POINT('',(-1.840192378865E1,1.05E1,-2.574871130596E1));
#1117=LINE('',#1116,#1115);
#1118=DIRECTION('',(-8.660254037844E-1,0.E0,5.E-1));
#1119=VECTOR('',#1118,3.E0);
#1120=CARTESIAN_POINT('',(-2.1E1,1.05E1,-2.724871130596E1));
#1121=LINE('',#1120,#1119);
#1122=DIRECTION('',(0.E0,0.E0,1.E0));
#1123=VECTOR('',#1122,3.E0);
#1124=CARTESIAN_POINT('',(-2.709807621135E1,1.05E1,-1.968653347947E1));
#1125=LINE('',#1124,#1123);
#1126=DIRECTION('',(8.660254037844E-1,0.E0,5.E-1));
#1127=VECTOR('',#1126,3.E0);
#1128=CARTESIAN_POINT('',(-2.709807621135E1,1.05E1,-1.668653347947E1));
#1129=LINE('',#1128,#1127);
#1130=DIRECTION('',(8.660254037844E-1,0.E0,-5.E-1));
#1131=VECTOR('',#1130,3.E0);
#1132=CARTESIAN_POINT('',(-2.45E1,1.05E1,-1.518653347947E1));
#1133=LINE('',#1132,#1131);
#1134=DIRECTION('',(0.E0,0.E0,-1.E0));
#1135=VECTOR('',#1134,3.E0);
#1136=CARTESIAN_POINT('',(-2.190192378865E1,1.05E1,-1.668653347947E1));
#1137=LINE('',#1136,#1135);
#1138=DIRECTION('',(-8.660254037844E-1,0.E0,-5.E-1));
#1139=VECTOR('',#1138,3.E0);
#1140=CARTESIAN_POINT('',(-2.190192378865E1,1.05E1,-1.968653347947E1));
#1141=LINE('',#1140,#1139);
#1142=DIRECTION('',(-8.660254037844E-1,0.E0,5.E-1));
#1143=VECTOR('',#1142,3.E0);
#1144=CARTESIAN_POINT('',(-2.45E1,1.05E1,-2.118653347947E1));
#1145=LINE('',#1144,#1143);
#1146=DIRECTION('',(0.E0,0.E0,1.E0));
#1147=VECTOR('',#1146,3.E0);
#1148=CARTESIAN_POINT('',(-3.059807621135E1,1.05E1,-1.362435565298E1));
#1149=LINE('',#1148,#1147);
#1150=DIRECTION('',(8.660254037844E-1,0.E0,5.E-1));
#1151=VECTOR('',#1150,3.E0);
#1152=CARTESIAN_POINT('',(-3.059807621135E1,1.05E1,-1.062435565298E1));
#1153=LINE('',#1152,#1151);
#1154=DIRECTION('',(8.660254037844E-1,0.E0,-5.E-1));
#1155=VECTOR('',#1154,3.E0);
#1156=CARTESIAN_POINT('',(-2.8E1,1.05E1,-9.124355652982E0));
#1157=LINE('',#1156,#1155);
#1158=DIRECTION('',(0.E0,0.E0,-1.E0));
#1159=VECTOR('',#1158,3.E0);
#1160=CARTESIAN_POINT('',(-2.540192378865E1,1.05E1,-1.062435565298E1));
#1161=LINE('',#1160,#1159);
#1162=DIRECTION('',(-8.660254037844E-1,0.E0,-5.E-1));
#1163=VECTOR('',#1162,3.E0);
#1164=CARTESIAN_POINT('',(-2.540192378865E1,1.05E1,-1.362435565298E1));
#1165=LINE('',#1164,#1163);
#1166=DIRECTION('',(-8.660254037844E-1,0.E0,5.E-1));
#1167=VECTOR('',#1166,3.E0);
#1168=CARTESIAN_POINT('',(-2.8E1,1.05E1,-1.512435565298E1));
#1169=LINE('',#1168,#1167);
#1170=DIRECTION('',(0.E0,0.E0,1.E0));
#1171=VECTOR('',#1170,3.E0);
#1172=CARTESIAN_POINT('',(-3.409807621135E1,1.05E1,-7.562177826491E0));
#1173=LINE('',#1172,#1171);
#1174=DIRECTION('',(8.660254037844E-1,0.E0,5.E-1));
#1175=VECTOR('',#1174,3.E0);
#1176=CARTESIAN_POINT('',(-3.409807621135E1,1.05E1,-4.562177826491E0));
#1177=LINE('',#1176,#1175);
#1178=DIRECTION('',(8.660254037844E-1,0.E0,-5.E-1));
#1179=VECTOR('',#1178,3.E0);
#1180=CARTESIAN_POINT('',(-3.15E1,1.05E1,-3.062177826491E0));
#1181=LINE('',#1180,#1179);
#1182=DIRECTION('',(0.E0,0.E0,-1.E0));
#1183=VECTOR('',#1182,3.E0);
#1184=CARTESIAN_POINT('',(-2.890192378865E1,1.05E1,-4.562177826491E0));
#1185=LINE('',#1184,#1183);
#1186=DIRECTION('',(-8.660254037844E-1,0.E0,-5.E-1));
#1187=VECTOR('',#1186,3.E0);
#1188=CARTESIAN_POINT('',(-2.890192378865E1,1.05E1,-7.562177826491E0));
#1189=LINE('',#1188,#1187);
#1190=DIRECTION('',(-8.660254037844E-1,0.E0,5.E-1));
#1191=VECTOR('',#1190,3.E0);
#1192=CARTESIAN_POINT('',(-3.15E1,1.05E1,-9.062177826491E0));
#1193=LINE('',#1192,#1191);
#1194=DIRECTION('',(0.E0,0.E0,1.E0));
#1195=VECTOR('',#1194,3.E0);
#1196=CARTESIAN_POINT('',(-3.759807621135E1,1.05E1,-1.5E0));
#1197=LINE('',#1196,#1195);
#1198=DIRECTION('',(8.660254037844E-1,0.E0,5.E-1));
#1199=VECTOR('',#1198,3.E0);
#1200=CARTESIAN_POINT('',(-3.759807621135E1,1.05E1,1.5E0));
#1201=LINE('',#1200,#1199);
#1202=DIRECTION('',(8.660254037844E-1,0.E0,-5.E-1));
#1203=VECTOR('',#1202,3.E0);
#1204=CARTESIAN_POINT('',(-3.5E1,1.05E1,3.E0));
#1205=LINE('',#1204,#1203);
#1206=DIRECTION('',(0.E0,0.E0,-1.E0));
#1207=VECTOR('',#1206,3.E0);
#1208=CARTESIAN_POINT('',(-3.240192378865E1,1.05E1,1.5E0));
#1209=LINE('',#1208,#1207);
#1210=DIRECTION('',(-8.660254037844E-1,0.E0,-5.E-1));
#1211=VECTOR('',#1210,3.E0);
#1212=CARTESIAN_POINT('',(-3.240192378865E1,1.05E1,-1.5E0));
#1213=LINE('',#1212,#1211);
#1214=DIRECTION('',(-8.660254037844E-1,0.E0,5.E-1));
#1215=VECTOR('',#1214,3.E0);
#1216=CARTESIAN_POINT('',(-3.5E1,1.05E1,-3.E0));
#1217=LINE('',#1216,#1215);
#1218=DIRECTION('',(0.E0,0.E0,1.E0));
#1219=VECTOR('',#1218,3.E0);
#1220=CARTESIAN_POINT('',(-3.409807621135E1,1.05E1,4.562177826491E0));
#1221=LINE('',#1220,#1219);
#1222=DIRECTION('',(8.660254037844E-1,0.E0,5.E-1));
#1223=VECTOR('',#1222,3.E0);
#1224=CARTESIAN_POINT('',(-3.409807621135E1,1.05E1,7.562177826491E0));
#1225=LINE('',#1224,#1223);
#1226=DIRECTION('',(8.660254037844E-1,0.E0,-5.E-1));
#1227=VECTOR('',#1226,3.E0);
#1228=CARTESIAN_POINT('',(-3.15E1,1.05E1,9.062177826491E0));
#1229=LINE('',#1228,#1227);
#1230=DIRECTION('',(0.E0,0.E0,-1.E0));
#1231=VECTOR('',#1230,3.E0);
#1232=CARTESIAN_POINT('',(-2.890192378865E1,1.05E1,7.562177826491E0));
#1233=LINE('',#1232,#1231);
#1234=DIRECTION('',(-8.660254037844E-1,0.E0,-5.E-1));
#1235=VECTOR('',#1234,3.E0);
#1236=CARTESIAN_POINT('',(-2.890192378865E1,1.05E1,4.562177826491E0));
#1237=LINE('',#1236,#1235);
#1238=DIRECTION('',(-8.660254037844E-1,0.E0,5.E-1));
#1239=VECTOR('',#1238,3.E0);
#1240=CARTESIAN_POINT('',(-3.15E1,1.05E1,3.062177826491E0));
#1241=LINE('',#1240,#1239);
#1242=DIRECTION('',(0.E0,0.E0,1.E0));
#1243=VECTOR('',#1242,3.E0);
#1244=CARTESIAN_POINT('',(-3.059807621135E1,1.05E1,1.062435565298E1));
#1245=LINE('',#1244,#1243);
#1246=DIRECTION('',(8.660254037844E-1,0.E0,5.E-1));
#1247=VECTOR('',#1246,3.E0);
#1248=CARTESIAN_POINT('',(-3.059807621135E1,1.05E1,1.362435565298E1));
#1249=LINE('',#1248,#1247);
#1250=DIRECTION('',(8.660254037844E-1,0.E0,-5.E-1));
#1251=VECTOR('',#1250,3.E0);
#1252=CARTESIAN_POINT('',(-2.8E1,1.05E1,1.512435565298E1));
#1253=LINE('',#1252,#1251);
#1254=DIRECTION('',(0.E0,0.E0,-1.E0));
#1255=VECTOR('',#1254,3.E0);
#1256=CARTESIAN_POINT('',(-2.540192378865E1,1.05E1,1.362435565298E1));
#1257=LINE('',#1256,#1255);
#1258=DIRECTION('',(-8.660254037844E-1,0.E0,-5.E-1));
#1259=VECTOR('',#1258,3.E0);
#1260=CARTESIAN_POINT('',(-2.540192378865E1,1.05E1,1.062435565298E1));
#1261=LINE('',#1260,#1259);
#1262=DIRECTION('',(-8.660254037844E-1,0.E0,5.E-1));
#1263=VECTOR('',#1262,3.E0);
#1264=CARTESIAN_POINT('',(-2.8E1,1.05E1,9.124355652982E0));
#1265=LINE('',#1264,#1263);
#1266=DIRECTION('',(0.E0,0.E0,1.E0));
#1267=VECTOR('',#1266,3.E0);
#1268=CARTESIAN_POINT('',(-2.709807621135E1,1.05E1,1.668653347947E1));
#1269=LINE('',#1268,#1267);
#1270=DIRECTION('',(8.660254037844E-1,0.E0,5.E-1));
#1271=VECTOR('',#1270,3.E0);
#1272=CARTESIAN_POINT('',(-2.709807621135E1,1.05E1,1.968653347947E1));
#1273=LINE('',#1272,#1271);
#1274=DIRECTION('',(8.660254037844E-1,0.E0,-5.E-1));
#1275=VECTOR('',#1274,3.E0);
#1276=CARTESIAN_POINT('',(-2.45E1,1.05E1,2.118653347947E1));
#1277=LINE('',#1276,#1275);
#1278=DIRECTION('',(0.E0,0.E0,-1.E0));
#1279=VECTOR('',#1278,3.E0);
#1280=CARTESIAN_POINT('',(-2.190192378865E1,1.05E1,1.968653347947E1));
#1281=LINE('',#1280,#1279);
#1282=DIRECTION('',(-8.660254037844E-1,0.E0,-5.E-1));
#1283=VECTOR('',#1282,3.E0);
#1284=CARTESIAN_POINT('',(-2.190192378865E1,1.05E1,1.668653347947E1));
#1285=LINE('',#1284,#1283);
#1286=DIRECTION('',(-8.660254037844E-1,0.E0,5.E-1));
#1287=VECTOR('',#1286,3.E0);
#1288=CARTESIAN_POINT('',(-2.45E1,1.05E1,1.518653347947E1));
#1289=LINE('',#1288,#1287);
#1290=DIRECTION('',(0.E0,0.E0,1.E0));
#1291=VECTOR('',#1290,3.E0);
#1292=CARTESIAN_POINT('',(-3.059807621135E1,1.05E1,-2.574871130596E1));
#1293=LINE('',#1292,#1291);
#1294=DIRECTION('',(8.660254037844E-1,0.E0,5.E-1));
#1295=VECTOR('',#1294,3.E0);
#1296=CARTESIAN_POINT('',(-3.059807621135E1,1.05E1,-2.274871130596E1));
#1297=LINE('',#1296,#1295);
#1298=DIRECTION('',(8.660254037844E-1,0.E0,-5.E-1));
#1299=VECTOR('',#1298,3.E0);
#1300=CARTESIAN_POINT('',(-2.8E1,1.05E1,-2.124871130596E1));
#1301=LINE('',#1300,#1299);
#1302=DIRECTION('',(0.E0,0.E0,-1.E0));
#1303=VECTOR('',#1302,3.E0);
#1304=CARTESIAN_POINT('',(-2.540192378865E1,1.05E1,-2.274871130596E1));
#1305=LINE('',#1304,#1303);
#1306=DIRECTION('',(-8.660254037844E-1,0.E0,-5.E-1));
#1307=VECTOR('',#1306,3.E0);
#1308=CARTESIAN_POINT('',(-2.540192378865E1,1.05E1,-2.574871130596E1));
#1309=LINE('',#1308,#1307);
#1310=DIRECTION('',(-8.660254037844E-1,0.E0,5.E-1));
#1311=VECTOR('',#1310,3.E0);
#1312=CARTESIAN_POINT('',(-2.8E1,1.05E1,-2.724871130596E1));
#1313=LINE('',#1312,#1311);
#1314=DIRECTION('',(0.E0,0.E0,1.E0));
#1315=VECTOR('',#1314,3.E0);
#1316=CARTESIAN_POINT('',(-3.409807621135E1,1.05E1,-1.968653347947E1));
#1317=LINE('',#1316,#1315);
#1318=DIRECTION('',(8.660254037844E-1,0.E0,5.E-1));
#1319=VECTOR('',#1318,3.E0);
#1320=CARTESIAN_POINT('',(-3.409807621135E1,1.05E1,-1.668653347947E1));
#1321=LINE('',#1320,#1319);
#1322=DIRECTION('',(8.660254037844E-1,0.E0,-5.E-1));
#1323=VECTOR('',#1322,3.E0);
#1324=CARTESIAN_POINT('',(-3.15E1,1.05E1,-1.518653347947E1));
#1325=LINE('',#1324,#1323);
#1326=DIRECTION('',(0.E0,0.E0,-1.E0));
#1327=VECTOR('',#1326,3.E0);
#1328=CARTESIAN_POINT('',(-2.890192378865E1,1.05E1,-1.668653347947E1));
#1329=LINE('',#1328,#1327);
#1330=DIRECTION('',(-8.660254037844E-1,0.E0,-5.E-1));
#1331=VECTOR('',#1330,3.E0);
#1332=CARTESIAN_POINT('',(-2.890192378865E1,1.05E1,-1.968653347947E1));
#1333=LINE('',#1332,#1331);
#1334=DIRECTION('',(-8.660254037844E-1,0.E0,5.E-1));
#1335=VECTOR('',#1334,3.E0);
#1336=CARTESIAN_POINT('',(-3.15E1,1.05E1,-2.118653347947E1));
#1337=LINE('',#1336,#1335);
#1338=DIRECTION('',(0.E0,0.E0,1.E0));
#1339=VECTOR('',#1338,3.E0);
#1340=CARTESIAN_POINT('',(-3.759807621135E1,1.05E1,-1.362435565298E1));
#1341=LINE('',#1340,#1339);
#1342=DIRECTION('',(8.660254037844E-1,0.E0,5.E-1));
#1343=VECTOR('',#1342,3.E0);
#1344=CARTESIAN_POINT('',(-3.759807621135E1,1.05E1,-1.062435565298E1));
#1345=LINE('',#1344,#1343);
#1346=DIRECTION('',(8.660254037844E-1,0.E0,-5.E-1));
#1347=VECTOR('',#1346,3.E0);
#1348=CARTESIAN_POINT('',(-3.5E1,1.05E1,-9.124355652982E0));
#1349=LINE('',#1348,#1347);
#1350=DIRECTION('',(0.E0,0.E0,-1.E0));
#1351=VECTOR('',#1350,3.E0);
#1352=CARTESIAN_POINT('',(-3.240192378865E1,1.05E1,-1.062435565298E1));
#1353=LINE('',#1352,#1351);
#1354=DIRECTION('',(-8.660254037844E-1,0.E0,-5.E-1));
#1355=VECTOR('',#1354,3.E0);
#1356=CARTESIAN_POINT('',(-3.240192378865E1,1.05E1,-1.362435565298E1));
#1357=LINE('',#1356,#1355);
#1358=DIRECTION('',(-8.660254037844E-1,0.E0,5.E-1));
#1359=VECTOR('',#1358,3.E0);
#1360=CARTESIAN_POINT('',(-3.5E1,1.05E1,-1.512435565298E1));
#1361=LINE('',#1360,#1359);
#1362=DIRECTION('',(0.E0,0.E0,1.E0));
#1363=VECTOR('',#1362,3.E0);
#1364=CARTESIAN_POINT('',(-4.109807621135E1,1.05E1,-7.562177826491E0));
#1365=LINE('',#1364,#1363);
#1366=DIRECTION('',(8.660254037844E-1,0.E0,5.E-1));
#1367=VECTOR('',#1366,3.E0);
#1368=CARTESIAN_POINT('',(-4.109807621135E1,1.05E1,-4.562177826491E0));
#1369=LINE('',#1368,#1367);
#1370=DIRECTION('',(8.660254037844E-1,0.E0,-5.E-1));
#1371=VECTOR('',#1370,3.E0);
#1372=CARTESIAN_POINT('',(-3.85E1,1.05E1,-3.062177826491E0));
#1373=LINE('',#1372,#1371);
#1374=DIRECTION('',(0.E0,0.E0,-1.E0));
#1375=VECTOR('',#1374,3.E0);
#1376=CARTESIAN_POINT('',(-3.590192378865E1,1.05E1,-4.562177826491E0));
#1377=LINE('',#1376,#1375);
#1378=DIRECTION('',(-8.660254037844E-1,0.E0,-5.E-1));
#1379=VECTOR('',#1378,3.E0);
#1380=CARTESIAN_POINT('',(-3.590192378865E1,1.05E1,-7.562177826491E0));
#1381=LINE('',#1380,#1379);
#1382=DIRECTION('',(-8.660254037844E-1,0.E0,5.E-1));
#1383=VECTOR('',#1382,3.E0);
#1384=CARTESIAN_POINT('',(-3.85E1,1.05E1,-9.062177826491E0));
#1385=LINE('',#1384,#1383);
#1386=DIRECTION('',(0.E0,0.E0,1.E0));
#1387=VECTOR('',#1386,3.E0);
#1388=CARTESIAN_POINT('',(-4.459807621135E1,1.05E1,-1.5E0));
#1389=LINE('',#1388,#1387);
#1390=DIRECTION('',(8.660254037844E-1,0.E0,5.E-1));
#1391=VECTOR('',#1390,3.E0);
#1392=CARTESIAN_POINT('',(-4.459807621135E1,1.05E1,1.5E0));
#1393=LINE('',#1392,#1391);
#1394=DIRECTION('',(8.660254037844E-1,0.E0,-5.E-1));
#1395=VECTOR('',#1394,3.E0);
#1396=CARTESIAN_POINT('',(-4.2E1,1.05E1,3.E0));
#1397=LINE('',#1396,#1395);
#1398=DIRECTION('',(0.E0,0.E0,-1.E0));
#1399=VECTOR('',#1398,3.E0);
#1400=CARTESIAN_POINT('',(-3.940192378865E1,1.05E1,1.5E0));
#1401=LINE('',#1400,#1399);
#1402=DIRECTION('',(-8.660254037844E-1,0.E0,-5.E-1));
#1403=VECTOR('',#1402,3.E0);
#1404=CARTESIAN_POINT('',(-3.940192378865E1,1.05E1,-1.5E0));
#1405=LINE('',#1404,#1403);
#1406=DIRECTION('',(-8.660254037844E-1,0.E0,5.E-1));
#1407=VECTOR('',#1406,3.E0);
#1408=CARTESIAN_POINT('',(-4.2E1,1.05E1,-3.E0));
#1409=LINE('',#1408,#1407);
#1410=DIRECTION('',(0.E0,0.E0,1.E0));
#1411=VECTOR('',#1410,3.E0);
#1412=CARTESIAN_POINT('',(-4.109807621135E1,1.05E1,4.562177826491E0));
#1413=LINE('',#1412,#1411);
#1414=DIRECTION('',(8.660254037844E-1,0.E0,5.E-1));
#1415=VECTOR('',#1414,3.E0);
#1416=CARTESIAN_POINT('',(-4.109807621135E1,1.05E1,7.562177826491E0));
#1417=LINE('',#1416,#1415);
#1418=DIRECTION('',(8.660254037844E-1,0.E0,-5.E-1));
#1419=VECTOR('',#1418,3.E0);
#1420=CARTESIAN_POINT('',(-3.85E1,1.05E1,9.062177826491E0));
#1421=LINE('',#1420,#1419);
#1422=DIRECTION('',(0.E0,0.E0,-1.E0));
#1423=VECTOR('',#1422,3.E0);
#1424=CARTESIAN_POINT('',(-3.590192378865E1,1.05E1,7.562177826491E0));
#1425=LINE('',#1424,#1423);
#1426=DIRECTION('',(-8.660254037844E-1,0.E0,-5.E-1));
#1427=VECTOR('',#1426,3.E0);
#1428=CARTESIAN_POINT('',(-3.590192378865E1,1.05E1,4.562177826491E0));
#1429=LINE('',#1428,#1427);
#1430=DIRECTION('',(-8.660254037844E-1,0.E0,5.E-1));
#1431=VECTOR('',#1430,3.E0);
#1432=CARTESIAN_POINT('',(-3.85E1,1.05E1,3.062177826491E0));
#1433=LINE('',#1432,#1431);
#1434=DIRECTION('',(0.E0,0.E0,1.E0));
#1435=VECTOR('',#1434,3.E0);
#1436=CARTESIAN_POINT('',(-3.759807621135E1,1.05E1,1.062435565298E1));
#1437=LINE('',#1436,#1435);
#1438=DIRECTION('',(8.660254037844E-1,0.E0,5.E-1));
#1439=VECTOR('',#1438,3.E0);
#1440=CARTESIAN_POINT('',(-3.759807621135E1,1.05E1,1.362435565298E1));
#1441=LINE('',#1440,#1439);
#1442=DIRECTION('',(8.660254037844E-1,0.E0,-5.E-1));
#1443=VECTOR('',#1442,3.E0);
#1444=CARTESIAN_POINT('',(-3.5E1,1.05E1,1.512435565298E1));
#1445=LINE('',#1444,#1443);
#1446=DIRECTION('',(0.E0,0.E0,-1.E0));
#1447=VECTOR('',#1446,3.E0);
#1448=CARTESIAN_POINT('',(-3.240192378865E1,1.05E1,1.362435565298E1));
#1449=LINE('',#1448,#1447);
#1450=DIRECTION('',(-8.660254037844E-1,0.E0,-5.E-1));
#1451=VECTOR('',#1450,3.E0);
#1452=CARTESIAN_POINT('',(-3.240192378865E1,1.05E1,1.062435565298E1));
#1453=LINE('',#1452,#1451);
#1454=DIRECTION('',(-8.660254037844E-1,0.E0,5.E-1));
#1455=VECTOR('',#1454,3.E0);
#1456=CARTESIAN_POINT('',(-3.5E1,1.05E1,9.124355652982E0));
#1457=LINE('',#1456,#1455);
#1458=DIRECTION('',(0.E0,0.E0,1.E0));
#1459=VECTOR('',#1458,3.E0);
#1460=CARTESIAN_POINT('',(-3.409807621135E1,1.05E1,1.668653347947E1));
#1461=LINE('',#1460,#1459);
#1462=DIRECTION('',(8.660254037844E-1,0.E0,5.E-1));
#1463=VECTOR('',#1462,3.E0);
#1464=CARTESIAN_POINT('',(-3.409807621135E1,1.05E1,1.968653347947E1));
#1465=LINE('',#1464,#1463);
#1466=DIRECTION('',(8.660254037844E-1,0.E0,-5.E-1));
#1467=VECTOR('',#1466,3.E0);
#1468=CARTESIAN_POINT('',(-3.15E1,1.05E1,2.118653347947E1));
#1469=LINE('',#1468,#1467);
#1470=DIRECTION('',(0.E0,0.E0,-1.E0));
#1471=VECTOR('',#1470,3.E0);
#1472=CARTESIAN_POINT('',(-2.890192378865E1,1.05E1,1.968653347947E1));
#1473=LINE('',#1472,#1471);
#1474=DIRECTION('',(-8.660254037844E-1,0.E0,-5.E-1));
#1475=VECTOR('',#1474,3.E0);
#1476=CARTESIAN_POINT('',(-2.890192378865E1,1.05E1,1.668653347947E1));
#1477=LINE('',#1476,#1475);
#1478=DIRECTION('',(-8.660254037844E-1,0.E0,5.E-1));
#1479=VECTOR('',#1478,3.E0);
#1480=CARTESIAN_POINT('',(-3.15E1,1.05E1,1.518653347947E1));
#1481=LINE('',#1480,#1479);
#1482=DIRECTION('',(0.E0,0.E0,1.E0));
#1483=VECTOR('',#1482,3.E0);
#1484=CARTESIAN_POINT('',(-3.759807621135E1,1.05E1,-2.574871130596E1));
#1485=LINE('',#1484,#1483);
#1486=DIRECTION('',(8.660254037844E-1,0.E0,5.E-1));
#1487=VECTOR('',#1486,3.E0);
#1488=CARTESIAN_POINT('',(-3.759807621135E1,1.05E1,-2.274871130596E1));
#1489=LINE('',#1488,#1487);
#1490=DIRECTION('',(8.660254037844E-1,0.E0,-5.E-1));
#1491=VECTOR('',#1490,3.E0);
#1492=CARTESIAN_POINT('',(-3.5E1,1.05E1,-2.124871130596E1));
#1493=LINE('',#1492,#1491);
#1494=DIRECTION('',(0.E0,0.E0,-1.E0));
#1495=VECTOR('',#1494,3.E0);
#1496=CARTESIAN_POINT('',(-3.240192378865E1,1.05E1,-2.274871130596E1));
#1497=LINE('',#1496,#1495);
#1498=DIRECTION('',(-8.660254037844E-1,0.E0,-5.E-1));
#1499=VECTOR('',#1498,3.E0);
#1500=CARTESIAN_POINT('',(-3.240192378865E1,1.05E1,-2.574871130596E1));
#1501=LINE('',#1500,#1499);
#1502=DIRECTION('',(-8.660254037844E-1,0.E0,5.E-1));
#1503=VECTOR('',#1502,3.E0);
#1504=CARTESIAN_POINT('',(-3.5E1,1.05E1,-2.724871130596E1));
#1505=LINE('',#1504,#1503);
#1506=DIRECTION('',(0.E0,0.E0,1.E0));
#1507=VECTOR('',#1506,3.E0);
#1508=CARTESIAN_POINT('',(-4.109807621135E1,1.05E1,-1.968653347947E1));
#1509=LINE('',#1508,#1507);
#1510=DIRECTION('',(8.660254037844E-1,0.E0,5.E-1));
#1511=VECTOR('',#1510,3.E0);
#1512=CARTESIAN_POINT('',(-4.109807621135E1,1.05E1,-1.668653347947E1));
#1513=LINE('',#1512,#1511);
#1514=DIRECTION('',(8.660254037844E-1,0.E0,-5.E-1));
#1515=VECTOR('',#1514,3.E0);
#1516=CARTESIAN_POINT('',(-3.85E1,1.05E1,-1.518653347947E1));
#1517=LINE('',#1516,#1515);
#1518=DIRECTION('',(0.E0,0.E0,-1.E0));
#1519=VECTOR('',#1518,3.E0);
#1520=CARTESIAN_POINT('',(-3.590192378865E1,1.05E1,-1.668653347947E1));
#1521=LINE('',#1520,#1519);
#1522=DIRECTION('',(-8.660254037844E-1,0.E0,-5.E-1));
#1523=VECTOR('',#1522,3.E0);
#1524=CARTESIAN_POINT('',(-3.590192378865E1,1.05E1,-1.968653347947E1));
#1525=LINE('',#1524,#1523);
#1526=DIRECTION('',(-8.660254037844E-1,0.E0,5.E-1));
#1527=VECTOR('',#1526,3.E0);
#1528=CARTESIAN_POINT('',(-3.85E1,1.05E1,-2.118653347947E1));
#1529=LINE('',#1528,#1527);
#1530=DIRECTION('',(0.E0,0.E0,1.E0));
#1531=VECTOR('',#1530,3.E0);
#1532=CARTESIAN_POINT('',(-4.459807621135E1,1.05E1,-1.362435565298E1));
#1533=LINE('',#1532,#1531);
#1534=DIRECTION('',(8.660254037844E-1,0.E0,5.E-1));
#1535=VECTOR('',#1534,3.E0);
#1536=CARTESIAN_POINT('',(-4.459807621135E1,1.05E1,-1.062435565298E1));
#1537=LINE('',#1536,#1535);
#1538=DIRECTION('',(8.660254037844E-1,0.E0,-5.E-1));
#1539=VECTOR('',#1538,3.E0);
#1540=CARTESIAN_POINT('',(-4.2E1,1.05E1,-9.124355652982E0));
#1541=LINE('',#1540,#1539);
#1542=DIRECTION('',(0.E0,0.E0,-1.E0));
#1543=VECTOR('',#1542,3.E0);
#1544=CARTESIAN_POINT('',(-3.940192378865E1,1.05E1,-1.062435565298E1));
#1545=LINE('',#1544,#1543);
#1546=DIRECTION('',(-8.660254037844E-1,0.E0,-5.E-1));
#1547=VECTOR('',#1546,3.E0);
#1548=CARTESIAN_POINT('',(-3.940192378865E1,1.05E1,-1.362435565298E1));
#1549=LINE('',#1548,#1547);
#1550=DIRECTION('',(-8.660254037844E-1,0.E0,5.E-1));
#1551=VECTOR('',#1550,3.E0);
#1552=CARTESIAN_POINT('',(-4.2E1,1.05E1,-1.512435565298E1));
#1553=LINE('',#1552,#1551);
#1554=DIRECTION('',(0.E0,0.E0,1.E0));
#1555=VECTOR('',#1554,3.E0);
#1556=CARTESIAN_POINT('',(-4.459807621135E1,1.05E1,1.062435565298E1));
#1557=LINE('',#1556,#1555);
#1558=DIRECTION('',(8.660254037844E-1,0.E0,5.E-1));
#1559=VECTOR('',#1558,3.E0);
#1560=CARTESIAN_POINT('',(-4.459807621135E1,1.05E1,1.362435565298E1));
#1561=LINE('',#1560,#1559);
#1562=DIRECTION('',(8.660254037844E-1,0.E0,-5.E-1));
#1563=VECTOR('',#1562,3.E0);
#1564=CARTESIAN_POINT('',(-4.2E1,1.05E1,1.512435565298E1));
#1565=LINE('',#1564,#1563);
#1566=DIRECTION('',(0.E0,0.E0,-1.E0));
#1567=VECTOR('',#1566,3.E0);
#1568=CARTESIAN_POINT('',(-3.940192378865E1,1.05E1,1.362435565298E1));
#1569=LINE('',#1568,#1567);
#1570=DIRECTION('',(-8.660254037844E-1,0.E0,-5.E-1));
#1571=VECTOR('',#1570,3.E0);
#1572=CARTESIAN_POINT('',(-3.940192378865E1,1.05E1,1.062435565298E1));
#1573=LINE('',#1572,#1571);
#1574=DIRECTION('',(-8.660254037844E-1,0.E0,5.E-1));
#1575=VECTOR('',#1574,3.E0);
#1576=CARTESIAN_POINT('',(-4.2E1,1.05E1,9.124355652982E0));
#1577=LINE('',#1576,#1575);
#1578=DIRECTION('',(0.E0,0.E0,1.E0));
#1579=VECTOR('',#1578,3.E0);
#1580=CARTESIAN_POINT('',(-4.109807621135E1,1.05E1,1.668653347947E1));
#1581=LINE('',#1580,#1579);
#1582=DIRECTION('',(8.660254037844E-1,0.E0,5.E-1));
#1583=VECTOR('',#1582,3.E0);
#1584=CARTESIAN_POINT('',(-4.109807621135E1,1.05E1,1.968653347947E1));
#1585=LINE('',#1584,#1583);
#1586=DIRECTION('',(8.660254037844E-1,0.E0,-5.E-1));
#1587=VECTOR('',#1586,3.E0);
#1588=CARTESIAN_POINT('',(-3.85E1,1.05E1,2.118653347947E1));
#1589=LINE('',#1588,#1587);
#1590=DIRECTION('',(0.E0,0.E0,-1.E0));
#1591=VECTOR('',#1590,3.E0);
#1592=CARTESIAN_POINT('',(-3.590192378865E1,1.05E1,1.968653347947E1));
#1593=LINE('',#1592,#1591);
#1594=DIRECTION('',(-8.660254037844E-1,0.E0,-5.E-1));
#1595=VECTOR('',#1594,3.E0);
#1596=CARTESIAN_POINT('',(-3.590192378865E1,1.05E1,1.668653347947E1));
#1597=LINE('',#1596,#1595);
#1598=DIRECTION('',(-8.660254037844E-1,0.E0,5.E-1));
#1599=VECTOR('',#1598,3.E0);
#1600=CARTESIAN_POINT('',(-3.85E1,1.05E1,1.518653347947E1));
#1601=LINE('',#1600,#1599);
#1602=DIRECTION('',(0.E0,0.E0,1.E0));
#1603=VECTOR('',#1602,3.E0);
#1604=CARTESIAN_POINT('',(-4.459807621135E1,1.05E1,-2.574871130596E1));
#1605=LINE('',#1604,#1603);
#1606=DIRECTION('',(8.660254037844E-1,0.E0,5.E-1));
#1607=VECTOR('',#1606,3.E0);
#1608=CARTESIAN_POINT('',(-4.459807621135E1,1.05E1,-2.274871130596E1));
#1609=LINE('',#1608,#1607);
#1610=DIRECTION('',(8.660254037844E-1,0.E0,-5.E-1));
#1611=VECTOR('',#1610,3.E0);
#1612=CARTESIAN_POINT('',(-4.2E1,1.05E1,-2.124871130596E1));
#1613=LINE('',#1612,#1611);
#1614=DIRECTION('',(0.E0,0.E0,-1.E0));
#1615=VECTOR('',#1614,3.E0);
#1616=CARTESIAN_POINT('',(-3.940192378865E1,1.05E1,-2.274871130596E1));
#1617=LINE('',#1616,#1615);
#1618=DIRECTION('',(-8.660254037844E-1,0.E0,-5.E-1));
#1619=VECTOR('',#1618,3.E0);
#1620=CARTESIAN_POINT('',(-3.940192378865E1,1.05E1,-2.574871130596E1));
#1621=LINE('',#1620,#1619);
#1622=DIRECTION('',(-8.660254037844E-1,0.E0,5.E-1));
#1623=VECTOR('',#1622,3.E0);
#1624=CARTESIAN_POINT('',(-4.2E1,1.05E1,-2.724871130596E1));
#1625=LINE('',#1624,#1623);
#1626=DIRECTION('',(1.E0,6.237804256754E-12,-7.287613758069E-12));
#1627=VECTOR('',#1626,2.385826324124E0);
#1628=CARTESIAN_POINT('',(3.534637901134E1,4.499999999974E0,7.010000000001E0));
#1629=LINE('',#1628,#1627);
#1630=CARTESIAN_POINT('',(3.773220533544E1,4.499999999976E0,7.010000000007E0));
#1631=CARTESIAN_POINT('',(3.769003499591E1,4.457829660447E0,6.846674977303E0));
#1632=CARTESIAN_POINT('',(3.754821194037E1,4.316006604902E0,6.600635891267E0));
#1633=CARTESIAN_POINT('',(3.734733451987E1,4.115129184406E0,6.437412257627E0));
#1634=CARTESIAN_POINT('',(3.723220533547E1,4.E0,6.376401767472E0));
#1636=CARTESIAN_POINT('',(3.723220533547E1,3.531754163423E0,7.260000000001E0));
#1637=DIRECTION('',(-1.E0,-1.871653285612E-13,0.E0));
#1638=DIRECTION('',(-8.526512829121E-14,4.682458365772E-1,-8.835982325289E-1));
#1639=AXIS2_PLACEMENT_3D('',#1636,#1637,#1638);
#1641=DIRECTION('',(1.E0,2.071955856043E-11,0.E0));
#1642=VECTOR('',#1641,1.233424046400E0);
#1643=CARTESIAN_POINT('',(3.599878128907E1,3.531754163423E0,6.260000000001E0));
#1644=LINE('',#1643,#1642);
#1645=DIRECTION('',(-1.E0,0.E0,0.E0));
#1646=VECTOR('',#1645,1.541281261157E0);
#1647=CARTESIAN_POINT('',(3.777348659662E1,2.120675276617E0,6.260000000001E0));
#1648=LINE('',#1647,#1646);
#1649=DIRECTION('',(0.E0,0.E0,1.E0));
#1650=VECTOR('',#1649,2.06E0);
#1651=CARTESIAN_POINT('',(3.623220533547E1,2.371556984937E0,4.200000000001E0));
#1652=LINE('',#1651,#1650);
#1653=DIRECTION('',(0.E0,-1.E0,-1.416091154108E-14));
#1654=VECTOR('',#1653,2.508817083204E-1);
#1655=CARTESIAN_POINT('',(3.623220533547E1,2.371556984937E0,6.260000000001E0));
#1656=LINE('',#1655,#1654);
#1657=DIRECTION('',(0.E0,7.071067811865E-1,7.071067811865E-1));
#1658=VECTOR('',#1657,7.071067811865E-1);
#1659=CARTESIAN_POINT('',(3.623220533547E1,1.620675276617E0,5.760000000001E0));
#1660=LINE('',#1659,#1658);
#1661=DIRECTION('',(0.E0,-7.071067811865E-1,7.071067811865E-1));
#1662=VECTOR('',#1661,7.071067811865E-1);
#1663=CARTESIAN_POINT('',(3.623220533547E1,2.120675276617E0,4.200000000001E0));
#1664=LINE('',#1663,#1662);
#1665=DIRECTION('',(0.E0,-1.E0,0.E0));
#1666=VECTOR('',#1665,2.508817083204E-1);
#1667=CARTESIAN_POINT('',(3.623220533547E1,2.371556984937E0,4.200000000001E0));
#1668=LINE('',#1667,#1666);
#1669=DIRECTION('',(0.E0,0.E0,1.E0));
#1670=VECTOR('',#1669,2.6E0);
#1671=CARTESIAN_POINT('',(3.623220533547E1,2.371556984937E0,-1.38E1));
#1672=LINE('',#1671,#1670);
#1673=DIRECTION('',(0.E0,-1.E0,0.E0));
#1674=VECTOR('',#1673,2.508817083204E-1);
#1675=CARTESIAN_POINT('',(3.623220533547E1,2.371556984937E0,-1.12E1));
#1676=LINE('',#1675,#1674);
#1677=DIRECTION('',(0.E0,7.071067811865E-1,7.071067811865E-1));
#1678=VECTOR('',#1677,7.071067811865E-1);
#1679=CARTESIAN_POINT('',(3.623220533547E1,1.620675276617E0,-1.17E1));
#1680=LINE('',#1679,#1678);
#1681=DIRECTION('',(0.E0,-7.071067811865E-1,7.071067811865E-1));
#1682=VECTOR('',#1681,7.071067811865E-1);
#1683=CARTESIAN_POINT('',(3.623220533547E1,2.120675276617E0,-1.38E1));
#1684=LINE('',#1683,#1682);
#1685=DIRECTION('',(0.E0,-1.E0,0.E0));
#1686=VECTOR('',#1685,2.508817083204E-1);
#1687=CARTESIAN_POINT('',(3.623220533547E1,2.371556984937E0,-1.38E1));
#1688=LINE('',#1687,#1686);
#1689=CARTESIAN_POINT('',(3.323220533547E1,2.371556984937E0,4.200000000001E0));
#1690=DIRECTION('',(0.E0,0.E0,1.E0));
#1691=DIRECTION('',(1.E0,0.E0,0.E0));
#1692=AXIS2_PLACEMENT_3D('',#1689,#1690,#1691);
#1694=CARTESIAN_POINT('',(3.599878128906E1,3.531754163445E0,4.200000000001E0));
#1695=CARTESIAN_POINT('',(3.597207818850E1,3.595429681066E0,4.200000000001E0));
#1696=CARTESIAN_POINT('',(3.591364329563E1,3.722793965718E0,4.188242196045E0));
#1697=CARTESIAN_POINT('',(3.580557474288E1,3.918913664482E0,4.129656409281E0));
#1698=CARTESIAN_POINT('',(3.568844489585E1,4.098009921212E0,4.032326187409E0));
#1699=CARTESIAN_POINT('',(3.557416326415E1,4.249118500166E0,3.905528129905E0));
#1700=CARTESIAN_POINT('',(3.547333550247E1,4.367404822416E0,3.759283115643E0));
#1701=CARTESIAN_POINT('',(3.539463174339E1,4.451650890369E0,3.604122569628E0));
#1702=CARTESIAN_POINT('',(3.535974228458E1,4.486726315726E0,3.501408758124E0));
#1703=CARTESIAN_POINT('',(3.534637901131E1,4.499999999997E0,3.450000000001E0));
#1705=CARTESIAN_POINT('',(3.323220533547E1,2.371556984937E0,3.450000000001E0));
#1706=DIRECTION('',(0.E0,0.E0,1.E0));
#1707=DIRECTION('',(7.047245586157E-1,7.094810050198E-1,0.E0));
#1708=AXIS2_PLACEMENT_3D('',#1705,#1706,#1707);
#1710=CARTESIAN_POINT('',(3.323220533547E1,2.371556984937E0,7.010000000001E0));
#1711=DIRECTION('',(0.E0,0.E0,-1.E0));
#1712=DIRECTION('',(3.303504247281E-1,9.438583563660E-1,0.E0));
#1713=AXIS2_PLACEMENT_3D('',#1710,#1711,#1712);
#1715=CARTESIAN_POINT('',(3.534637901134E1,4.499999999974E0,7.010000000001E0));
#1716=CARTESIAN_POINT('',(3.536197834446E1,4.484505246661E0,6.949989078463E0));
#1717=CARTESIAN_POINT('',(3.540409436016E1,4.442144535117E0,6.830566928828E0));
#1718=CARTESIAN_POINT('',(3.550330497535E1,4.334247038199E0,6.650159003254E0));
#1719=CARTESIAN_POINT('',(3.562957363008E1,4.179560488593E0,6.486741037867E0));
#1720=CARTESIAN_POINT('',(3.576674259292E1,3.983369742832E0,6.357075252326E0));
#1721=CARTESIAN_POINT('',(3.589740951042E1,3.756741542345E0,6.276383917765E0));
#1722=CARTESIAN_POINT('',(3.596707715518E1,3.607355014782E0,6.260000000001E0));
#1723=CARTESIAN_POINT('',(3.599878128907E1,3.531754163423E0,6.260000000001E0));
#1725=CARTESIAN_POINT('',(3.323220533547E1,2.371556984937E0,6.260000000001E0));
#1726=DIRECTION('',(0.E0,0.E0,-1.E0));
#1727=DIRECTION('',(9.221919845332E-1,3.867323928284E-1,0.E0));
#1728=AXIS2_PLACEMENT_3D('',#1725,#1726,#1727);
#1730=DIRECTION('',(1.E0,0.E0,0.E0));
#1731=VECTOR('',#1730,1.541281261157E0);
#1732=CARTESIAN_POINT('',(3.623220533547E1,2.120675276617E0,4.200000000001E0));
#1733=LINE('',#1732,#1731);
#1734=DIRECTION('',(1.E0,2.488636918842E-12,0.E0));
#1735=VECTOR('',#1734,1.233424046410E0);
#1736=CARTESIAN_POINT('',(3.599878128906E1,3.531754163445E0,4.200000000001E0));
#1737=LINE('',#1736,#1735);
#1738=CARTESIAN_POINT('',(3.723220533547E1,3.531754163445E0,3.200000000001E0));
#1739=DIRECTION('',(-1.E0,-4.785110574936E-14,0.E0));
#1740=DIRECTION('',(0.E0,3.010924842783E-12,1.E0));
#1741=AXIS2_PLACEMENT_3D('',#1738,#1739,#1740);
#1743=CARTESIAN_POINT('',(3.723220533547E1,4.E0,4.083598232541E0));
#1744=CARTESIAN_POINT('',(3.734733451988E1,4.115129184411E0,4.022587742388E0));
#1745=CARTESIAN_POINT('',(3.754821194038E1,4.316006604914E0,3.859364108748E0));
#1746=CARTESIAN_POINT('',(3.769003499593E1,4.457829660466E0,3.613325022708E0));
#1747=CARTESIAN_POINT('',(3.773220533546E1,4.499999999997E0,3.45E0));
#1749=DIRECTION('',(1.E0,1.300349144698E-12,-1.212120473844E-12));
#1750=VECTOR('',#1749,2.385826324154E0);
#1751=CARTESIAN_POINT('',(3.534637901131E1,4.499999999997E0,3.450000000001E0));
#1752=LINE('',#1751,#1750);
#1753=DIRECTION('',(4.290568145683E-1,-9.032775043543E-1,0.E0));
#1754=VECTOR('',#1753,2.214158982548E0);
#1755=CARTESIAN_POINT('',(3.878220533547E1,7.909557428548E0,3.450000000001E0));
#1756=LINE('',#1755,#1754);
#1757=DIRECTION('',(-1.E0,0.E0,0.E0));
#1758=VECTOR('',#1757,2.522053354677E-1);
#1759=CARTESIAN_POINT('',(3.878220533547E1,7.909557428548E0,3.450000000001E0));
#1760=LINE('',#1759,#1758);
#1761=DIRECTION('',(0.E0,-1.E0,0.E0));
#1762=VECTOR('',#1761,1.792647906920E0);
#1763=CARTESIAN_POINT('',(3.853E1,9.702205335468E0,3.450000000001E0));
#1764=LINE('',#1763,#1762);
#1765=DIRECTION('',(0.E0,1.E0,0.E0));
#1766=VECTOR('',#1765,2.5E0);
#1767=CARTESIAN_POINT('',(2.001E1,8.E0,3.450000000001E0));
#1768=LINE('',#1767,#1766);
#1769=DIRECTION('',(0.E0,0.E0,1.E0));
#1770=VECTOR('',#1769,3.56E0);
#1771=CARTESIAN_POINT('',(3.422325660965E1,5.203132054035E0,3.450000000001E0));
#1772=LINE('',#1771,#1770);
#1773=DIRECTION('',(-9.438583563660E-1,3.303504247281E-1,0.E0));
#1774=VECTOR('',#1773,8.466367035146E0);
#1775=CARTESIAN_POINT('',(3.422325660965E1,5.203132054035E0,3.450000000001E0));
#1776=LINE('',#1775,#1774);
#1777=DIRECTION('',(9.438583563660E-1,-3.303504247281E-1,0.E0));
#1778=VECTOR('',#1777,8.466367035146E0);
#1779=CARTESIAN_POINT('',(2.623220533547E1,8.E0,7.010000000001E0));
#1780=LINE('',#1779,#1778);
#1781=DIRECTION('',(0.E0,0.E0,1.E0));
#1782=VECTOR('',#1781,3.E0);
#1783=CARTESIAN_POINT('',(-2.598076211353E0,8.E0,-1.5E0));
#1784=LINE('',#1783,#1782);
#1785=DIRECTION('',(-8.660254037844E-1,0.E0,5.E-1));
#1786=VECTOR('',#1785,3.E0);
#1787=CARTESIAN_POINT('',(0.E0,8.E0,-3.E0));
#1788=LINE('',#1787,#1786);
#1789=DIRECTION('',(-8.660254037844E-1,0.E0,-5.E-1));
#1790=VECTOR('',#1789,3.E0);
#1791=CARTESIAN_POINT('',(2.598076211353E0,8.E0,-1.5E0));
#1792=LINE('',#1791,#1790);
#1793=DIRECTION('',(0.E0,0.E0,-1.E0));
#1794=VECTOR('',#1793,3.E0);
#1795=CARTESIAN_POINT('',(2.598076211353E0,8.E0,1.5E0));
#1796=LINE('',#1795,#1794);
#1797=DIRECTION('',(8.660254037844E-1,0.E0,-5.E-1));
#1798=VECTOR('',#1797,3.E0);
#1799=CARTESIAN_POINT('',(0.E0,8.E0,3.E0));
#1800=LINE('',#1799,#1798);
#1801=DIRECTION('',(8.660254037844E-1,0.E0,5.E-1));
#1802=VECTOR('',#1801,3.E0);
#1803=CARTESIAN_POINT('',(-2.598076211353E0,8.E0,1.5E0));
#1804=LINE('',#1803,#1802);
#1805=DIRECTION('',(0.E0,0.E0,1.E0));
#1806=VECTOR('',#1805,3.E0);
#1807=CARTESIAN_POINT('',(4.401923788647E0,8.E0,-1.5E0));
#1808=LINE('',#1807,#1806);
#1809=DIRECTION('',(-8.660254037844E-1,0.E0,5.E-1));
#1810=VECTOR('',#1809,3.E0);
#1811=CARTESIAN_POINT('',(7.E0,8.E0,-3.E0));
#1812=LINE('',#1811,#1810);
#1813=DIRECTION('',(-8.660254037844E-1,0.E0,-5.E-1));
#1814=VECTOR('',#1813,3.E0);
#1815=CARTESIAN_POINT('',(9.598076211353E0,8.E0,-1.5E0));
#1816=LINE('',#1815,#1814);
#1817=DIRECTION('',(0.E0,0.E0,-1.E0));
#1818=VECTOR('',#1817,3.E0);
#1819=CARTESIAN_POINT('',(9.598076211353E0,8.E0,1.5E0));
#1820=LINE('',#1819,#1818);
#1821=DIRECTION('',(8.660254037844E-1,0.E0,-5.E-1));
#1822=VECTOR('',#1821,3.E0);
#1823=CARTESIAN_POINT('',(7.E0,8.E0,3.E0));
#1824=LINE('',#1823,#1822);
#1825=DIRECTION('',(8.660254037844E-1,0.E0,5.E-1));
#1826=VECTOR('',#1825,3.E0);
#1827=CARTESIAN_POINT('',(4.401923788647E0,8.E0,1.5E0));
#1828=LINE('',#1827,#1826);
#1829=DIRECTION('',(0.E0,0.E0,1.E0));
#1830=VECTOR('',#1829,3.E0);
#1831=CARTESIAN_POINT('',(9.019237886467E-1,8.E0,-7.562177826491E0));
#1832=LINE('',#1831,#1830);
#1833=DIRECTION('',(-8.660254037844E-1,0.E0,5.E-1));
#1834=VECTOR('',#1833,3.E0);
#1835=CARTESIAN_POINT('',(3.5E0,8.E0,-9.062177826491E0));
#1836=LINE('',#1835,#1834);
#1837=DIRECTION('',(-8.660254037844E-1,0.E0,-5.E-1));
#1838=VECTOR('',#1837,3.E0);
#1839=CARTESIAN_POINT('',(6.098076211353E0,8.E0,-7.562177826491E0));
#1840=LINE('',#1839,#1838);
#1841=DIRECTION('',(0.E0,0.E0,-1.E0));
#1842=VECTOR('',#1841,3.E0);
#1843=CARTESIAN_POINT('',(6.098076211353E0,8.E0,-4.562177826491E0));
#1844=LINE('',#1843,#1842);
#1845=DIRECTION('',(8.660254037844E-1,0.E0,-5.E-1));
#1846=VECTOR('',#1845,3.E0);
#1847=CARTESIAN_POINT('',(3.5E0,8.E0,-3.062177826491E0));
#1848=LINE('',#1847,#1846);
#1849=DIRECTION('',(8.660254037844E-1,0.E0,5.E-1));
#1850=VECTOR('',#1849,3.E0);
#1851=CARTESIAN_POINT('',(9.019237886467E-1,8.E0,-4.562177826491E0));
#1852=LINE('',#1851,#1850);
#1853=DIRECTION('',(0.E0,0.E0,1.E0));
#1854=VECTOR('',#1853,3.E0);
#1855=CARTESIAN_POINT('',(-6.098076211353E0,8.E0,-7.562177826491E0));
#1856=LINE('',#1855,#1854);
#1857=DIRECTION('',(-8.660254037844E-1,0.E0,5.E-1));
#1858=VECTOR('',#1857,3.E0);
#1859=CARTESIAN_POINT('',(-3.5E0,8.E0,-9.062177826491E0));
#1860=LINE('',#1859,#1858);
#1861=DIRECTION('',(-8.660254037844E-1,0.E0,-5.E-1));
#1862=VECTOR('',#1861,3.E0);
#1863=CARTESIAN_POINT('',(-9.019237886467E-1,8.E0,-7.562177826491E0));
#1864=LINE('',#1863,#1862);
#1865=DIRECTION('',(0.E0,0.E0,-1.E0));
#1866=VECTOR('',#1865,3.E0);
#1867=CARTESIAN_POINT('',(-9.019237886467E-1,8.E0,-4.562177826491E0));
#1868=LINE('',#1867,#1866);
#1869=DIRECTION('',(8.660254037844E-1,0.E0,-5.E-1));
#1870=VECTOR('',#1869,3.E0);
#1871=CARTESIAN_POINT('',(-3.5E0,8.E0,-3.062177826491E0));
#1872=LINE('',#1871,#1870);
#1873=DIRECTION('',(8.660254037844E-1,0.E0,5.E-1));
#1874=VECTOR('',#1873,3.E0);
#1875=CARTESIAN_POINT('',(-6.098076211353E0,8.E0,-4.562177826491E0));
#1876=LINE('',#1875,#1874);
#1877=DIRECTION('',(0.E0,0.E0,1.E0));
#1878=VECTOR('',#1877,3.E0);
#1879=CARTESIAN_POINT('',(-9.598076211353E0,8.E0,-1.5E0));
#1880=LINE('',#1879,#1878);
#1881=DIRECTION('',(-8.660254037844E-1,0.E0,5.E-1));
#1882=VECTOR('',#1881,3.E0);
#1883=CARTESIAN_POINT('',(-7.E0,8.E0,-3.E0));
#1884=LINE('',#1883,#1882);
#1885=DIRECTION('',(-8.660254037844E-1,0.E0,-5.E-1));
#1886=VECTOR('',#1885,3.E0);
#1887=CARTESIAN_POINT('',(-4.401923788647E0,8.E0,-1.5E0));
#1888=LINE('',#1887,#1886);
#1889=DIRECTION('',(0.E0,0.E0,-1.E0));
#1890=VECTOR('',#1889,3.E0);
#1891=CARTESIAN_POINT('',(-4.401923788647E0,8.E0,1.5E0));
#1892=LINE('',#1891,#1890);
#1893=DIRECTION('',(8.660254037844E-1,0.E0,-5.E-1));
#1894=VECTOR('',#1893,3.E0);
#1895=CARTESIAN_POINT('',(-7.E0,8.E0,3.E0));
#1896=LINE('',#1895,#1894);
#1897=DIRECTION('',(8.660254037844E-1,0.E0,5.E-1));
#1898=VECTOR('',#1897,3.E0);
#1899=CARTESIAN_POINT('',(-9.598076211353E0,8.E0,1.5E0));
#1900=LINE('',#1899,#1898);
#1901=DIRECTION('',(0.E0,0.E0,1.E0));
#1902=VECTOR('',#1901,3.E0);
#1903=CARTESIAN_POINT('',(-6.098076211353E0,8.E0,4.562177826491E0));
#1904=LINE('',#1903,#1902);
#1905=DIRECTION('',(-8.660254037844E-1,0.E0,5.E-1));
#1906=VECTOR('',#1905,3.E0);
#1907=CARTESIAN_POINT('',(-3.5E0,8.E0,3.062177826491E0));
#1908=LINE('',#1907,#1906);
#1909=DIRECTION('',(-8.660254037844E-1,0.E0,-5.E-1));
#1910=VECTOR('',#1909,3.E0);
#1911=CARTESIAN_POINT('',(-9.019237886467E-1,8.E0,4.562177826491E0));
#1912=LINE('',#1911,#1910);
#1913=DIRECTION('',(0.E0,0.E0,-1.E0));
#1914=VECTOR('',#1913,3.E0);
#1915=CARTESIAN_POINT('',(-9.019237886467E-1,8.E0,7.562177826491E0));
#1916=LINE('',#1915,#1914);
#1917=DIRECTION('',(8.660254037844E-1,0.E0,-5.E-1));
#1918=VECTOR('',#1917,3.E0);
#1919=CARTESIAN_POINT('',(-3.5E0,8.E0,9.062177826491E0));
#1920=LINE('',#1919,#1918);
#1921=DIRECTION('',(8.660254037844E-1,0.E0,5.E-1));
#1922=VECTOR('',#1921,3.E0);
#1923=CARTESIAN_POINT('',(-6.098076211353E0,8.E0,7.562177826491E0));
#1924=LINE('',#1923,#1922);
#1925=DIRECTION('',(0.E0,0.E0,1.E0));
#1926=VECTOR('',#1925,3.E0);
#1927=CARTESIAN_POINT('',(9.019237886467E-1,8.E0,4.562177826491E0));
#1928=LINE('',#1927,#1926);
#1929=DIRECTION('',(-8.660254037844E-1,0.E0,5.E-1));
#1930=VECTOR('',#1929,3.E0);
#1931=CARTESIAN_POINT('',(3.5E0,8.E0,3.062177826491E0));
#1932=LINE('',#1931,#1930);
#1933=DIRECTION('',(-8.660254037844E-1,0.E0,-5.E-1));
#1934=VECTOR('',#1933,3.E0);
#1935=CARTESIAN_POINT('',(6.098076211353E0,8.E0,4.562177826491E0));
#1936=LINE('',#1935,#1934);
#1937=DIRECTION('',(0.E0,0.E0,-1.E0));
#1938=VECTOR('',#1937,3.E0);
#1939=CARTESIAN_POINT('',(6.098076211353E0,8.E0,7.562177826491E0));
#1940=LINE('',#1939,#1938);
#1941=DIRECTION('',(8.660254037844E-1,0.E0,-5.E-1));
#1942=VECTOR('',#1941,3.E0);
#1943=CARTESIAN_POINT('',(3.5E0,8.E0,9.062177826491E0));
#1944=LINE('',#1943,#1942);
#1945=DIRECTION('',(8.660254037844E-1,0.E0,5.E-1));
#1946=VECTOR('',#1945,3.E0);
#1947=CARTESIAN_POINT('',(9.019237886467E-1,8.E0,7.562177826491E0));
#1948=LINE('',#1947,#1946);
#1949=DIRECTION('',(0.E0,0.E0,1.E0));
#1950=VECTOR('',#1949,3.E0);
#1951=CARTESIAN_POINT('',(7.901923788647E0,8.E0,-7.562177826491E0));
#1952=LINE('',#1951,#1950);
#1953=DIRECTION('',(-8.660254037844E-1,0.E0,5.E-1));
#1954=VECTOR('',#1953,3.E0);
#1955=CARTESIAN_POINT('',(1.05E1,8.E0,-9.062177826491E0));
#1956=LINE('',#1955,#1954);
#1957=DIRECTION('',(-8.660254037844E-1,0.E0,-5.E-1));
#1958=VECTOR('',#1957,3.E0);
#1959=CARTESIAN_POINT('',(1.309807621135E1,8.E0,-7.562177826491E0));
#1960=LINE('',#1959,#1958);
#1961=DIRECTION('',(0.E0,0.E0,-1.E0));
#1962=VECTOR('',#1961,3.E0);
#1963=CARTESIAN_POINT('',(1.309807621135E1,8.E0,-4.562177826491E0));
#1964=LINE('',#1963,#1962);
#1965=DIRECTION('',(8.660254037844E-1,0.E0,-5.E-1));
#1966=VECTOR('',#1965,3.E0);
#1967=CARTESIAN_POINT('',(1.05E1,8.E0,-3.062177826491E0));
#1968=LINE('',#1967,#1966);
#1969=DIRECTION('',(8.660254037844E-1,0.E0,5.E-1));
#1970=VECTOR('',#1969,3.E0);
#1971=CARTESIAN_POINT('',(7.901923788647E0,8.E0,-4.562177826491E0));
#1972=LINE('',#1971,#1970);
#1973=DIRECTION('',(0.E0,0.E0,1.E0));
#1974=VECTOR('',#1973,3.E0);
#1975=CARTESIAN_POINT('',(4.401923788647E0,8.E0,-1.362435565298E1));
#1976=LINE('',#1975,#1974);
#1977=DIRECTION('',(-8.660254037844E-1,0.E0,5.E-1));
#1978=VECTOR('',#1977,3.E0);
#1979=CARTESIAN_POINT('',(7.E0,8.E0,-1.512435565298E1));
#1980=LINE('',#1979,#1978);
#1981=DIRECTION('',(-8.660254037844E-1,0.E0,-5.E-1));
#1982=VECTOR('',#1981,3.E0);
#1983=CARTESIAN_POINT('',(9.598076211353E0,8.E0,-1.362435565298E1));
#1984=LINE('',#1983,#1982);
#1985=DIRECTION('',(0.E0,0.E0,-1.E0));
#1986=VECTOR('',#1985,3.E0);
#1987=CARTESIAN_POINT('',(9.598076211353E0,8.E0,-1.062435565298E1));
#1988=LINE('',#1987,#1986);
#1989=DIRECTION('',(8.660254037844E-1,0.E0,-5.E-1));
#1990=VECTOR('',#1989,3.E0);
#1991=CARTESIAN_POINT('',(7.E0,8.E0,-9.124355652982E0));
#1992=LINE('',#1991,#1990);
#1993=DIRECTION('',(8.660254037844E-1,0.E0,5.E-1));
#1994=VECTOR('',#1993,3.E0);
#1995=CARTESIAN_POINT('',(4.401923788647E0,8.E0,-1.062435565298E1));
#1996=LINE('',#1995,#1994);
#1997=DIRECTION('',(0.E0,0.E0,1.E0));
#1998=VECTOR('',#1997,3.E0);
#1999=CARTESIAN_POINT('',(-2.598076211353E0,8.E0,-1.362435565298E1));
#2000=LINE('',#1999,#1998);
#2001=DIRECTION('',(-8.660254037844E-1,0.E0,5.E-1));
#2002=VECTOR('',#2001,3.E0);
#2003=CARTESIAN_POINT('',(0.E0,8.E0,-1.512435565298E1));
#2004=LINE('',#2003,#2002);
#2005=DIRECTION('',(-8.660254037844E-1,0.E0,-5.E-1));
#2006=VECTOR('',#2005,3.E0);
#2007=CARTESIAN_POINT('',(2.598076211353E0,8.E0,-1.362435565298E1));
#2008=LINE('',#2007,#2006);
#2009=DIRECTION('',(0.E0,0.E0,-1.E0));
#2010=VECTOR('',#2009,3.E0);
#2011=CARTESIAN_POINT('',(2.598076211353E0,8.E0,-1.062435565298E1));
#2012=LINE('',#2011,#2010);
#2013=DIRECTION('',(8.660254037844E-1,0.E0,-5.E-1));
#2014=VECTOR('',#2013,3.E0);
#2015=CARTESIAN_POINT('',(0.E0,8.E0,-9.124355652982E0));
#2016=LINE('',#2015,#2014);
#2017=DIRECTION('',(8.660254037844E-1,0.E0,5.E-1));
#2018=VECTOR('',#2017,3.E0);
#2019=CARTESIAN_POINT('',(-2.598076211353E0,8.E0,-1.062435565298E1));
#2020=LINE('',#2019,#2018);
#2021=DIRECTION('',(0.E0,0.E0,1.E0));
#2022=VECTOR('',#2021,3.E0);
#2023=CARTESIAN_POINT('',(-9.598076211353E0,8.E0,-1.362435565298E1));
#2024=LINE('',#2023,#2022);
#2025=DIRECTION('',(-8.660254037844E-1,0.E0,5.E-1));
#2026=VECTOR('',#2025,3.E0);
#2027=CARTESIAN_POINT('',(-7.E0,8.E0,-1.512435565298E1));
#2028=LINE('',#2027,#2026);
#2029=DIRECTION('',(-8.660254037844E-1,0.E0,-5.E-1));
#2030=VECTOR('',#2029,3.E0);
#2031=CARTESIAN_POINT('',(-4.401923788647E0,8.E0,-1.362435565298E1));
#2032=LINE('',#2031,#2030);
#2033=DIRECTION('',(0.E0,0.E0,-1.E0));
#2034=VECTOR('',#2033,3.E0);
#2035=CARTESIAN_POINT('',(-4.401923788647E0,8.E0,-1.062435565298E1));
#2036=LINE('',#2035,#2034);
#2037=DIRECTION('',(8.660254037844E-1,0.E0,-5.E-1));
#2038=VECTOR('',#2037,3.E0);
#2039=CARTESIAN_POINT('',(-7.E0,8.E0,-9.124355652982E0));
#2040=LINE('',#2039,#2038);
#2041=DIRECTION('',(8.660254037844E-1,0.E0,5.E-1));
#2042=VECTOR('',#2041,3.E0);
#2043=CARTESIAN_POINT('',(-9.598076211353E0,8.E0,-1.062435565298E1));
#2044=LINE('',#2043,#2042);
#2045=DIRECTION('',(0.E0,0.E0,1.E0));
#2046=VECTOR('',#2045,3.E0);
#2047=CARTESIAN_POINT('',(-1.309807621135E1,8.E0,-7.562177826491E0));
#2048=LINE('',#2047,#2046);
#2049=DIRECTION('',(-8.660254037844E-1,0.E0,5.E-1));
#2050=VECTOR('',#2049,3.E0);
#2051=CARTESIAN_POINT('',(-1.05E1,8.E0,-9.062177826491E0));
#2052=LINE('',#2051,#2050);
#2053=DIRECTION('',(-8.660254037844E-1,0.E0,-5.E-1));
#2054=VECTOR('',#2053,3.E0);
#2055=CARTESIAN_POINT('',(-7.901923788647E0,8.E0,-7.562177826491E0));
#2056=LINE('',#2055,#2054);
#2057=DIRECTION('',(0.E0,0.E0,-1.E0));
#2058=VECTOR('',#2057,3.E0);
#2059=CARTESIAN_POINT('',(-7.901923788647E0,8.E0,-4.562177826491E0));
#2060=LINE('',#2059,#2058);
#2061=DIRECTION('',(8.660254037844E-1,0.E0,-5.E-1));
#2062=VECTOR('',#2061,3.E0);
#2063=CARTESIAN_POINT('',(-1.05E1,8.E0,-3.062177826491E0));
#2064=LINE('',#2063,#2062);
#2065=DIRECTION('',(8.660254037844E-1,0.E0,5.E-1));
#2066=VECTOR('',#2065,3.E0);
#2067=CARTESIAN_POINT('',(-1.309807621135E1,8.E0,-4.562177826491E0));
#2068=LINE('',#2067,#2066);
#2069=DIRECTION('',(0.E0,0.E0,1.E0));
#2070=VECTOR('',#2069,3.E0);
#2071=CARTESIAN_POINT('',(-1.659807621135E1,8.E0,-1.5E0));
#2072=LINE('',#2071,#2070);
#2073=DIRECTION('',(-8.660254037844E-1,0.E0,5.E-1));
#2074=VECTOR('',#2073,3.E0);
#2075=CARTESIAN_POINT('',(-1.4E1,8.E0,-3.E0));
#2076=LINE('',#2075,#2074);
#2077=DIRECTION('',(-8.660254037844E-1,0.E0,-5.E-1));
#2078=VECTOR('',#2077,3.E0);
#2079=CARTESIAN_POINT('',(-1.140192378865E1,8.E0,-1.5E0));
#2080=LINE('',#2079,#2078);
#2081=DIRECTION('',(0.E0,0.E0,-1.E0));
#2082=VECTOR('',#2081,3.E0);
#2083=CARTESIAN_POINT('',(-1.140192378865E1,8.E0,1.5E0));
#2084=LINE('',#2083,#2082);
#2085=DIRECTION('',(8.660254037844E-1,0.E0,-5.E-1));
#2086=VECTOR('',#2085,3.E0);
#2087=CARTESIAN_POINT('',(-1.4E1,8.E0,3.E0));
#2088=LINE('',#2087,#2086);
#2089=DIRECTION('',(8.660254037844E-1,0.E0,5.E-1));
#2090=VECTOR('',#2089,3.E0);
#2091=CARTESIAN_POINT('',(-1.659807621135E1,8.E0,1.5E0));
#2092=LINE('',#2091,#2090);
#2093=DIRECTION('',(0.E0,0.E0,1.E0));
#2094=VECTOR('',#2093,3.E0);
#2095=CARTESIAN_POINT('',(-1.309807621135E1,8.E0,4.562177826491E0));
#2096=LINE('',#2095,#2094);
#2097=DIRECTION('',(-8.660254037844E-1,0.E0,5.E-1));
#2098=VECTOR('',#2097,3.E0);
#2099=CARTESIAN_POINT('',(-1.05E1,8.E0,3.062177826491E0));
#2100=LINE('',#2099,#2098);
#2101=DIRECTION('',(-8.660254037844E-1,0.E0,-5.E-1));
#2102=VECTOR('',#2101,3.E0);
#2103=CARTESIAN_POINT('',(-7.901923788647E0,8.E0,4.562177826491E0));
#2104=LINE('',#2103,#2102);
#2105=DIRECTION('',(0.E0,0.E0,-1.E0));
#2106=VECTOR('',#2105,3.E0);
#2107=CARTESIAN_POINT('',(-7.901923788647E0,8.E0,7.562177826491E0));
#2108=LINE('',#2107,#2106);
#2109=DIRECTION('',(8.660254037844E-1,0.E0,-5.E-1));
#2110=VECTOR('',#2109,3.E0);
#2111=CARTESIAN_POINT('',(-1.05E1,8.E0,9.062177826491E0));
#2112=LINE('',#2111,#2110);
#2113=DIRECTION('',(8.660254037844E-1,0.E0,5.E-1));
#2114=VECTOR('',#2113,3.E0);
#2115=CARTESIAN_POINT('',(-1.309807621135E1,8.E0,7.562177826491E0));
#2116=LINE('',#2115,#2114);
#2117=DIRECTION('',(0.E0,0.E0,1.E0));
#2118=VECTOR('',#2117,3.E0);
#2119=CARTESIAN_POINT('',(-9.598076211353E0,8.E0,1.062435565298E1));
#2120=LINE('',#2119,#2118);
#2121=DIRECTION('',(-8.660254037844E-1,0.E0,5.E-1));
#2122=VECTOR('',#2121,3.E0);
#2123=CARTESIAN_POINT('',(-7.E0,8.E0,9.124355652982E0));
#2124=LINE('',#2123,#2122);
#2125=DIRECTION('',(-8.660254037844E-1,0.E0,-5.E-1));
#2126=VECTOR('',#2125,3.E0);
#2127=CARTESIAN_POINT('',(-4.401923788647E0,8.E0,1.062435565298E1));
#2128=LINE('',#2127,#2126);
#2129=DIRECTION('',(0.E0,0.E0,-1.E0));
#2130=VECTOR('',#2129,3.E0);
#2131=CARTESIAN_POINT('',(-4.401923788647E0,8.E0,1.362435565298E1));
#2132=LINE('',#2131,#2130);
#2133=DIRECTION('',(8.660254037844E-1,0.E0,-5.E-1));
#2134=VECTOR('',#2133,3.E0);
#2135=CARTESIAN_POINT('',(-7.E0,8.E0,1.512435565298E1));
#2136=LINE('',#2135,#2134);
#2137=DIRECTION('',(8.660254037844E-1,0.E0,5.E-1));
#2138=VECTOR('',#2137,3.E0);
#2139=CARTESIAN_POINT('',(-9.598076211353E0,8.E0,1.362435565298E1));
#2140=LINE('',#2139,#2138);
#2141=DIRECTION('',(0.E0,0.E0,1.E0));
#2142=VECTOR('',#2141,3.E0);
#2143=CARTESIAN_POINT('',(-2.598076211353E0,8.E0,1.062435565298E1));
#2144=LINE('',#2143,#2142);
#2145=DIRECTION('',(-8.660254037844E-1,0.E0,5.E-1));
#2146=VECTOR('',#2145,3.E0);
#2147=CARTESIAN_POINT('',(0.E0,8.E0,9.124355652982E0));
#2148=LINE('',#2147,#2146);
#2149=DIRECTION('',(-8.660254037844E-1,0.E0,-5.E-1));
#2150=VECTOR('',#2149,3.E0);
#2151=CARTESIAN_POINT('',(2.598076211353E0,8.E0,1.062435565298E1));
#2152=LINE('',#2151,#2150);
#2153=DIRECTION('',(0.E0,0.E0,-1.E0));
#2154=VECTOR('',#2153,3.E0);
#2155=CARTESIAN_POINT('',(2.598076211353E0,8.E0,1.362435565298E1));
#2156=LINE('',#2155,#2154);
#2157=DIRECTION('',(8.660254037844E-1,0.E0,-5.E-1));
#2158=VECTOR('',#2157,3.E0);
#2159=CARTESIAN_POINT('',(0.E0,8.E0,1.512435565298E1));
#2160=LINE('',#2159,#2158);
#2161=DIRECTION('',(8.660254037844E-1,0.E0,5.E-1));
#2162=VECTOR('',#2161,3.E0);
#2163=CARTESIAN_POINT('',(-2.598076211353E0,8.E0,1.362435565298E1));
#2164=LINE('',#2163,#2162);
#2165=DIRECTION('',(0.E0,0.E0,1.E0));
#2166=VECTOR('',#2165,3.E0);
#2167=CARTESIAN_POINT('',(4.401923788647E0,8.E0,1.062435565298E1));
#2168=LINE('',#2167,#2166);
#2169=DIRECTION('',(-8.660254037844E-1,0.E0,5.E-1));
#2170=VECTOR('',#2169,3.E0);
#2171=CARTESIAN_POINT('',(7.E0,8.E0,9.124355652982E0));
#2172=LINE('',#2171,#2170);
#2173=DIRECTION('',(-8.660254037844E-1,0.E0,-5.E-1));
#2174=VECTOR('',#2173,3.E0);
#2175=CARTESIAN_POINT('',(9.598076211353E0,8.E0,1.062435565298E1));
#2176=LINE('',#2175,#2174);
#2177=DIRECTION('',(0.E0,0.E0,-1.E0));
#2178=VECTOR('',#2177,3.E0);
#2179=CARTESIAN_POINT('',(9.598076211353E0,8.E0,1.362435565298E1));
#2180=LINE('',#2179,#2178);
#2181=DIRECTION('',(8.660254037844E-1,0.E0,-5.E-1));
#2182=VECTOR('',#2181,3.E0);
#2183=CARTESIAN_POINT('',(7.E0,8.E0,1.512435565298E1));
#2184=LINE('',#2183,#2182);
#2185=DIRECTION('',(8.660254037844E-1,0.E0,5.E-1));
#2186=VECTOR('',#2185,3.E0);
#2187=CARTESIAN_POINT('',(4.401923788647E0,8.E0,1.362435565298E1));
#2188=LINE('',#2187,#2186);
#2189=DIRECTION('',(0.E0,0.E0,1.E0));
#2190=VECTOR('',#2189,3.E0);
#2191=CARTESIAN_POINT('',(7.901923788647E0,8.E0,4.562177826491E0));
#2192=LINE('',#2191,#2190);
#2193=DIRECTION('',(-8.660254037844E-1,0.E0,5.E-1));
#2194=VECTOR('',#2193,3.E0);
#2195=CARTESIAN_POINT('',(1.05E1,8.E0,3.062177826491E0));
#2196=LINE('',#2195,#2194);
#2197=DIRECTION('',(-8.660254037844E-1,0.E0,-5.E-1));
#2198=VECTOR('',#2197,3.E0);
#2199=CARTESIAN_POINT('',(1.309807621135E1,8.E0,4.562177826491E0));
#2200=LINE('',#2199,#2198);
#2201=DIRECTION('',(0.E0,0.E0,-1.E0));
#2202=VECTOR('',#2201,3.E0);
#2203=CARTESIAN_POINT('',(1.309807621135E1,8.E0,7.562177826491E0));
#2204=LINE('',#2203,#2202);
#2205=DIRECTION('',(8.660254037844E-1,0.E0,-5.E-1));
#2206=VECTOR('',#2205,3.E0);
#2207=CARTESIAN_POINT('',(1.05E1,8.E0,9.062177826491E0));
#2208=LINE('',#2207,#2206);
#2209=DIRECTION('',(8.660254037844E-1,0.E0,5.E-1));
#2210=VECTOR('',#2209,3.E0);
#2211=CARTESIAN_POINT('',(7.901923788647E0,8.E0,7.562177826491E0));
#2212=LINE('',#2211,#2210);
#2213=DIRECTION('',(0.E0,0.E0,1.E0));
#2214=VECTOR('',#2213,3.E0);
#2215=CARTESIAN_POINT('',(7.901923788647E0,8.E0,-1.968653347947E1));
#2216=LINE('',#2215,#2214);
#2217=DIRECTION('',(-8.660254037844E-1,0.E0,5.E-1));
#2218=VECTOR('',#2217,3.E0);
#2219=CARTESIAN_POINT('',(1.05E1,8.E0,-2.118653347947E1));
#2220=LINE('',#2219,#2218);
#2221=DIRECTION('',(-8.660254037844E-1,0.E0,-5.E-1));
#2222=VECTOR('',#2221,3.E0);
#2223=CARTESIAN_POINT('',(1.309807621135E1,8.E0,-1.968653347947E1));
#2224=LINE('',#2223,#2222);
#2225=DIRECTION('',(0.E0,0.E0,-1.E0));
#2226=VECTOR('',#2225,3.E0);
#2227=CARTESIAN_POINT('',(1.309807621135E1,8.E0,-1.668653347947E1));
#2228=LINE('',#2227,#2226);
#2229=DIRECTION('',(8.660254037844E-1,0.E0,-5.E-1));
#2230=VECTOR('',#2229,3.E0);
#2231=CARTESIAN_POINT('',(1.05E1,8.E0,-1.518653347947E1));
#2232=LINE('',#2231,#2230);
#2233=DIRECTION('',(8.660254037844E-1,0.E0,5.E-1));
#2234=VECTOR('',#2233,3.E0);
#2235=CARTESIAN_POINT('',(7.901923788647E0,8.E0,-1.668653347947E1));
#2236=LINE('',#2235,#2234);
#2237=DIRECTION('',(0.E0,0.E0,1.E0));
#2238=VECTOR('',#2237,3.E0);
#2239=CARTESIAN_POINT('',(9.019237886467E-1,8.E0,-1.968653347947E1));
#2240=LINE('',#2239,#2238);
#2241=DIRECTION('',(-8.660254037844E-1,0.E0,5.E-1));
#2242=VECTOR('',#2241,3.E0);
#2243=CARTESIAN_POINT('',(3.5E0,8.E0,-2.118653347947E1));
#2244=LINE('',#2243,#2242);
#2245=DIRECTION('',(-8.660254037844E-1,0.E0,-5.E-1));
#2246=VECTOR('',#2245,3.E0);
#2247=CARTESIAN_POINT('',(6.098076211353E0,8.E0,-1.968653347947E1));
#2248=LINE('',#2247,#2246);
#2249=DIRECTION('',(0.E0,0.E0,-1.E0));
#2250=VECTOR('',#2249,3.E0);
#2251=CARTESIAN_POINT('',(6.098076211353E0,8.E0,-1.668653347947E1));
#2252=LINE('',#2251,#2250);
#2253=DIRECTION('',(8.660254037844E-1,0.E0,-5.E-1));
#2254=VECTOR('',#2253,3.E0);
#2255=CARTESIAN_POINT('',(3.5E0,8.E0,-1.518653347947E1));
#2256=LINE('',#2255,#2254);
#2257=DIRECTION('',(8.660254037844E-1,0.E0,5.E-1));
#2258=VECTOR('',#2257,3.E0);
#2259=CARTESIAN_POINT('',(9.019237886467E-1,8.E0,-1.668653347947E1));
#2260=LINE('',#2259,#2258);
#2261=DIRECTION('',(0.E0,0.E0,1.E0));
#2262=VECTOR('',#2261,3.E0);
#2263=CARTESIAN_POINT('',(-6.098076211353E0,8.E0,-1.968653347947E1));
#2264=LINE('',#2263,#2262);
#2265=DIRECTION('',(-8.660254037844E-1,0.E0,5.E-1));
#2266=VECTOR('',#2265,3.E0);
#2267=CARTESIAN_POINT('',(-3.5E0,8.E0,-2.118653347947E1));
#2268=LINE('',#2267,#2266);
#2269=DIRECTION('',(-8.660254037844E-1,0.E0,-5.E-1));
#2270=VECTOR('',#2269,3.E0);
#2271=CARTESIAN_POINT('',(-9.019237886467E-1,8.E0,-1.968653347947E1));
#2272=LINE('',#2271,#2270);
#2273=DIRECTION('',(0.E0,0.E0,-1.E0));
#2274=VECTOR('',#2273,3.E0);
#2275=CARTESIAN_POINT('',(-9.019237886467E-1,8.E0,-1.668653347947E1));
#2276=LINE('',#2275,#2274);
#2277=DIRECTION('',(8.660254037844E-1,0.E0,-5.E-1));
#2278=VECTOR('',#2277,3.E0);
#2279=CARTESIAN_POINT('',(-3.5E0,8.E0,-1.518653347947E1));
#2280=LINE('',#2279,#2278);
#2281=DIRECTION('',(8.660254037844E-1,0.E0,5.E-1));
#2282=VECTOR('',#2281,3.E0);
#2283=CARTESIAN_POINT('',(-6.098076211353E0,8.E0,-1.668653347947E1));
#2284=LINE('',#2283,#2282);
#2285=DIRECTION('',(0.E0,0.E0,1.E0));
#2286=VECTOR('',#2285,3.E0);
#2287=CARTESIAN_POINT('',(-1.309807621135E1,8.E0,-1.968653347947E1));
#2288=LINE('',#2287,#2286);
#2289=DIRECTION('',(-8.660254037844E-1,0.E0,5.E-1));
#2290=VECTOR('',#2289,3.E0);
#2291=CARTESIAN_POINT('',(-1.05E1,8.E0,-2.118653347947E1));
#2292=LINE('',#2291,#2290);
#2293=DIRECTION('',(-8.660254037844E-1,0.E0,-5.E-1));
#2294=VECTOR('',#2293,3.E0);
#2295=CARTESIAN_POINT('',(-7.901923788647E0,8.E0,-1.968653347947E1));
#2296=LINE('',#2295,#2294);
#2297=DIRECTION('',(0.E0,0.E0,-1.E0));
#2298=VECTOR('',#2297,3.E0);
#2299=CARTESIAN_POINT('',(-7.901923788647E0,8.E0,-1.668653347947E1));
#2300=LINE('',#2299,#2298);
#2301=DIRECTION('',(8.660254037844E-1,0.E0,-5.E-1));
#2302=VECTOR('',#2301,3.E0);
#2303=CARTESIAN_POINT('',(-1.05E1,8.E0,-1.518653347947E1));
#2304=LINE('',#2303,#2302);
#2305=DIRECTION('',(8.660254037844E-1,0.E0,5.E-1));
#2306=VECTOR('',#2305,3.E0);
#2307=CARTESIAN_POINT('',(-1.309807621135E1,8.E0,-1.668653347947E1));
#2308=LINE('',#2307,#2306);
#2309=DIRECTION('',(0.E0,0.E0,1.E0));
#2310=VECTOR('',#2309,3.E0);
#2311=CARTESIAN_POINT('',(-1.659807621135E1,8.E0,-1.362435565298E1));
#2312=LINE('',#2311,#2310);
#2313=DIRECTION('',(-8.660254037844E-1,0.E0,5.E-1));
#2314=VECTOR('',#2313,3.E0);
#2315=CARTESIAN_POINT('',(-1.4E1,8.E0,-1.512435565298E1));
#2316=LINE('',#2315,#2314);
#2317=DIRECTION('',(-8.660254037844E-1,0.E0,-5.E-1));
#2318=VECTOR('',#2317,3.E0);
#2319=CARTESIAN_POINT('',(-1.140192378865E1,8.E0,-1.362435565298E1));
#2320=LINE('',#2319,#2318);
#2321=DIRECTION('',(0.E0,0.E0,-1.E0));
#2322=VECTOR('',#2321,3.E0);
#2323=CARTESIAN_POINT('',(-1.140192378865E1,8.E0,-1.062435565298E1));
#2324=LINE('',#2323,#2322);
#2325=DIRECTION('',(8.660254037844E-1,0.E0,-5.E-1));
#2326=VECTOR('',#2325,3.E0);
#2327=CARTESIAN_POINT('',(-1.4E1,8.E0,-9.124355652982E0));
#2328=LINE('',#2327,#2326);
#2329=DIRECTION('',(8.660254037844E-1,0.E0,5.E-1));
#2330=VECTOR('',#2329,3.E0);
#2331=CARTESIAN_POINT('',(-1.659807621135E1,8.E0,-1.062435565298E1));
#2332=LINE('',#2331,#2330);
#2333=DIRECTION('',(0.E0,0.E0,1.E0));
#2334=VECTOR('',#2333,3.E0);
#2335=CARTESIAN_POINT('',(-2.009807621135E1,8.E0,-7.562177826491E0));
#2336=LINE('',#2335,#2334);
#2337=DIRECTION('',(-8.660254037844E-1,0.E0,5.E-1));
#2338=VECTOR('',#2337,3.E0);
#2339=CARTESIAN_POINT('',(-1.75E1,8.E0,-9.062177826491E0));
#2340=LINE('',#2339,#2338);
#2341=DIRECTION('',(-8.660254037844E-1,0.E0,-5.E-1));
#2342=VECTOR('',#2341,3.E0);
#2343=CARTESIAN_POINT('',(-1.490192378865E1,8.E0,-7.562177826491E0));
#2344=LINE('',#2343,#2342);
#2345=DIRECTION('',(0.E0,0.E0,-1.E0));
#2346=VECTOR('',#2345,3.E0);
#2347=CARTESIAN_POINT('',(-1.490192378865E1,8.E0,-4.562177826491E0));
#2348=LINE('',#2347,#2346);
#2349=DIRECTION('',(8.660254037844E-1,0.E0,-5.E-1));
#2350=VECTOR('',#2349,3.E0);
#2351=CARTESIAN_POINT('',(-1.75E1,8.E0,-3.062177826491E0));
#2352=LINE('',#2351,#2350);
#2353=DIRECTION('',(8.660254037844E-1,0.E0,5.E-1));
#2354=VECTOR('',#2353,3.E0);
#2355=CARTESIAN_POINT('',(-2.009807621135E1,8.E0,-4.562177826491E0));
#2356=LINE('',#2355,#2354);
#2357=DIRECTION('',(0.E0,0.E0,1.E0));
#2358=VECTOR('',#2357,3.E0);
#2359=CARTESIAN_POINT('',(-2.359807621135E1,8.E0,-1.5E0));
#2360=LINE('',#2359,#2358);
#2361=DIRECTION('',(-8.660254037844E-1,0.E0,5.E-1));
#2362=VECTOR('',#2361,3.E0);
#2363=CARTESIAN_POINT('',(-2.1E1,8.E0,-3.E0));
#2364=LINE('',#2363,#2362);
#2365=DIRECTION('',(-8.660254037844E-1,0.E0,-5.E-1));
#2366=VECTOR('',#2365,3.E0);
#2367=CARTESIAN_POINT('',(-1.840192378865E1,8.E0,-1.5E0));
#2368=LINE('',#2367,#2366);
#2369=DIRECTION('',(0.E0,0.E0,-1.E0));
#2370=VECTOR('',#2369,3.E0);
#2371=CARTESIAN_POINT('',(-1.840192378865E1,8.E0,1.5E0));
#2372=LINE('',#2371,#2370);
#2373=DIRECTION('',(8.660254037844E-1,0.E0,-5.E-1));
#2374=VECTOR('',#2373,3.E0);
#2375=CARTESIAN_POINT('',(-2.1E1,8.E0,3.E0));
#2376=LINE('',#2375,#2374);
#2377=DIRECTION('',(8.660254037844E-1,0.E0,5.E-1));
#2378=VECTOR('',#2377,3.E0);
#2379=CARTESIAN_POINT('',(-2.359807621135E1,8.E0,1.5E0));
#2380=LINE('',#2379,#2378);
#2381=DIRECTION('',(0.E0,0.E0,1.E0));
#2382=VECTOR('',#2381,3.E0);
#2383=CARTESIAN_POINT('',(-2.009807621135E1,8.E0,4.562177826491E0));
#2384=LINE('',#2383,#2382);
#2385=DIRECTION('',(-8.660254037844E-1,0.E0,5.E-1));
#2386=VECTOR('',#2385,3.E0);
#2387=CARTESIAN_POINT('',(-1.75E1,8.E0,3.062177826491E0));
#2388=LINE('',#2387,#2386);
#2389=DIRECTION('',(-8.660254037844E-1,0.E0,-5.E-1));
#2390=VECTOR('',#2389,3.E0);
#2391=CARTESIAN_POINT('',(-1.490192378865E1,8.E0,4.562177826491E0));
#2392=LINE('',#2391,#2390);
#2393=DIRECTION('',(0.E0,0.E0,-1.E0));
#2394=VECTOR('',#2393,3.E0);
#2395=CARTESIAN_POINT('',(-1.490192378865E1,8.E0,7.562177826491E0));
#2396=LINE('',#2395,#2394);
#2397=DIRECTION('',(8.660254037844E-1,0.E0,-5.E-1));
#2398=VECTOR('',#2397,3.E0);
#2399=CARTESIAN_POINT('',(-1.75E1,8.E0,9.062177826491E0));
#2400=LINE('',#2399,#2398);
#2401=DIRECTION('',(8.660254037844E-1,0.E0,5.E-1));
#2402=VECTOR('',#2401,3.E0);
#2403=CARTESIAN_POINT('',(-2.009807621135E1,8.E0,7.562177826491E0));
#2404=LINE('',#2403,#2402);
#2405=DIRECTION('',(0.E0,0.E0,1.E0));
#2406=VECTOR('',#2405,3.E0);
#2407=CARTESIAN_POINT('',(-1.659807621135E1,8.E0,1.062435565298E1));
#2408=LINE('',#2407,#2406);
#2409=DIRECTION('',(-8.660254037844E-1,0.E0,5.E-1));
#2410=VECTOR('',#2409,3.E0);
#2411=CARTESIAN_POINT('',(-1.4E1,8.E0,9.124355652982E0));
#2412=LINE('',#2411,#2410);
#2413=DIRECTION('',(-8.660254037844E-1,0.E0,-5.E-1));
#2414=VECTOR('',#2413,3.E0);
#2415=CARTESIAN_POINT('',(-1.140192378865E1,8.E0,1.062435565298E1));
#2416=LINE('',#2415,#2414);
#2417=DIRECTION('',(0.E0,0.E0,-1.E0));
#2418=VECTOR('',#2417,3.E0);
#2419=CARTESIAN_POINT('',(-1.140192378865E1,8.E0,1.362435565298E1));
#2420=LINE('',#2419,#2418);
#2421=DIRECTION('',(8.660254037844E-1,0.E0,-5.E-1));
#2422=VECTOR('',#2421,3.E0);
#2423=CARTESIAN_POINT('',(-1.4E1,8.E0,1.512435565298E1));
#2424=LINE('',#2423,#2422);
#2425=DIRECTION('',(8.660254037844E-1,0.E0,5.E-1));
#2426=VECTOR('',#2425,3.E0);
#2427=CARTESIAN_POINT('',(-1.659807621135E1,8.E0,1.362435565298E1));
#2428=LINE('',#2427,#2426);
#2429=DIRECTION('',(0.E0,0.E0,1.E0));
#2430=VECTOR('',#2429,3.E0);
#2431=CARTESIAN_POINT('',(-1.309807621135E1,8.E0,1.668653347947E1));
#2432=LINE('',#2431,#2430);
#2433=DIRECTION('',(-8.660254037844E-1,0.E0,5.E-1));
#2434=VECTOR('',#2433,3.E0);
#2435=CARTESIAN_POINT('',(-1.05E1,8.E0,1.518653347947E1));
#2436=LINE('',#2435,#2434);
#2437=DIRECTION('',(-8.660254037844E-1,0.E0,-5.E-1));
#2438=VECTOR('',#2437,3.E0);
#2439=CARTESIAN_POINT('',(-7.901923788647E0,8.E0,1.668653347947E1));
#2440=LINE('',#2439,#2438);
#2441=DIRECTION('',(0.E0,0.E0,-1.E0));
#2442=VECTOR('',#2441,3.E0);
#2443=CARTESIAN_POINT('',(-7.901923788647E0,8.E0,1.968653347947E1));
#2444=LINE('',#2443,#2442);
#2445=DIRECTION('',(8.660254037844E-1,0.E0,-5.E-1));
#2446=VECTOR('',#2445,3.E0);
#2447=CARTESIAN_POINT('',(-1.05E1,8.E0,2.118653347947E1));
#2448=LINE('',#2447,#2446);
#2449=DIRECTION('',(8.660254037844E-1,0.E0,5.E-1));
#2450=VECTOR('',#2449,3.E0);
#2451=CARTESIAN_POINT('',(-1.309807621135E1,8.E0,1.968653347947E1));
#2452=LINE('',#2451,#2450);
#2453=DIRECTION('',(0.E0,0.E0,1.E0));
#2454=VECTOR('',#2453,3.E0);
#2455=CARTESIAN_POINT('',(-6.098076211353E0,8.E0,1.668653347947E1));
#2456=LINE('',#2455,#2454);
#2457=DIRECTION('',(-8.660254037844E-1,0.E0,5.E-1));
#2458=VECTOR('',#2457,3.E0);
#2459=CARTESIAN_POINT('',(-3.5E0,8.E0,1.518653347947E1));
#2460=LINE('',#2459,#2458);
#2461=DIRECTION('',(-8.660254037844E-1,0.E0,-5.E-1));
#2462=VECTOR('',#2461,3.E0);
#2463=CARTESIAN_POINT('',(-9.019237886467E-1,8.E0,1.668653347947E1));
#2464=LINE('',#2463,#2462);
#2465=DIRECTION('',(0.E0,0.E0,-1.E0));
#2466=VECTOR('',#2465,3.E0);
#2467=CARTESIAN_POINT('',(-9.019237886467E-1,8.E0,1.968653347947E1));
#2468=LINE('',#2467,#2466);
#2469=DIRECTION('',(8.660254037844E-1,0.E0,-5.E-1));
#2470=VECTOR('',#2469,3.E0);
#2471=CARTESIAN_POINT('',(-3.5E0,8.E0,2.118653347947E1));
#2472=LINE('',#2471,#2470);
#2473=DIRECTION('',(8.660254037844E-1,0.E0,5.E-1));
#2474=VECTOR('',#2473,3.E0);
#2475=CARTESIAN_POINT('',(-6.098076211353E0,8.E0,1.968653347947E1));
#2476=LINE('',#2475,#2474);
#2477=DIRECTION('',(0.E0,0.E0,1.E0));
#2478=VECTOR('',#2477,3.E0);
#2479=CARTESIAN_POINT('',(9.019237886467E-1,8.E0,1.668653347947E1));
#2480=LINE('',#2479,#2478);
#2481=DIRECTION('',(-8.660254037844E-1,0.E0,5.E-1));
#2482=VECTOR('',#2481,3.E0);
#2483=CARTESIAN_POINT('',(3.5E0,8.E0,1.518653347947E1));
#2484=LINE('',#2483,#2482);
#2485=DIRECTION('',(-8.660254037844E-1,0.E0,-5.E-1));
#2486=VECTOR('',#2485,3.E0);
#2487=CARTESIAN_POINT('',(6.098076211353E0,8.E0,1.668653347947E1));
#2488=LINE('',#2487,#2486);
#2489=DIRECTION('',(0.E0,0.E0,-1.E0));
#2490=VECTOR('',#2489,3.E0);
#2491=CARTESIAN_POINT('',(6.098076211353E0,8.E0,1.968653347947E1));
#2492=LINE('',#2491,#2490);
#2493=DIRECTION('',(8.660254037844E-1,0.E0,-5.E-1));
#2494=VECTOR('',#2493,3.E0);
#2495=CARTESIAN_POINT('',(3.5E0,8.E0,2.118653347947E1));
#2496=LINE('',#2495,#2494);
#2497=DIRECTION('',(8.660254037844E-1,0.E0,5.E-1));
#2498=VECTOR('',#2497,3.E0);
#2499=CARTESIAN_POINT('',(9.019237886467E-1,8.E0,1.968653347947E1));
#2500=LINE('',#2499,#2498);
#2501=DIRECTION('',(0.E0,0.E0,1.E0));
#2502=VECTOR('',#2501,3.E0);
#2503=CARTESIAN_POINT('',(7.901923788647E0,8.E0,1.668653347947E1));
#2504=LINE('',#2503,#2502);
#2505=DIRECTION('',(-8.660254037844E-1,0.E0,5.E-1));
#2506=VECTOR('',#2505,3.E0);
#2507=CARTESIAN_POINT('',(1.05E1,8.E0,1.518653347947E1));
#2508=LINE('',#2507,#2506);
#2509=DIRECTION('',(-8.660254037844E-1,0.E0,-5.E-1));
#2510=VECTOR('',#2509,3.E0);
#2511=CARTESIAN_POINT('',(1.309807621135E1,8.E0,1.668653347947E1));
#2512=LINE('',#2511,#2510);
#2513=DIRECTION('',(0.E0,0.E0,-1.E0));
#2514=VECTOR('',#2513,3.E0);
#2515=CARTESIAN_POINT('',(1.309807621135E1,8.E0,1.968653347947E1));
#2516=LINE('',#2515,#2514);
#2517=DIRECTION('',(8.660254037844E-1,0.E0,-5.E-1));
#2518=VECTOR('',#2517,3.E0);
#2519=CARTESIAN_POINT('',(1.05E1,8.E0,2.118653347947E1));
#2520=LINE('',#2519,#2518);
#2521=DIRECTION('',(8.660254037844E-1,0.E0,5.E-1));
#2522=VECTOR('',#2521,3.E0);
#2523=CARTESIAN_POINT('',(7.901923788647E0,8.E0,1.968653347947E1));
#2524=LINE('',#2523,#2522);
#2525=DIRECTION('',(0.E0,0.E0,1.E0));
#2526=VECTOR('',#2525,3.E0);
#2527=CARTESIAN_POINT('',(-2.009807621135E1,8.E0,-1.968653347947E1));
#2528=LINE('',#2527,#2526);
#2529=DIRECTION('',(-8.660254037844E-1,0.E0,5.E-1));
#2530=VECTOR('',#2529,3.E0);
#2531=CARTESIAN_POINT('',(-1.75E1,8.E0,-2.118653347947E1));
#2532=LINE('',#2531,#2530);
#2533=DIRECTION('',(-8.660254037844E-1,0.E0,-5.E-1));
#2534=VECTOR('',#2533,3.E0);
#2535=CARTESIAN_POINT('',(-1.490192378865E1,8.E0,-1.968653347947E1));
#2536=LINE('',#2535,#2534);
#2537=DIRECTION('',(0.E0,0.E0,-1.E0));
#2538=VECTOR('',#2537,3.E0);
#2539=CARTESIAN_POINT('',(-1.490192378865E1,8.E0,-1.668653347947E1));
#2540=LINE('',#2539,#2538);
#2541=DIRECTION('',(8.660254037844E-1,0.E0,-5.E-1));
#2542=VECTOR('',#2541,3.E0);
#2543=CARTESIAN_POINT('',(-1.75E1,8.E0,-1.518653347947E1));
#2544=LINE('',#2543,#2542);
#2545=DIRECTION('',(8.660254037844E-1,0.E0,5.E-1));
#2546=VECTOR('',#2545,3.E0);
#2547=CARTESIAN_POINT('',(-2.009807621135E1,8.E0,-1.668653347947E1));
#2548=LINE('',#2547,#2546);
#2549=DIRECTION('',(0.E0,0.E0,1.E0));
#2550=VECTOR('',#2549,3.E0);
#2551=CARTESIAN_POINT('',(-2.359807621135E1,8.E0,-1.362435565298E1));
#2552=LINE('',#2551,#2550);
#2553=DIRECTION('',(-8.660254037844E-1,0.E0,5.E-1));
#2554=VECTOR('',#2553,3.E0);
#2555=CARTESIAN_POINT('',(-2.1E1,8.E0,-1.512435565298E1));
#2556=LINE('',#2555,#2554);
#2557=DIRECTION('',(-8.660254037844E-1,0.E0,-5.E-1));
#2558=VECTOR('',#2557,3.E0);
#2559=CARTESIAN_POINT('',(-1.840192378865E1,8.E0,-1.362435565298E1));
#2560=LINE('',#2559,#2558);
#2561=DIRECTION('',(0.E0,0.E0,-1.E0));
#2562=VECTOR('',#2561,3.E0);
#2563=CARTESIAN_POINT('',(-1.840192378865E1,8.E0,-1.062435565298E1));
#2564=LINE('',#2563,#2562);
#2565=DIRECTION('',(8.660254037844E-1,0.E0,-5.E-1));
#2566=VECTOR('',#2565,3.E0);
#2567=CARTESIAN_POINT('',(-2.1E1,8.E0,-9.124355652982E0));
#2568=LINE('',#2567,#2566);
#2569=DIRECTION('',(8.660254037844E-1,0.E0,5.E-1));
#2570=VECTOR('',#2569,3.E0);
#2571=CARTESIAN_POINT('',(-2.359807621135E1,8.E0,-1.062435565298E1));
#2572=LINE('',#2571,#2570);
#2573=DIRECTION('',(0.E0,0.E0,1.E0));
#2574=VECTOR('',#2573,3.E0);
#2575=CARTESIAN_POINT('',(-2.709807621135E1,8.E0,-7.562177826491E0));
#2576=LINE('',#2575,#2574);
#2577=DIRECTION('',(-8.660254037844E-1,0.E0,5.E-1));
#2578=VECTOR('',#2577,3.E0);
#2579=CARTESIAN_POINT('',(-2.45E1,8.E0,-9.062177826491E0));
#2580=LINE('',#2579,#2578);
#2581=DIRECTION('',(-8.660254037844E-1,0.E0,-5.E-1));
#2582=VECTOR('',#2581,3.E0);
#2583=CARTESIAN_POINT('',(-2.190192378865E1,8.E0,-7.562177826491E0));
#2584=LINE('',#2583,#2582);
#2585=DIRECTION('',(0.E0,0.E0,-1.E0));
#2586=VECTOR('',#2585,3.E0);
#2587=CARTESIAN_POINT('',(-2.190192378865E1,8.E0,-4.562177826491E0));
#2588=LINE('',#2587,#2586);
#2589=DIRECTION('',(8.660254037844E-1,0.E0,-5.E-1));
#2590=VECTOR('',#2589,3.E0);
#2591=CARTESIAN_POINT('',(-2.45E1,8.E0,-3.062177826491E0));
#2592=LINE('',#2591,#2590);
#2593=DIRECTION('',(8.660254037844E-1,0.E0,5.E-1));
#2594=VECTOR('',#2593,3.E0);
#2595=CARTESIAN_POINT('',(-2.709807621135E1,8.E0,-4.562177826491E0));
#2596=LINE('',#2595,#2594);
#2597=DIRECTION('',(0.E0,0.E0,1.E0));
#2598=VECTOR('',#2597,3.E0);
#2599=CARTESIAN_POINT('',(-3.059807621135E1,8.E0,-1.5E0));
#2600=LINE('',#2599,#2598);
#2601=DIRECTION('',(-8.660254037844E-1,0.E0,5.E-1));
#2602=VECTOR('',#2601,3.E0);
#2603=CARTESIAN_POINT('',(-2.8E1,8.E0,-3.E0));
#2604=LINE('',#2603,#2602);
#2605=DIRECTION('',(-8.660254037844E-1,0.E0,-5.E-1));
#2606=VECTOR('',#2605,3.E0);
#2607=CARTESIAN_POINT('',(-2.540192378865E1,8.E0,-1.5E0));
#2608=LINE('',#2607,#2606);
#2609=DIRECTION('',(0.E0,0.E0,-1.E0));
#2610=VECTOR('',#2609,3.E0);
#2611=CARTESIAN_POINT('',(-2.540192378865E1,8.E0,1.5E0));
#2612=LINE('',#2611,#2610);
#2613=DIRECTION('',(8.660254037844E-1,0.E0,-5.E-1));
#2614=VECTOR('',#2613,3.E0);
#2615=CARTESIAN_POINT('',(-2.8E1,8.E0,3.E0));
#2616=LINE('',#2615,#2614);
#2617=DIRECTION('',(8.660254037844E-1,0.E0,5.E-1));
#2618=VECTOR('',#2617,3.E0);
#2619=CARTESIAN_POINT('',(-3.059807621135E1,8.E0,1.5E0));
#2620=LINE('',#2619,#2618);
#2621=DIRECTION('',(0.E0,0.E0,1.E0));
#2622=VECTOR('',#2621,3.E0);
#2623=CARTESIAN_POINT('',(-2.709807621135E1,8.E0,4.562177826491E0));
#2624=LINE('',#2623,#2622);
#2625=DIRECTION('',(-8.660254037844E-1,0.E0,5.E-1));
#2626=VECTOR('',#2625,3.E0);
#2627=CARTESIAN_POINT('',(-2.45E1,8.E0,3.062177826491E0));
#2628=LINE('',#2627,#2626);
#2629=DIRECTION('',(-8.660254037844E-1,0.E0,-5.E-1));
#2630=VECTOR('',#2629,3.E0);
#2631=CARTESIAN_POINT('',(-2.190192378865E1,8.E0,4.562177826491E0));
#2632=LINE('',#2631,#2630);
#2633=DIRECTION('',(0.E0,0.E0,-1.E0));
#2634=VECTOR('',#2633,3.E0);
#2635=CARTESIAN_POINT('',(-2.190192378865E1,8.E0,7.562177826491E0));
#2636=LINE('',#2635,#2634);
#2637=DIRECTION('',(8.660254037844E-1,0.E0,-5.E-1));
#2638=VECTOR('',#2637,3.E0);
#2639=CARTESIAN_POINT('',(-2.45E1,8.E0,9.062177826491E0));
#2640=LINE('',#2639,#2638);
#2641=DIRECTION('',(8.660254037844E-1,0.E0,5.E-1));
#2642=VECTOR('',#2641,3.E0);
#2643=CARTESIAN_POINT('',(-2.709807621135E1,8.E0,7.562177826491E0));
#2644=LINE('',#2643,#2642);
#2645=DIRECTION('',(0.E0,0.E0,1.E0));
#2646=VECTOR('',#2645,3.E0);
#2647=CARTESIAN_POINT('',(-2.359807621135E1,8.E0,1.062435565298E1));
#2648=LINE('',#2647,#2646);
#2649=DIRECTION('',(-8.660254037844E-1,0.E0,5.E-1));
#2650=VECTOR('',#2649,3.E0);
#2651=CARTESIAN_POINT('',(-2.1E1,8.E0,9.124355652982E0));
#2652=LINE('',#2651,#2650);
#2653=DIRECTION('',(-8.660254037844E-1,0.E0,-5.E-1));
#2654=VECTOR('',#2653,3.E0);
#2655=CARTESIAN_POINT('',(-1.840192378865E1,8.E0,1.062435565298E1));
#2656=LINE('',#2655,#2654);
#2657=DIRECTION('',(0.E0,0.E0,-1.E0));
#2658=VECTOR('',#2657,3.E0);
#2659=CARTESIAN_POINT('',(-1.840192378865E1,8.E0,1.362435565298E1));
#2660=LINE('',#2659,#2658);
#2661=DIRECTION('',(8.660254037844E-1,0.E0,-5.E-1));
#2662=VECTOR('',#2661,3.E0);
#2663=CARTESIAN_POINT('',(-2.1E1,8.E0,1.512435565298E1));
#2664=LINE('',#2663,#2662);
#2665=DIRECTION('',(8.660254037844E-1,0.E0,5.E-1));
#2666=VECTOR('',#2665,3.E0);
#2667=CARTESIAN_POINT('',(-2.359807621135E1,8.E0,1.362435565298E1));
#2668=LINE('',#2667,#2666);
#2669=DIRECTION('',(0.E0,0.E0,1.E0));
#2670=VECTOR('',#2669,3.E0);
#2671=CARTESIAN_POINT('',(-2.009807621135E1,8.E0,1.668653347947E1));
#2672=LINE('',#2671,#2670);
#2673=DIRECTION('',(-8.660254037844E-1,0.E0,5.E-1));
#2674=VECTOR('',#2673,3.E0);
#2675=CARTESIAN_POINT('',(-1.75E1,8.E0,1.518653347947E1));
#2676=LINE('',#2675,#2674);
#2677=DIRECTION('',(-8.660254037844E-1,0.E0,-5.E-1));
#2678=VECTOR('',#2677,3.E0);
#2679=CARTESIAN_POINT('',(-1.490192378865E1,8.E0,1.668653347947E1));
#2680=LINE('',#2679,#2678);
#2681=DIRECTION('',(0.E0,0.E0,-1.E0));
#2682=VECTOR('',#2681,3.E0);
#2683=CARTESIAN_POINT('',(-1.490192378865E1,8.E0,1.968653347947E1));
#2684=LINE('',#2683,#2682);
#2685=DIRECTION('',(8.660254037844E-1,0.E0,-5.E-1));
#2686=VECTOR('',#2685,3.E0);
#2687=CARTESIAN_POINT('',(-1.75E1,8.E0,2.118653347947E1));
#2688=LINE('',#2687,#2686);
#2689=DIRECTION('',(8.660254037844E-1,0.E0,5.E-1));
#2690=VECTOR('',#2689,3.E0);
#2691=CARTESIAN_POINT('',(-2.009807621135E1,8.E0,1.968653347947E1));
#2692=LINE('',#2691,#2690);
#2693=DIRECTION('',(0.E0,0.E0,1.E0));
#2694=VECTOR('',#2693,3.E0);
#2695=CARTESIAN_POINT('',(-2.709807621135E1,8.E0,-1.968653347947E1));
#2696=LINE('',#2695,#2694);
#2697=DIRECTION('',(-8.660254037844E-1,0.E0,5.E-1));
#2698=VECTOR('',#2697,3.E0);
#2699=CARTESIAN_POINT('',(-2.45E1,8.E0,-2.118653347947E1));
#2700=LINE('',#2699,#2698);
#2701=DIRECTION('',(-8.660254037844E-1,0.E0,-5.E-1));
#2702=VECTOR('',#2701,3.E0);
#2703=CARTESIAN_POINT('',(-2.190192378865E1,8.E0,-1.968653347947E1));
#2704=LINE('',#2703,#2702);
#2705=DIRECTION('',(0.E0,0.E0,-1.E0));
#2706=VECTOR('',#2705,3.E0);
#2707=CARTESIAN_POINT('',(-2.190192378865E1,8.E0,-1.668653347947E1));
#2708=LINE('',#2707,#2706);
#2709=DIRECTION('',(8.660254037844E-1,0.E0,-5.E-1));
#2710=VECTOR('',#2709,3.E0);
#2711=CARTESIAN_POINT('',(-2.45E1,8.E0,-1.518653347947E1));
#2712=LINE('',#2711,#2710);
#2713=DIRECTION('',(8.660254037844E-1,0.E0,5.E-1));
#2714=VECTOR('',#2713,3.E0);
#2715=CARTESIAN_POINT('',(-2.709807621135E1,8.E0,-1.668653347947E1));
#2716=LINE('',#2715,#2714);
#2717=DIRECTION('',(0.E0,0.E0,1.E0));
#2718=VECTOR('',#2717,3.E0);
#2719=CARTESIAN_POINT('',(-3.059807621135E1,8.E0,-1.362435565298E1));
#2720=LINE('',#2719,#2718);
#2721=DIRECTION('',(-8.660254037844E-1,0.E0,5.E-1));
#2722=VECTOR('',#2721,3.E0);
#2723=CARTESIAN_POINT('',(-2.8E1,8.E0,-1.512435565298E1));
#2724=LINE('',#2723,#2722);
#2725=DIRECTION('',(-8.660254037844E-1,0.E0,-5.E-1));
#2726=VECTOR('',#2725,3.E0);
#2727=CARTESIAN_POINT('',(-2.540192378865E1,8.E0,-1.362435565298E1));
#2728=LINE('',#2727,#2726);
#2729=DIRECTION('',(0.E0,0.E0,-1.E0));
#2730=VECTOR('',#2729,3.E0);
#2731=CARTESIAN_POINT('',(-2.540192378865E1,8.E0,-1.062435565298E1));
#2732=LINE('',#2731,#2730);
#2733=DIRECTION('',(8.660254037844E-1,0.E0,-5.E-1));
#2734=VECTOR('',#2733,3.E0);
#2735=CARTESIAN_POINT('',(-2.8E1,8.E0,-9.124355652982E0));
#2736=LINE('',#2735,#2734);
#2737=DIRECTION('',(8.660254037844E-1,0.E0,5.E-1));
#2738=VECTOR('',#2737,3.E0);
#2739=CARTESIAN_POINT('',(-3.059807621135E1,8.E0,-1.062435565298E1));
#2740=LINE('',#2739,#2738);
#2741=DIRECTION('',(0.E0,0.E0,1.E0));
#2742=VECTOR('',#2741,3.E0);
#2743=CARTESIAN_POINT('',(-3.409807621135E1,8.E0,-7.562177826491E0));
#2744=LINE('',#2743,#2742);
#2745=DIRECTION('',(-8.660254037844E-1,0.E0,5.E-1));
#2746=VECTOR('',#2745,3.E0);
#2747=CARTESIAN_POINT('',(-3.15E1,8.E0,-9.062177826491E0));
#2748=LINE('',#2747,#2746);
#2749=DIRECTION('',(-8.660254037844E-1,0.E0,-5.E-1));
#2750=VECTOR('',#2749,3.E0);
#2751=CARTESIAN_POINT('',(-2.890192378865E1,8.E0,-7.562177826491E0));
#2752=LINE('',#2751,#2750);
#2753=DIRECTION('',(0.E0,0.E0,-1.E0));
#2754=VECTOR('',#2753,3.E0);
#2755=CARTESIAN_POINT('',(-2.890192378865E1,8.E0,-4.562177826491E0));
#2756=LINE('',#2755,#2754);
#2757=DIRECTION('',(8.660254037844E-1,0.E0,-5.E-1));
#2758=VECTOR('',#2757,3.E0);
#2759=CARTESIAN_POINT('',(-3.15E1,8.E0,-3.062177826491E0));
#2760=LINE('',#2759,#2758);
#2761=DIRECTION('',(8.660254037844E-1,0.E0,5.E-1));
#2762=VECTOR('',#2761,3.E0);
#2763=CARTESIAN_POINT('',(-3.409807621135E1,8.E0,-4.562177826491E0));
#2764=LINE('',#2763,#2762);
#2765=DIRECTION('',(0.E0,0.E0,1.E0));
#2766=VECTOR('',#2765,3.E0);
#2767=CARTESIAN_POINT('',(-3.759807621135E1,8.E0,-1.5E0));
#2768=LINE('',#2767,#2766);
#2769=DIRECTION('',(-8.660254037844E-1,0.E0,5.E-1));
#2770=VECTOR('',#2769,3.E0);
#2771=CARTESIAN_POINT('',(-3.5E1,8.E0,-3.E0));
#2772=LINE('',#2771,#2770);
#2773=DIRECTION('',(-8.660254037844E-1,0.E0,-5.E-1));
#2774=VECTOR('',#2773,3.E0);
#2775=CARTESIAN_POINT('',(-3.240192378865E1,8.E0,-1.5E0));
#2776=LINE('',#2775,#2774);
#2777=DIRECTION('',(0.E0,0.E0,-1.E0));
#2778=VECTOR('',#2777,3.E0);
#2779=CARTESIAN_POINT('',(-3.240192378865E1,8.E0,1.5E0));
#2780=LINE('',#2779,#2778);
#2781=DIRECTION('',(8.660254037844E-1,0.E0,-5.E-1));
#2782=VECTOR('',#2781,3.E0);
#2783=CARTESIAN_POINT('',(-3.5E1,8.E0,3.E0));
#2784=LINE('',#2783,#2782);
#2785=DIRECTION('',(8.660254037844E-1,0.E0,5.E-1));
#2786=VECTOR('',#2785,3.E0);
#2787=CARTESIAN_POINT('',(-3.759807621135E1,8.E0,1.5E0));
#2788=LINE('',#2787,#2786);
#2789=DIRECTION('',(0.E0,0.E0,1.E0));
#2790=VECTOR('',#2789,3.E0);
#2791=CARTESIAN_POINT('',(-3.409807621135E1,8.E0,4.562177826491E0));
#2792=LINE('',#2791,#2790);
#2793=DIRECTION('',(-8.660254037844E-1,0.E0,5.E-1));
#2794=VECTOR('',#2793,3.E0);
#2795=CARTESIAN_POINT('',(-3.15E1,8.E0,3.062177826491E0));
#2796=LINE('',#2795,#2794);
#2797=DIRECTION('',(-8.660254037844E-1,0.E0,-5.E-1));
#2798=VECTOR('',#2797,3.E0);
#2799=CARTESIAN_POINT('',(-2.890192378865E1,8.E0,4.562177826491E0));
#2800=LINE('',#2799,#2798);
#2801=DIRECTION('',(0.E0,0.E0,-1.E0));
#2802=VECTOR('',#2801,3.E0);
#2803=CARTESIAN_POINT('',(-2.890192378865E1,8.E0,7.562177826491E0));
#2804=LINE('',#2803,#2802);
#2805=DIRECTION('',(8.660254037844E-1,0.E0,-5.E-1));
#2806=VECTOR('',#2805,3.E0);
#2807=CARTESIAN_POINT('',(-3.15E1,8.E0,9.062177826491E0));
#2808=LINE('',#2807,#2806);
#2809=DIRECTION('',(8.660254037844E-1,0.E0,5.E-1));
#2810=VECTOR('',#2809,3.E0);
#2811=CARTESIAN_POINT('',(-3.409807621135E1,8.E0,7.562177826491E0));
#2812=LINE('',#2811,#2810);
#2813=DIRECTION('',(0.E0,0.E0,1.E0));
#2814=VECTOR('',#2813,3.E0);
#2815=CARTESIAN_POINT('',(-3.059807621135E1,8.E0,1.062435565298E1));
#2816=LINE('',#2815,#2814);
#2817=DIRECTION('',(-8.660254037844E-1,0.E0,5.E-1));
#2818=VECTOR('',#2817,3.E0);
#2819=CARTESIAN_POINT('',(-2.8E1,8.E0,9.124355652982E0));
#2820=LINE('',#2819,#2818);
#2821=DIRECTION('',(-8.660254037844E-1,0.E0,-5.E-1));
#2822=VECTOR('',#2821,3.E0);
#2823=CARTESIAN_POINT('',(-2.540192378865E1,8.E0,1.062435565298E1));
#2824=LINE('',#2823,#2822);
#2825=DIRECTION('',(0.E0,0.E0,-1.E0));
#2826=VECTOR('',#2825,3.E0);
#2827=CARTESIAN_POINT('',(-2.540192378865E1,8.E0,1.362435565298E1));
#2828=LINE('',#2827,#2826);
#2829=DIRECTION('',(8.660254037844E-1,0.E0,-5.E-1));
#2830=VECTOR('',#2829,3.E0);
#2831=CARTESIAN_POINT('',(-2.8E1,8.E0,1.512435565298E1));
#2832=LINE('',#2831,#2830);
#2833=DIRECTION('',(8.660254037844E-1,0.E0,5.E-1));
#2834=VECTOR('',#2833,3.E0);
#2835=CARTESIAN_POINT('',(-3.059807621135E1,8.E0,1.362435565298E1));
#2836=LINE('',#2835,#2834);
#2837=DIRECTION('',(0.E0,0.E0,1.E0));
#2838=VECTOR('',#2837,3.E0);
#2839=CARTESIAN_POINT('',(-2.709807621135E1,8.E0,1.668653347947E1));
#2840=LINE('',#2839,#2838);
#2841=DIRECTION('',(-8.660254037844E-1,0.E0,5.E-1));
#2842=VECTOR('',#2841,3.E0);
#2843=CARTESIAN_POINT('',(-2.45E1,8.E0,1.518653347947E1));
#2844=LINE('',#2843,#2842);
#2845=DIRECTION('',(-8.660254037844E-1,0.E0,-5.E-1));
#2846=VECTOR('',#2845,3.E0);
#2847=CARTESIAN_POINT('',(-2.190192378865E1,8.E0,1.668653347947E1));
#2848=LINE('',#2847,#2846);
#2849=DIRECTION('',(0.E0,0.E0,-1.E0));
#2850=VECTOR('',#2849,3.E0);
#2851=CARTESIAN_POINT('',(-2.190192378865E1,8.E0,1.968653347947E1));
#2852=LINE('',#2851,#2850);
#2853=DIRECTION('',(8.660254037844E-1,0.E0,-5.E-1));
#2854=VECTOR('',#2853,3.E0);
#2855=CARTESIAN_POINT('',(-2.45E1,8.E0,2.118653347947E1));
#2856=LINE('',#2855,#2854);
#2857=DIRECTION('',(8.660254037844E-1,0.E0,5.E-1));
#2858=VECTOR('',#2857,3.E0);
#2859=CARTESIAN_POINT('',(-2.709807621135E1,8.E0,1.968653347947E1));
#2860=LINE('',#2859,#2858);
#2861=DIRECTION('',(0.E0,0.E0,1.E0));
#2862=VECTOR('',#2861,3.E0);
#2863=CARTESIAN_POINT('',(-3.409807621135E1,8.E0,-1.968653347947E1));
#2864=LINE('',#2863,#2862);
#2865=DIRECTION('',(-8.660254037844E-1,0.E0,5.E-1));
#2866=VECTOR('',#2865,3.E0);
#2867=CARTESIAN_POINT('',(-3.15E1,8.E0,-2.118653347947E1));
#2868=LINE('',#2867,#2866);
#2869=DIRECTION('',(-8.660254037844E-1,0.E0,-5.E-1));
#2870=VECTOR('',#2869,3.E0);
#2871=CARTESIAN_POINT('',(-2.890192378865E1,8.E0,-1.968653347947E1));
#2872=LINE('',#2871,#2870);
#2873=DIRECTION('',(0.E0,0.E0,-1.E0));
#2874=VECTOR('',#2873,3.E0);
#2875=CARTESIAN_POINT('',(-2.890192378865E1,8.E0,-1.668653347947E1));
#2876=LINE('',#2875,#2874);
#2877=DIRECTION('',(8.660254037844E-1,0.E0,-5.E-1));
#2878=VECTOR('',#2877,3.E0);
#2879=CARTESIAN_POINT('',(-3.15E1,8.E0,-1.518653347947E1));
#2880=LINE('',#2879,#2878);
#2881=DIRECTION('',(8.660254037844E-1,0.E0,5.E-1));
#2882=VECTOR('',#2881,3.E0);
#2883=CARTESIAN_POINT('',(-3.409807621135E1,8.E0,-1.668653347947E1));
#2884=LINE('',#2883,#2882);
#2885=DIRECTION('',(0.E0,0.E0,1.E0));
#2886=VECTOR('',#2885,3.E0);
#2887=CARTESIAN_POINT('',(-3.759807621135E1,8.E0,-1.362435565298E1));
#2888=LINE('',#2887,#2886);
#2889=DIRECTION('',(-8.660254037844E-1,0.E0,5.E-1));
#2890=VECTOR('',#2889,3.E0);
#2891=CARTESIAN_POINT('',(-3.5E1,8.E0,-1.512435565298E1));
#2892=LINE('',#2891,#2890);
#2893=DIRECTION('',(-8.660254037844E-1,0.E0,-5.E-1));
#2894=VECTOR('',#2893,3.E0);
#2895=CARTESIAN_POINT('',(-3.240192378865E1,8.E0,-1.362435565298E1));
#2896=LINE('',#2895,#2894);
#2897=DIRECTION('',(0.E0,0.E0,-1.E0));
#2898=VECTOR('',#2897,3.E0);
#2899=CARTESIAN_POINT('',(-3.240192378865E1,8.E0,-1.062435565298E1));
#2900=LINE('',#2899,#2898);
#2901=DIRECTION('',(8.660254037844E-1,0.E0,-5.E-1));
#2902=VECTOR('',#2901,3.E0);
#2903=CARTESIAN_POINT('',(-3.5E1,8.E0,-9.124355652982E0));
#2904=LINE('',#2903,#2902);
#2905=DIRECTION('',(8.660254037844E-1,0.E0,5.E-1));
#2906=VECTOR('',#2905,3.E0);
#2907=CARTESIAN_POINT('',(-3.759807621135E1,8.E0,-1.062435565298E1));
#2908=LINE('',#2907,#2906);
#2909=DIRECTION('',(0.E0,0.E0,1.E0));
#2910=VECTOR('',#2909,3.E0);
#2911=CARTESIAN_POINT('',(-4.109807621135E1,8.E0,-7.562177826491E0));
#2912=LINE('',#2911,#2910);
#2913=DIRECTION('',(-8.660254037844E-1,0.E0,5.E-1));
#2914=VECTOR('',#2913,3.E0);
#2915=CARTESIAN_POINT('',(-3.85E1,8.E0,-9.062177826491E0));
#2916=LINE('',#2915,#2914);
#2917=DIRECTION('',(-8.660254037844E-1,0.E0,-5.E-1));
#2918=VECTOR('',#2917,3.E0);
#2919=CARTESIAN_POINT('',(-3.590192378865E1,8.E0,-7.562177826491E0));
#2920=LINE('',#2919,#2918);
#2921=DIRECTION('',(0.E0,0.E0,-1.E0));
#2922=VECTOR('',#2921,3.E0);
#2923=CARTESIAN_POINT('',(-3.590192378865E1,8.E0,-4.562177826491E0));
#2924=LINE('',#2923,#2922);
#2925=DIRECTION('',(8.660254037844E-1,0.E0,-5.E-1));
#2926=VECTOR('',#2925,3.E0);
#2927=CARTESIAN_POINT('',(-3.85E1,8.E0,-3.062177826491E0));
#2928=LINE('',#2927,#2926);
#2929=DIRECTION('',(8.660254037844E-1,0.E0,5.E-1));
#2930=VECTOR('',#2929,3.E0);
#2931=CARTESIAN_POINT('',(-4.109807621135E1,8.E0,-4.562177826491E0));
#2932=LINE('',#2931,#2930);
#2933=DIRECTION('',(0.E0,0.E0,1.E0));
#2934=VECTOR('',#2933,3.E0);
#2935=CARTESIAN_POINT('',(-4.459807621135E1,8.E0,-1.5E0));
#2936=LINE('',#2935,#2934);
#2937=DIRECTION('',(-8.660254037844E-1,0.E0,5.E-1));
#2938=VECTOR('',#2937,3.E0);
#2939=CARTESIAN_POINT('',(-4.2E1,8.E0,-3.E0));
#2940=LINE('',#2939,#2938);
#2941=DIRECTION('',(-8.660254037844E-1,0.E0,-5.E-1));
#2942=VECTOR('',#2941,3.E0);
#2943=CARTESIAN_POINT('',(-3.940192378865E1,8.E0,-1.5E0));
#2944=LINE('',#2943,#2942);
#2945=DIRECTION('',(0.E0,0.E0,-1.E0));
#2946=VECTOR('',#2945,3.E0);
#2947=CARTESIAN_POINT('',(-3.940192378865E1,8.E0,1.5E0));
#2948=LINE('',#2947,#2946);
#2949=DIRECTION('',(8.660254037844E-1,0.E0,-5.E-1));
#2950=VECTOR('',#2949,3.E0);
#2951=CARTESIAN_POINT('',(-4.2E1,8.E0,3.E0));
#2952=LINE('',#2951,#2950);
#2953=DIRECTION('',(8.660254037844E-1,0.E0,5.E-1));
#2954=VECTOR('',#2953,3.E0);
#2955=CARTESIAN_POINT('',(-4.459807621135E1,8.E0,1.5E0));
#2956=LINE('',#2955,#2954);
#2957=DIRECTION('',(0.E0,0.E0,1.E0));
#2958=VECTOR('',#2957,3.E0);
#2959=CARTESIAN_POINT('',(-4.109807621135E1,8.E0,4.562177826491E0));
#2960=LINE('',#2959,#2958);
#2961=DIRECTION('',(-8.660254037844E-1,0.E0,5.E-1));
#2962=VECTOR('',#2961,3.E0);
#2963=CARTESIAN_POINT('',(-3.85E1,8.E0,3.062177826491E0));
#2964=LINE('',#2963,#2962);
#2965=DIRECTION('',(-8.660254037844E-1,0.E0,-5.E-1));
#2966=VECTOR('',#2965,3.E0);
#2967=CARTESIAN_POINT('',(-3.590192378865E1,8.E0,4.562177826491E0));
#2968=LINE('',#2967,#2966);
#2969=DIRECTION('',(0.E0,0.E0,-1.E0));
#2970=VECTOR('',#2969,3.E0);
#2971=CARTESIAN_POINT('',(-3.590192378865E1,8.E0,7.562177826491E0));
#2972=LINE('',#2971,#2970);
#2973=DIRECTION('',(8.660254037844E-1,0.E0,-5.E-1));
#2974=VECTOR('',#2973,3.E0);
#2975=CARTESIAN_POINT('',(-3.85E1,8.E0,9.062177826491E0));
#2976=LINE('',#2975,#2974);
#2977=DIRECTION('',(8.660254037844E-1,0.E0,5.E-1));
#2978=VECTOR('',#2977,3.E0);
#2979=CARTESIAN_POINT('',(-4.109807621135E1,8.E0,7.562177826491E0));
#2980=LINE('',#2979,#2978);
#2981=DIRECTION('',(0.E0,0.E0,1.E0));
#2982=VECTOR('',#2981,3.E0);
#2983=CARTESIAN_POINT('',(-3.759807621135E1,8.E0,1.062435565298E1));
#2984=LINE('',#2983,#2982);
#2985=DIRECTION('',(-8.660254037844E-1,0.E0,5.E-1));
#2986=VECTOR('',#2985,3.E0);
#2987=CARTESIAN_POINT('',(-3.5E1,8.E0,9.124355652982E0));
#2988=LINE('',#2987,#2986);
#2989=DIRECTION('',(-8.660254037844E-1,0.E0,-5.E-1));
#2990=VECTOR('',#2989,3.E0);
#2991=CARTESIAN_POINT('',(-3.240192378865E1,8.E0,1.062435565298E1));
#2992=LINE('',#2991,#2990);
#2993=DIRECTION('',(0.E0,0.E0,-1.E0));
#2994=VECTOR('',#2993,3.E0);
#2995=CARTESIAN_POINT('',(-3.240192378865E1,8.E0,1.362435565298E1));
#2996=LINE('',#2995,#2994);
#2997=DIRECTION('',(8.660254037844E-1,0.E0,-5.E-1));
#2998=VECTOR('',#2997,3.E0);
#2999=CARTESIAN_POINT('',(-3.5E1,8.E0,1.512435565298E1));
#3000=LINE('',#2999,#2998);
#3001=DIRECTION('',(8.660254037844E-1,0.E0,5.E-1));
#3002=VECTOR('',#3001,3.E0);
#3003=CARTESIAN_POINT('',(-3.759807621135E1,8.E0,1.362435565298E1));
#3004=LINE('',#3003,#3002);
#3005=DIRECTION('',(0.E0,0.E0,1.E0));
#3006=VECTOR('',#3005,3.E0);
#3007=CARTESIAN_POINT('',(-3.409807621135E1,8.E0,1.668653347947E1));
#3008=LINE('',#3007,#3006);
#3009=DIRECTION('',(-8.660254037844E-1,0.E0,5.E-1));
#3010=VECTOR('',#3009,3.E0);
#3011=CARTESIAN_POINT('',(-3.15E1,8.E0,1.518653347947E1));
#3012=LINE('',#3011,#3010);
#3013=DIRECTION('',(-8.660254037844E-1,0.E0,-5.E-1));
#3014=VECTOR('',#3013,3.E0);
#3015=CARTESIAN_POINT('',(-2.890192378865E1,8.E0,1.668653347947E1));
#3016=LINE('',#3015,#3014);
#3017=DIRECTION('',(0.E0,0.E0,-1.E0));
#3018=VECTOR('',#3017,3.E0);
#3019=CARTESIAN_POINT('',(-2.890192378865E1,8.E0,1.968653347947E1));
#3020=LINE('',#3019,#3018);
#3021=DIRECTION('',(8.660254037844E-1,0.E0,-5.E-1));
#3022=VECTOR('',#3021,3.E0);
#3023=CARTESIAN_POINT('',(-3.15E1,8.E0,2.118653347947E1));
#3024=LINE('',#3023,#3022);
#3025=DIRECTION('',(8.660254037844E-1,0.E0,5.E-1));
#3026=VECTOR('',#3025,3.E0);
#3027=CARTESIAN_POINT('',(-3.409807621135E1,8.E0,1.968653347947E1));
#3028=LINE('',#3027,#3026);
#3029=DIRECTION('',(0.E0,0.E0,1.E0));
#3030=VECTOR('',#3029,3.E0);
#3031=CARTESIAN_POINT('',(-4.109807621135E1,8.E0,-1.968653347947E1));
#3032=LINE('',#3031,#3030);
#3033=DIRECTION('',(-8.660254037844E-1,0.E0,5.E-1));
#3034=VECTOR('',#3033,3.E0);
#3035=CARTESIAN_POINT('',(-3.85E1,8.E0,-2.118653347947E1));
#3036=LINE('',#3035,#3034);
#3037=DIRECTION('',(-8.660254037844E-1,0.E0,-5.E-1));
#3038=VECTOR('',#3037,3.E0);
#3039=CARTESIAN_POINT('',(-3.590192378865E1,8.E0,-1.968653347947E1));
#3040=LINE('',#3039,#3038);
#3041=DIRECTION('',(0.E0,0.E0,-1.E0));
#3042=VECTOR('',#3041,3.E0);
#3043=CARTESIAN_POINT('',(-3.590192378865E1,8.E0,-1.668653347947E1));
#3044=LINE('',#3043,#3042);
#3045=DIRECTION('',(8.660254037844E-1,0.E0,-5.E-1));
#3046=VECTOR('',#3045,3.E0);
#3047=CARTESIAN_POINT('',(-3.85E1,8.E0,-1.518653347947E1));
#3048=LINE('',#3047,#3046);
#3049=DIRECTION('',(8.660254037844E-1,0.E0,5.E-1));
#3050=VECTOR('',#3049,3.E0);
#3051=CARTESIAN_POINT('',(-4.109807621135E1,8.E0,-1.668653347947E1));
#3052=LINE('',#3051,#3050);
#3053=DIRECTION('',(0.E0,0.E0,1.E0));
#3054=VECTOR('',#3053,3.E0);
#3055=CARTESIAN_POINT('',(-4.459807621135E1,8.E0,-1.362435565298E1));
#3056=LINE('',#3055,#3054);
#3057=DIRECTION('',(-8.660254037844E-1,0.E0,5.E-1));
#3058=VECTOR('',#3057,3.E0);
#3059=CARTESIAN_POINT('',(-4.2E1,8.E0,-1.512435565298E1));
#3060=LINE('',#3059,#3058);
#3061=DIRECTION('',(-8.660254037844E-1,0.E0,-5.E-1));
#3062=VECTOR('',#3061,3.E0);
#3063=CARTESIAN_POINT('',(-3.940192378865E1,8.E0,-1.362435565298E1));
#3064=LINE('',#3063,#3062);
#3065=DIRECTION('',(0.E0,0.E0,-1.E0));
#3066=VECTOR('',#3065,3.E0);
#3067=CARTESIAN_POINT('',(-3.940192378865E1,8.E0,-1.062435565298E1));
#3068=LINE('',#3067,#3066);
#3069=DIRECTION('',(8.660254037844E-1,0.E0,-5.E-1));
#3070=VECTOR('',#3069,3.E0);
#3071=CARTESIAN_POINT('',(-4.2E1,8.E0,-9.124355652982E0));
#3072=LINE('',#3071,#3070);
#3073=DIRECTION('',(8.660254037844E-1,0.E0,5.E-1));
#3074=VECTOR('',#3073,3.E0);
#3075=CARTESIAN_POINT('',(-4.459807621135E1,8.E0,-1.062435565298E1));
#3076=LINE('',#3075,#3074);
#3077=DIRECTION('',(0.E0,0.E0,1.E0));
#3078=VECTOR('',#3077,3.E0);
#3079=CARTESIAN_POINT('',(-4.459807621135E1,8.E0,1.062435565298E1));
#3080=LINE('',#3079,#3078);
#3081=DIRECTION('',(-8.660254037844E-1,0.E0,5.E-1));
#3082=VECTOR('',#3081,3.E0);
#3083=CARTESIAN_POINT('',(-4.2E1,8.E0,9.124355652982E0));
#3084=LINE('',#3083,#3082);
#3085=DIRECTION('',(-8.660254037844E-1,0.E0,-5.E-1));
#3086=VECTOR('',#3085,3.E0);
#3087=CARTESIAN_POINT('',(-3.940192378865E1,8.E0,1.062435565298E1));
#3088=LINE('',#3087,#3086);
#3089=DIRECTION('',(0.E0,0.E0,-1.E0));
#3090=VECTOR('',#3089,3.E0);
#3091=CARTESIAN_POINT('',(-3.940192378865E1,8.E0,1.362435565298E1));
#3092=LINE('',#3091,#3090);
#3093=DIRECTION('',(8.660254037844E-1,0.E0,-5.E-1));
#3094=VECTOR('',#3093,3.E0);
#3095=CARTESIAN_POINT('',(-4.2E1,8.E0,1.512435565298E1));
#3096=LINE('',#3095,#3094);
#3097=DIRECTION('',(8.660254037844E-1,0.E0,5.E-1));
#3098=VECTOR('',#3097,3.E0);
#3099=CARTESIAN_POINT('',(-4.459807621135E1,8.E0,1.362435565298E1));
#3100=LINE('',#3099,#3098);
#3101=DIRECTION('',(0.E0,0.E0,1.E0));
#3102=VECTOR('',#3101,3.E0);
#3103=CARTESIAN_POINT('',(-4.109807621135E1,8.E0,1.668653347947E1));
#3104=LINE('',#3103,#3102);
#3105=DIRECTION('',(-8.660254037844E-1,0.E0,5.E-1));
#3106=VECTOR('',#3105,3.E0);
#3107=CARTESIAN_POINT('',(-3.85E1,8.E0,1.518653347947E1));
#3108=LINE('',#3107,#3106);
#3109=DIRECTION('',(-8.660254037844E-1,0.E0,-5.E-1));
#3110=VECTOR('',#3109,3.E0);
#3111=CARTESIAN_POINT('',(-3.590192378865E1,8.E0,1.668653347947E1));
#3112=LINE('',#3111,#3110);
#3113=DIRECTION('',(0.E0,0.E0,-1.E0));
#3114=VECTOR('',#3113,3.E0);
#3115=CARTESIAN_POINT('',(-3.590192378865E1,8.E0,1.968653347947E1));
#3116=LINE('',#3115,#3114);
#3117=DIRECTION('',(8.660254037844E-1,0.E0,-5.E-1));
#3118=VECTOR('',#3117,3.E0);
#3119=CARTESIAN_POINT('',(-3.85E1,8.E0,2.118653347947E1));
#3120=LINE('',#3119,#3118);
#3121=DIRECTION('',(8.660254037844E-1,0.E0,5.E-1));
#3122=VECTOR('',#3121,3.E0);
#3123=CARTESIAN_POINT('',(-4.109807621135E1,8.E0,1.968653347947E1));
#3124=LINE('',#3123,#3122);
#3125=DIRECTION('',(8.660254037844E-1,0.E0,-5.E-1));
#3126=VECTOR('',#3125,3.E0);
#3127=CARTESIAN_POINT('',(7.E0,8.E0,-2.124871130596E1));
#3128=LINE('',#3127,#3126);
#3129=DIRECTION('',(8.660254037844E-1,0.E0,5.E-1));
#3130=VECTOR('',#3129,3.E0);
#3131=CARTESIAN_POINT('',(4.401923788647E0,8.E0,-2.274871130596E1));
#3132=LINE('',#3131,#3130);
#3133=DIRECTION('',(0.E0,0.E0,1.E0));
#3134=VECTOR('',#3133,1.572007428448E0);
#3135=CARTESIAN_POINT('',(4.401923788647E0,8.E0,-2.432071873441E1));
#3136=LINE('',#3135,#3134);
#3137=DIRECTION('',(-1.E0,0.E0,0.E0));
#3138=VECTOR('',#3137,1.803847577293E0);
#3139=CARTESIAN_POINT('',(4.401923788647E0,8.E0,-2.432071873441E1));
#3140=LINE('',#3139,#3138);
#3141=DIRECTION('',(0.E0,0.E0,-1.E0));
#3142=VECTOR('',#3141,1.572007428448E0);
#3143=CARTESIAN_POINT('',(2.598076211353E0,8.E0,-2.274871130596E1));
#3144=LINE('',#3143,#3142);
#3145=DIRECTION('',(8.660254037844E-1,0.E0,-5.E-1));
#3146=VECTOR('',#3145,3.E0);
#3147=CARTESIAN_POINT('',(0.E0,8.E0,-2.124871130596E1));
#3148=LINE('',#3147,#3146);
#3149=DIRECTION('',(8.660254037844E-1,0.E0,5.E-1));
#3150=VECTOR('',#3149,3.E0);
#3151=CARTESIAN_POINT('',(-2.598076211353E0,8.E0,-2.274871130596E1));
#3152=LINE('',#3151,#3150);
#3153=DIRECTION('',(0.E0,0.E0,1.E0));
#3154=VECTOR('',#3153,1.572007428448E0);
#3155=CARTESIAN_POINT('',(-2.598076211353E0,8.E0,-2.432071873441E1));
#3156=LINE('',#3155,#3154);
#3157=DIRECTION('',(-1.E0,0.E0,0.E0));
#3158=VECTOR('',#3157,1.803847577293E0);
#3159=CARTESIAN_POINT('',(-2.598076211353E0,8.E0,-2.432071873441E1));
#3160=LINE('',#3159,#3158);
#3161=DIRECTION('',(0.E0,0.E0,-1.E0));
#3162=VECTOR('',#3161,1.572007428448E0);
#3163=CARTESIAN_POINT('',(-4.401923788647E0,8.E0,-2.274871130596E1));
#3164=LINE('',#3163,#3162);
#3165=DIRECTION('',(8.660254037844E-1,0.E0,-5.E-1));
#3166=VECTOR('',#3165,3.E0);
#3167=CARTESIAN_POINT('',(-7.E0,8.E0,-2.124871130596E1));
#3168=LINE('',#3167,#3166);
#3169=DIRECTION('',(8.660254037844E-1,0.E0,5.E-1));
#3170=VECTOR('',#3169,3.E0);
#3171=CARTESIAN_POINT('',(-9.598076211353E0,8.E0,-2.274871130596E1));
#3172=LINE('',#3171,#3170);
#3173=DIRECTION('',(0.E0,0.E0,1.E0));
#3174=VECTOR('',#3173,1.572007428448E0);
#3175=CARTESIAN_POINT('',(-9.598076211353E0,8.E0,-2.432071873441E1));
#3176=LINE('',#3175,#3174);
#3177=DIRECTION('',(-1.E0,0.E0,0.E0));
#3178=VECTOR('',#3177,1.803847577293E0);
#3179=CARTESIAN_POINT('',(-9.598076211353E0,8.E0,-2.432071873441E1));
#3180=LINE('',#3179,#3178);
#3181=DIRECTION('',(0.E0,0.E0,-1.E0));
#3182=VECTOR('',#3181,1.572007428448E0);
#3183=CARTESIAN_POINT('',(-1.140192378865E1,8.E0,-2.274871130596E1));
#3184=LINE('',#3183,#3182);
#3185=DIRECTION('',(8.660254037844E-1,0.E0,-5.E-1));
#3186=VECTOR('',#3185,3.E0);
#3187=CARTESIAN_POINT('',(-1.4E1,8.E0,-2.124871130596E1));
#3188=LINE('',#3187,#3186);
#3189=DIRECTION('',(8.660254037844E-1,0.E0,5.E-1));
#3190=VECTOR('',#3189,3.E0);
#3191=CARTESIAN_POINT('',(-1.659807621135E1,8.E0,-2.274871130596E1));
#3192=LINE('',#3191,#3190);
#3193=DIRECTION('',(0.E0,0.E0,1.E0));
#3194=VECTOR('',#3193,1.572007428448E0);
#3195=CARTESIAN_POINT('',(-1.659807621135E1,8.E0,-2.432071873441E1));
#3196=LINE('',#3195,#3194);
#3197=DIRECTION('',(-1.E0,0.E0,0.E0));
#3198=VECTOR('',#3197,1.803847577293E0);
#3199=CARTESIAN_POINT('',(-1.659807621135E1,8.E0,-2.432071873441E1));
#3200=LINE('',#3199,#3198);
#3201=DIRECTION('',(0.E0,0.E0,-1.E0));
#3202=VECTOR('',#3201,1.572007428448E0);
#3203=CARTESIAN_POINT('',(-1.840192378865E1,8.E0,-2.274871130596E1));
#3204=LINE('',#3203,#3202);
#3205=DIRECTION('',(8.660254037844E-1,0.E0,-5.E-1));
#3206=VECTOR('',#3205,3.E0);
#3207=CARTESIAN_POINT('',(-2.1E1,8.E0,-2.124871130596E1));
#3208=LINE('',#3207,#3206);
#3209=DIRECTION('',(8.660254037844E-1,0.E0,5.E-1));
#3210=VECTOR('',#3209,3.E0);
#3211=CARTESIAN_POINT('',(-2.359807621135E1,8.E0,-2.274871130596E1));
#3212=LINE('',#3211,#3210);
#3213=DIRECTION('',(0.E0,0.E0,1.E0));
#3214=VECTOR('',#3213,1.572007428448E0);
#3215=CARTESIAN_POINT('',(-2.359807621135E1,8.E0,-2.432071873441E1));
#3216=LINE('',#3215,#3214);
#3217=DIRECTION('',(-1.E0,0.E0,0.E0));
#3218=VECTOR('',#3217,1.803847577293E0);
#3219=CARTESIAN_POINT('',(-2.359807621135E1,8.E0,-2.432071873441E1));
#3220=LINE('',#3219,#3218);
#3221=DIRECTION('',(0.E0,0.E0,-1.E0));
#3222=VECTOR('',#3221,1.572007428448E0);
#3223=CARTESIAN_POINT('',(-2.540192378865E1,8.E0,-2.274871130596E1));
#3224=LINE('',#3223,#3222);
#3225=DIRECTION('',(8.660254037844E-1,0.E0,-5.E-1));
#3226=VECTOR('',#3225,3.E0);
#3227=CARTESIAN_POINT('',(-2.8E1,8.E0,-2.124871130596E1));
#3228=LINE('',#3227,#3226);
#3229=DIRECTION('',(8.660254037844E-1,0.E0,5.E-1));
#3230=VECTOR('',#3229,3.E0);
#3231=CARTESIAN_POINT('',(-3.059807621135E1,8.E0,-2.274871130596E1));
#3232=LINE('',#3231,#3230);
#3233=DIRECTION('',(0.E0,0.E0,1.E0));
#3234=VECTOR('',#3233,1.572007428448E0);
#3235=CARTESIAN_POINT('',(-3.059807621135E1,8.E0,-2.432071873441E1));
#3236=LINE('',#3235,#3234);
#3237=DIRECTION('',(-1.E0,0.E0,0.E0));
#3238=VECTOR('',#3237,1.803847577293E0);
#3239=CARTESIAN_POINT('',(-3.059807621135E1,8.E0,-2.432071873441E1));
#3240=LINE('',#3239,#3238);
#3241=DIRECTION('',(0.E0,0.E0,-1.E0));
#3242=VECTOR('',#3241,1.572007428448E0);
#3243=CARTESIAN_POINT('',(-3.240192378865E1,8.E0,-2.274871130596E1));
#3244=LINE('',#3243,#3242);
#3245=DIRECTION('',(8.660254037844E-1,0.E0,-5.E-1));
#3246=VECTOR('',#3245,3.E0);
#3247=CARTESIAN_POINT('',(-3.5E1,8.E0,-2.124871130596E1));
#3248=LINE('',#3247,#3246);
#3249=DIRECTION('',(8.660254037844E-1,0.E0,5.E-1));
#3250=VECTOR('',#3249,3.E0);
#3251=CARTESIAN_POINT('',(-3.759807621135E1,8.E0,-2.274871130596E1));
#3252=LINE('',#3251,#3250);
#3253=DIRECTION('',(0.E0,0.E0,1.E0));
#3254=VECTOR('',#3253,1.572007428448E0);
#3255=CARTESIAN_POINT('',(-3.759807621135E1,8.E0,-2.432071873441E1));
#3256=LINE('',#3255,#3254);
#3257=DIRECTION('',(-1.E0,0.E0,0.E0));
#3258=VECTOR('',#3257,1.803847577293E0);
#3259=CARTESIAN_POINT('',(-3.759807621135E1,8.E0,-2.432071873441E1));
#3260=LINE('',#3259,#3258);
#3261=DIRECTION('',(0.E0,0.E0,-1.E0));
#3262=VECTOR('',#3261,1.572007428448E0);
#3263=CARTESIAN_POINT('',(-3.940192378865E1,8.E0,-2.274871130596E1));
#3264=LINE('',#3263,#3262);
#3265=DIRECTION('',(8.660254037844E-1,0.E0,-5.E-1));
#3266=VECTOR('',#3265,3.E0);
#3267=CARTESIAN_POINT('',(-4.2E1,8.E0,-2.124871130596E1));
#3268=LINE('',#3267,#3266);
#3269=DIRECTION('',(8.660254037844E-1,0.E0,5.E-1));
#3270=VECTOR('',#3269,3.E0);
#3271=CARTESIAN_POINT('',(-4.459807621135E1,8.E0,-2.274871130596E1));
#3272=LINE('',#3271,#3270);
#3273=DIRECTION('',(0.E0,0.E0,1.E0));
#3274=VECTOR('',#3273,3.E0);
#3275=CARTESIAN_POINT('',(-4.459807621135E1,8.E0,-2.574871130596E1));
#3276=LINE('',#3275,#3274);
#3277=DIRECTION('',(-6.139406135149E-1,0.E0,7.893522173763E-1));
#3278=VECTOR('',#3277,2.805193506196E0);
#3279=CARTESIAN_POINT('',(-4.546973978868E1,8.E0,-2.916071873441E1));
#3280=LINE('',#3279,#3278);
#3281=DIRECTION('',(0.E0,0.E0,1.E0));
#3282=VECTOR('',#3281,4.907142857143E1);
#3283=CARTESIAN_POINT('',(-4.719196201090E1,8.E0,-2.694643302013E1));
#3284=LINE('',#3283,#3282);
#3285=DIRECTION('',(-6.139406135149E-1,0.E0,-7.893522173763E-1));
#3286=VECTOR('',#3285,2.805193506196E0);
#3287=CARTESIAN_POINT('',(-4.546973978868E1,8.E0,2.433928126559E1));
#3288=LINE('',#3287,#3286);
#3289=DIRECTION('',(1.E0,1.123316253962E-12,-1.123248969370E-12));
#3290=VECTOR('',#3289,7.920194512239E1);
#3291=CARTESIAN_POINT('',(-4.546973978868E1,8.E0,2.433928126559E1));
#3292=LINE('',#3291,#3290);
#3293=CARTESIAN_POINT('',(3.373220533547E1,8.E0,2.283928126559E1));
#3294=DIRECTION('',(0.E0,1.E0,0.E0));
#3295=DIRECTION('',(0.E0,0.E0,1.E0));
#3296=AXIS2_PLACEMENT_3D('',#3293,#3294,#3295);
#3298=DIRECTION('',(-1.E0,0.E0,0.E0));
#3299=VECTOR('',#3298,1.855371010005E1);
#3300=CARTESIAN_POINT('',(3.508371010005E1,8.E0,2.349E1));
#3301=LINE('',#3300,#3299);
#3302=DIRECTION('',(0.E0,0.E0,1.E0));
#3303=VECTOR('',#3302,1.648E1);
#3304=CARTESIAN_POINT('',(1.653E1,8.E0,7.010000000001E0));
#3305=LINE('',#3304,#3303);
#3306=DIRECTION('',(-1.E0,0.E0,0.E0));
#3307=VECTOR('',#3306,9.702205335468E0);
#3308=CARTESIAN_POINT('',(2.623220533547E1,8.E0,7.010000000001E0));
#3309=LINE('',#3308,#3307);
#3310=DIRECTION('',(0.E0,0.E0,-1.E0));
#3311=VECTOR('',#3310,3.56E0);
#3312=CARTESIAN_POINT('',(2.623220533547E1,8.E0,7.010000000001E0));
#3313=LINE('',#3312,#3311);
#3314=DIRECTION('',(-1.E0,0.E0,0.E0));
#3315=VECTOR('',#3314,6.222205335468E0);
#3316=CARTESIAN_POINT('',(2.623220533547E1,8.E0,3.450000000001E0));
#3317=LINE('',#3316,#3315);
#3318=DIRECTION('',(0.E0,0.E0,1.E0));
#3319=VECTOR('',#3318,1.39E1);
#3320=CARTESIAN_POINT('',(2.001E1,8.E0,-1.045E1));
#3321=LINE('',#3320,#3319);
#3322=DIRECTION('',(-1.E0,0.E0,0.E0));
#3323=VECTOR('',#3322,6.222205335468E0);
#3324=CARTESIAN_POINT('',(2.623220533547E1,8.E0,-1.045E1));
#3325=LINE('',#3324,#3323);
#3326=DIRECTION('',(0.E0,0.E0,-1.E0));
#3327=VECTOR('',#3326,4.1E0);
#3328=CARTESIAN_POINT('',(2.623220533547E1,8.E0,-1.045E1));
#3329=LINE('',#3328,#3327);
#3330=DIRECTION('',(-1.E0,0.E0,0.E0));
#3331=VECTOR('',#3330,6.222205335468E0);
#3332=CARTESIAN_POINT('',(2.623220533547E1,8.E0,-1.455E1));
#3333=LINE('',#3332,#3331);
#3334=DIRECTION('',(0.E0,0.E0,1.E0));
#3335=VECTOR('',#3334,1.39E1);
#3336=CARTESIAN_POINT('',(2.001E1,8.E0,-2.845E1));
#3337=LINE('',#3336,#3335);
#3338=DIRECTION('',(-1.E0,0.E0,0.E0));
#3339=VECTOR('',#3338,1.499775818964E1);
#3340=CARTESIAN_POINT('',(3.500775818964E1,8.E0,-2.845E1));
#3341=LINE('',#3340,#3339);
#3342=CARTESIAN_POINT('',(3.373220533547E1,8.E0,-2.766071873441E1));
#3343=DIRECTION('',(0.E0,1.E0,0.E0));
#3344=DIRECTION('',(8.503685694499E-1,0.E0,-5.261875103912E-1));
#3345=AXIS2_PLACEMENT_3D('',#3342,#3343,#3344);
#3347=DIRECTION('',(0.E0,0.E0,1.E0));
#3348=VECTOR('',#3347,1.393202250021E-2);
#3349=CARTESIAN_POINT('',(1.505803798910E1,8.E0,-2.916071873441E1));
#3350=LINE('',#3349,#3348);
#3351=CARTESIAN_POINT('',(1.305803798910E1,8.E0,-2.691071873441E1));
#3352=DIRECTION('',(0.E0,-1.E0,0.E0));
#3353=DIRECTION('',(6.666666666667E-1,0.E0,-7.453559924999E-1));
#3354=AXIS2_PLACEMENT_3D('',#3351,#3352,#3353);
#3356=DIRECTION('',(0.E0,0.E0,1.E0));
#3357=VECTOR('',#3356,1.393202250021E-2);
#3358=CARTESIAN_POINT('',(1.105803798910E1,8.E0,-2.916071873441E1));
#3359=LINE('',#3358,#3357);
#3360=DIRECTION('',(0.E0,-1.E0,0.E0));
#3361=VECTOR('',#3360,2.5E0);
#3362=CARTESIAN_POINT('',(-2.598076211353E0,1.05E1,-1.5E0));
#3363=LINE('',#3362,#3361);
#3364=DIRECTION('',(0.E0,-1.E0,0.E0));
#3365=VECTOR('',#3364,2.5E0);
#3366=CARTESIAN_POINT('',(0.E0,1.05E1,-3.E0));
#3367=LINE('',#3366,#3365);
#3368=DIRECTION('',(0.E0,-1.E0,0.E0));
#3369=VECTOR('',#3368,2.5E0);
#3370=CARTESIAN_POINT('',(2.598076211353E0,1.05E1,-1.5E0));
#3371=LINE('',#3370,#3369);
#3372=DIRECTION('',(0.E0,-1.E0,0.E0));
#3373=VECTOR('',#3372,2.5E0);
#3374=CARTESIAN_POINT('',(2.598076211353E0,1.05E1,1.5E0));
#3375=LINE('',#3374,#3373);
#3376=DIRECTION('',(0.E0,-1.E0,0.E0));
#3377=VECTOR('',#3376,2.5E0);
#3378=CARTESIAN_POINT('',(0.E0,1.05E1,3.E0));
#3379=LINE('',#3378,#3377);
#3380=DIRECTION('',(0.E0,-1.E0,0.E0));
#3381=VECTOR('',#3380,2.5E0);
#3382=CARTESIAN_POINT('',(-2.598076211353E0,1.05E1,1.5E0));
#3383=LINE('',#3382,#3381);
#3384=DIRECTION('',(0.E0,-1.E0,0.E0));
#3385=VECTOR('',#3384,2.5E0);
#3386=CARTESIAN_POINT('',(4.401923788647E0,1.05E1,-1.5E0));
#3387=LINE('',#3386,#3385);
#3388=DIRECTION('',(0.E0,-1.E0,0.E0));
#3389=VECTOR('',#3388,2.5E0);
#3390=CARTESIAN_POINT('',(7.E0,1.05E1,-3.E0));
#3391=LINE('',#3390,#3389);
#3392=DIRECTION('',(0.E0,-1.E0,0.E0));
#3393=VECTOR('',#3392,2.5E0);
#3394=CARTESIAN_POINT('',(9.598076211353E0,1.05E1,-1.5E0));
#3395=LINE('',#3394,#3393);
#3396=DIRECTION('',(0.E0,-1.E0,0.E0));
#3397=VECTOR('',#3396,2.5E0);
#3398=CARTESIAN_POINT('',(9.598076211353E0,1.05E1,1.5E0));
#3399=LINE('',#3398,#3397);
#3400=DIRECTION('',(0.E0,-1.E0,0.E0));
#3401=VECTOR('',#3400,2.5E0);
#3402=CARTESIAN_POINT('',(7.E0,1.05E1,3.E0));
#3403=LINE('',#3402,#3401);
#3404=DIRECTION('',(0.E0,-1.E0,0.E0));
#3405=VECTOR('',#3404,2.5E0);
#3406=CARTESIAN_POINT('',(4.401923788647E0,1.05E1,1.5E0));
#3407=LINE('',#3406,#3405);
#3408=DIRECTION('',(0.E0,-1.E0,0.E0));
#3409=VECTOR('',#3408,2.5E0);
#3410=CARTESIAN_POINT('',(9.019237886467E-1,1.05E1,-7.562177826491E0));
#3411=LINE('',#3410,#3409);
#3412=DIRECTION('',(0.E0,-1.E0,0.E0));
#3413=VECTOR('',#3412,2.5E0);
#3414=CARTESIAN_POINT('',(3.5E0,1.05E1,-9.062177826491E0));
#3415=LINE('',#3414,#3413);
#3416=DIRECTION('',(0.E0,-1.E0,0.E0));
#3417=VECTOR('',#3416,2.5E0);
#3418=CARTESIAN_POINT('',(6.098076211353E0,1.05E1,-7.562177826491E0));
#3419=LINE('',#3418,#3417);
#3420=DIRECTION('',(0.E0,-1.E0,0.E0));
#3421=VECTOR('',#3420,2.5E0);
#3422=CARTESIAN_POINT('',(6.098076211353E0,1.05E1,-4.562177826491E0));
#3423=LINE('',#3422,#3421);
#3424=DIRECTION('',(0.E0,-1.E0,0.E0));
#3425=VECTOR('',#3424,2.5E0);
#3426=CARTESIAN_POINT('',(3.5E0,1.05E1,-3.062177826491E0));
#3427=LINE('',#3426,#3425);
#3428=DIRECTION('',(0.E0,-1.E0,0.E0));
#3429=VECTOR('',#3428,2.5E0);
#3430=CARTESIAN_POINT('',(9.019237886467E-1,1.05E1,-4.562177826491E0));
#3431=LINE('',#3430,#3429);
#3432=DIRECTION('',(0.E0,-1.E0,0.E0));
#3433=VECTOR('',#3432,2.5E0);
#3434=CARTESIAN_POINT('',(-6.098076211353E0,1.05E1,-7.562177826491E0));
#3435=LINE('',#3434,#3433);
#3436=DIRECTION('',(0.E0,-1.E0,0.E0));
#3437=VECTOR('',#3436,2.5E0);
#3438=CARTESIAN_POINT('',(-3.5E0,1.05E1,-9.062177826491E0));
#3439=LINE('',#3438,#3437);
#3440=DIRECTION('',(0.E0,-1.E0,0.E0));
#3441=VECTOR('',#3440,2.5E0);
#3442=CARTESIAN_POINT('',(-9.019237886467E-1,1.05E1,-7.562177826491E0));
#3443=LINE('',#3442,#3441);
#3444=DIRECTION('',(0.E0,-1.E0,0.E0));
#3445=VECTOR('',#3444,2.5E0);
#3446=CARTESIAN_POINT('',(-9.019237886467E-1,1.05E1,-4.562177826491E0));
#3447=LINE('',#3446,#3445);
#3448=DIRECTION('',(0.E0,-1.E0,0.E0));
#3449=VECTOR('',#3448,2.5E0);
#3450=CARTESIAN_POINT('',(-3.5E0,1.05E1,-3.062177826491E0));
#3451=LINE('',#3450,#3449);
#3452=DIRECTION('',(0.E0,-1.E0,0.E0));
#3453=VECTOR('',#3452,2.5E0);
#3454=CARTESIAN_POINT('',(-6.098076211353E0,1.05E1,-4.562177826491E0));
#3455=LINE('',#3454,#3453);
#3456=DIRECTION('',(0.E0,-1.E0,0.E0));
#3457=VECTOR('',#3456,2.5E0);
#3458=CARTESIAN_POINT('',(-9.598076211353E0,1.05E1,-1.5E0));
#3459=LINE('',#3458,#3457);
#3460=DIRECTION('',(0.E0,-1.E0,0.E0));
#3461=VECTOR('',#3460,2.5E0);
#3462=CARTESIAN_POINT('',(-7.E0,1.05E1,-3.E0));
#3463=LINE('',#3462,#3461);
#3464=DIRECTION('',(0.E0,-1.E0,0.E0));
#3465=VECTOR('',#3464,2.5E0);
#3466=CARTESIAN_POINT('',(-4.401923788647E0,1.05E1,-1.5E0));
#3467=LINE('',#3466,#3465);
#3468=DIRECTION('',(0.E0,-1.E0,0.E0));
#3469=VECTOR('',#3468,2.5E0);
#3470=CARTESIAN_POINT('',(-4.401923788647E0,1.05E1,1.5E0));
#3471=LINE('',#3470,#3469);
#3472=DIRECTION('',(0.E0,-1.E0,0.E0));
#3473=VECTOR('',#3472,2.5E0);
#3474=CARTESIAN_POINT('',(-7.E0,1.05E1,3.E0));
#3475=LINE('',#3474,#3473);
#3476=DIRECTION('',(0.E0,-1.E0,0.E0));
#3477=VECTOR('',#3476,2.5E0);
#3478=CARTESIAN_POINT('',(-9.598076211353E0,1.05E1,1.5E0));
#3479=LINE('',#3478,#3477);
#3480=DIRECTION('',(0.E0,-1.E0,0.E0));
#3481=VECTOR('',#3480,2.5E0);
#3482=CARTESIAN_POINT('',(-6.098076211353E0,1.05E1,4.562177826491E0));
#3483=LINE('',#3482,#3481);
#3484=DIRECTION('',(0.E0,-1.E0,0.E0));
#3485=VECTOR('',#3484,2.5E0);
#3486=CARTESIAN_POINT('',(-3.5E0,1.05E1,3.062177826491E0));
#3487=LINE('',#3486,#3485);
#3488=DIRECTION('',(0.E0,-1.E0,0.E0));
#3489=VECTOR('',#3488,2.5E0);
#3490=CARTESIAN_POINT('',(-9.019237886467E-1,1.05E1,4.562177826491E0));
#3491=LINE('',#3490,#3489);
#3492=DIRECTION('',(0.E0,-1.E0,0.E0));
#3493=VECTOR('',#3492,2.5E0);
#3494=CARTESIAN_POINT('',(-9.019237886467E-1,1.05E1,7.562177826491E0));
#3495=LINE('',#3494,#3493);
#3496=DIRECTION('',(0.E0,-1.E0,0.E0));
#3497=VECTOR('',#3496,2.5E0);
#3498=CARTESIAN_POINT('',(-3.5E0,1.05E1,9.062177826491E0));
#3499=LINE('',#3498,#3497);
#3500=DIRECTION('',(0.E0,-1.E0,0.E0));
#3501=VECTOR('',#3500,2.5E0);
#3502=CARTESIAN_POINT('',(-6.098076211353E0,1.05E1,7.562177826491E0));
#3503=LINE('',#3502,#3501);
#3504=DIRECTION('',(0.E0,-1.E0,0.E0));
#3505=VECTOR('',#3504,2.5E0);
#3506=CARTESIAN_POINT('',(9.019237886467E-1,1.05E1,4.562177826491E0));
#3507=LINE('',#3506,#3505);
#3508=DIRECTION('',(0.E0,-1.E0,0.E0));
#3509=VECTOR('',#3508,2.5E0);
#3510=CARTESIAN_POINT('',(3.5E0,1.05E1,3.062177826491E0));
#3511=LINE('',#3510,#3509);
#3512=DIRECTION('',(0.E0,-1.E0,0.E0));
#3513=VECTOR('',#3512,2.5E0);
#3514=CARTESIAN_POINT('',(6.098076211353E0,1.05E1,4.562177826491E0));
#3515=LINE('',#3514,#3513);
#3516=DIRECTION('',(0.E0,-1.E0,0.E0));
#3517=VECTOR('',#3516,2.5E0);
#3518=CARTESIAN_POINT('',(6.098076211353E0,1.05E1,7.562177826491E0));
#3519=LINE('',#3518,#3517);
#3520=DIRECTION('',(0.E0,-1.E0,0.E0));
#3521=VECTOR('',#3520,2.5E0);
#3522=CARTESIAN_POINT('',(3.5E0,1.05E1,9.062177826491E0));
#3523=LINE('',#3522,#3521);
#3524=DIRECTION('',(0.E0,-1.E0,0.E0));
#3525=VECTOR('',#3524,2.5E0);
#3526=CARTESIAN_POINT('',(9.019237886467E-1,1.05E1,7.562177826491E0));
#3527=LINE('',#3526,#3525);
#3528=DIRECTION('',(0.E0,-1.E0,0.E0));
#3529=VECTOR('',#3528,2.5E0);
#3530=CARTESIAN_POINT('',(7.901923788647E0,1.05E1,-7.562177826491E0));
#3531=LINE('',#3530,#3529);
#3532=DIRECTION('',(0.E0,-1.E0,0.E0));
#3533=VECTOR('',#3532,2.5E0);
#3534=CARTESIAN_POINT('',(1.05E1,1.05E1,-9.062177826491E0));
#3535=LINE('',#3534,#3533);
#3536=DIRECTION('',(0.E0,-1.E0,0.E0));
#3537=VECTOR('',#3536,2.5E0);
#3538=CARTESIAN_POINT('',(1.309807621135E1,1.05E1,-7.562177826491E0));
#3539=LINE('',#3538,#3537);
#3540=DIRECTION('',(0.E0,-1.E0,0.E0));
#3541=VECTOR('',#3540,2.5E0);
#3542=CARTESIAN_POINT('',(1.309807621135E1,1.05E1,-4.562177826491E0));
#3543=LINE('',#3542,#3541);
#3544=DIRECTION('',(0.E0,-1.E0,0.E0));
#3545=VECTOR('',#3544,2.5E0);
#3546=CARTESIAN_POINT('',(1.05E1,1.05E1,-3.062177826491E0));
#3547=LINE('',#3546,#3545);
#3548=DIRECTION('',(0.E0,-1.E0,0.E0));
#3549=VECTOR('',#3548,2.5E0);
#3550=CARTESIAN_POINT('',(7.901923788647E0,1.05E1,-4.562177826491E0));
#3551=LINE('',#3550,#3549);
#3552=DIRECTION('',(0.E0,-1.E0,0.E0));
#3553=VECTOR('',#3552,2.5E0);
#3554=CARTESIAN_POINT('',(4.401923788647E0,1.05E1,-1.362435565298E1));
#3555=LINE('',#3554,#3553);
#3556=DIRECTION('',(0.E0,-1.E0,0.E0));
#3557=VECTOR('',#3556,2.5E0);
#3558=CARTESIAN_POINT('',(7.E0,1.05E1,-1.512435565298E1));
#3559=LINE('',#3558,#3557);
#3560=DIRECTION('',(0.E0,-1.E0,0.E0));
#3561=VECTOR('',#3560,2.5E0);
#3562=CARTESIAN_POINT('',(9.598076211353E0,1.05E1,-1.362435565298E1));
#3563=LINE('',#3562,#3561);
#3564=DIRECTION('',(0.E0,-1.E0,0.E0));
#3565=VECTOR('',#3564,2.5E0);
#3566=CARTESIAN_POINT('',(9.598076211353E0,1.05E1,-1.062435565298E1));
#3567=LINE('',#3566,#3565);
#3568=DIRECTION('',(0.E0,-1.E0,0.E0));
#3569=VECTOR('',#3568,2.5E0);
#3570=CARTESIAN_POINT('',(7.E0,1.05E1,-9.124355652982E0));
#3571=LINE('',#3570,#3569);
#3572=DIRECTION('',(0.E0,-1.E0,0.E0));
#3573=VECTOR('',#3572,2.5E0);
#3574=CARTESIAN_POINT('',(4.401923788647E0,1.05E1,-1.062435565298E1));
#3575=LINE('',#3574,#3573);
#3576=DIRECTION('',(0.E0,-1.E0,0.E0));
#3577=VECTOR('',#3576,2.5E0);
#3578=CARTESIAN_POINT('',(-2.598076211353E0,1.05E1,-1.362435565298E1));
#3579=LINE('',#3578,#3577);
#3580=DIRECTION('',(0.E0,-1.E0,0.E0));
#3581=VECTOR('',#3580,2.5E0);
#3582=CARTESIAN_POINT('',(0.E0,1.05E1,-1.512435565298E1));
#3583=LINE('',#3582,#3581);
#3584=DIRECTION('',(0.E0,-1.E0,0.E0));
#3585=VECTOR('',#3584,2.5E0);
#3586=CARTESIAN_POINT('',(2.598076211353E0,1.05E1,-1.362435565298E1));
#3587=LINE('',#3586,#3585);
#3588=DIRECTION('',(0.E0,-1.E0,0.E0));
#3589=VECTOR('',#3588,2.5E0);
#3590=CARTESIAN_POINT('',(2.598076211353E0,1.05E1,-1.062435565298E1));
#3591=LINE('',#3590,#3589);
#3592=DIRECTION('',(0.E0,-1.E0,0.E0));
#3593=VECTOR('',#3592,2.5E0);
#3594=CARTESIAN_POINT('',(0.E0,1.05E1,-9.124355652982E0));
#3595=LINE('',#3594,#3593);
#3596=DIRECTION('',(0.E0,-1.E0,0.E0));
#3597=VECTOR('',#3596,2.5E0);
#3598=CARTESIAN_POINT('',(-2.598076211353E0,1.05E1,-1.062435565298E1));
#3599=LINE('',#3598,#3597);
#3600=DIRECTION('',(0.E0,-1.E0,0.E0));
#3601=VECTOR('',#3600,2.5E0);
#3602=CARTESIAN_POINT('',(-9.598076211353E0,1.05E1,-1.362435565298E1));
#3603=LINE('',#3602,#3601);
#3604=DIRECTION('',(0.E0,-1.E0,0.E0));
#3605=VECTOR('',#3604,2.5E0);
#3606=CARTESIAN_POINT('',(-7.E0,1.05E1,-1.512435565298E1));
#3607=LINE('',#3606,#3605);
#3608=DIRECTION('',(0.E0,-1.E0,0.E0));
#3609=VECTOR('',#3608,2.5E0);
#3610=CARTESIAN_POINT('',(-4.401923788647E0,1.05E1,-1.362435565298E1));
#3611=LINE('',#3610,#3609);
#3612=DIRECTION('',(0.E0,-1.E0,0.E0));
#3613=VECTOR('',#3612,2.5E0);
#3614=CARTESIAN_POINT('',(-4.401923788647E0,1.05E1,-1.062435565298E1));
#3615=LINE('',#3614,#3613);
#3616=DIRECTION('',(0.E0,-1.E0,0.E0));
#3617=VECTOR('',#3616,2.5E0);
#3618=CARTESIAN_POINT('',(-7.E0,1.05E1,-9.124355652982E0));
#3619=LINE('',#3618,#3617);
#3620=DIRECTION('',(0.E0,-1.E0,0.E0));
#3621=VECTOR('',#3620,2.5E0);
#3622=CARTESIAN_POINT('',(-9.598076211353E0,1.05E1,-1.062435565298E1));
#3623=LINE('',#3622,#3621);
#3624=DIRECTION('',(0.E0,-1.E0,0.E0));
#3625=VECTOR('',#3624,2.5E0);
#3626=CARTESIAN_POINT('',(-1.309807621135E1,1.05E1,-7.562177826491E0));
#3627=LINE('',#3626,#3625);
#3628=DIRECTION('',(0.E0,-1.E0,0.E0));
#3629=VECTOR('',#3628,2.5E0);
#3630=CARTESIAN_POINT('',(-1.05E1,1.05E1,-9.062177826491E0));
#3631=LINE('',#3630,#3629);
#3632=DIRECTION('',(0.E0,-1.E0,0.E0));
#3633=VECTOR('',#3632,2.5E0);
#3634=CARTESIAN_POINT('',(-7.901923788647E0,1.05E1,-7.562177826491E0));
#3635=LINE('',#3634,#3633);
#3636=DIRECTION('',(0.E0,-1.E0,0.E0));
#3637=VECTOR('',#3636,2.5E0);
#3638=CARTESIAN_POINT('',(-7.901923788647E0,1.05E1,-4.562177826491E0));
#3639=LINE('',#3638,#3637);
#3640=DIRECTION('',(0.E0,-1.E0,0.E0));
#3641=VECTOR('',#3640,2.5E0);
#3642=CARTESIAN_POINT('',(-1.05E1,1.05E1,-3.062177826491E0));
#3643=LINE('',#3642,#3641);
#3644=DIRECTION('',(0.E0,-1.E0,0.E0));
#3645=VECTOR('',#3644,2.5E0);
#3646=CARTESIAN_POINT('',(-1.309807621135E1,1.05E1,-4.562177826491E0));
#3647=LINE('',#3646,#3645);
#3648=DIRECTION('',(0.E0,-1.E0,0.E0));
#3649=VECTOR('',#3648,2.5E0);
#3650=CARTESIAN_POINT('',(-1.659807621135E1,1.05E1,-1.5E0));
#3651=LINE('',#3650,#3649);
#3652=DIRECTION('',(0.E0,-1.E0,0.E0));
#3653=VECTOR('',#3652,2.5E0);
#3654=CARTESIAN_POINT('',(-1.4E1,1.05E1,-3.E0));
#3655=LINE('',#3654,#3653);
#3656=DIRECTION('',(0.E0,-1.E0,0.E0));
#3657=VECTOR('',#3656,2.5E0);
#3658=CARTESIAN_POINT('',(-1.140192378865E1,1.05E1,-1.5E0));
#3659=LINE('',#3658,#3657);
#3660=DIRECTION('',(0.E0,-1.E0,0.E0));
#3661=VECTOR('',#3660,2.5E0);
#3662=CARTESIAN_POINT('',(-1.140192378865E1,1.05E1,1.5E0));
#3663=LINE('',#3662,#3661);
#3664=DIRECTION('',(0.E0,-1.E0,0.E0));
#3665=VECTOR('',#3664,2.5E0);
#3666=CARTESIAN_POINT('',(-1.4E1,1.05E1,3.E0));
#3667=LINE('',#3666,#3665);
#3668=DIRECTION('',(0.E0,-1.E0,0.E0));
#3669=VECTOR('',#3668,2.5E0);
#3670=CARTESIAN_POINT('',(-1.659807621135E1,1.05E1,1.5E0));
#3671=LINE('',#3670,#3669);
#3672=DIRECTION('',(0.E0,-1.E0,0.E0));
#3673=VECTOR('',#3672,2.5E0);
#3674=CARTESIAN_POINT('',(-1.309807621135E1,1.05E1,4.562177826491E0));
#3675=LINE('',#3674,#3673);
#3676=DIRECTION('',(0.E0,-1.E0,0.E0));
#3677=VECTOR('',#3676,2.5E0);
#3678=CARTESIAN_POINT('',(-1.05E1,1.05E1,3.062177826491E0));
#3679=LINE('',#3678,#3677);
#3680=DIRECTION('',(0.E0,-1.E0,0.E0));
#3681=VECTOR('',#3680,2.5E0);
#3682=CARTESIAN_POINT('',(-7.901923788647E0,1.05E1,4.562177826491E0));
#3683=LINE('',#3682,#3681);
#3684=DIRECTION('',(0.E0,-1.E0,0.E0));
#3685=VECTOR('',#3684,2.5E0);
#3686=CARTESIAN_POINT('',(-7.901923788647E0,1.05E1,7.562177826491E0));
#3687=LINE('',#3686,#3685);
#3688=DIRECTION('',(0.E0,-1.E0,0.E0));
#3689=VECTOR('',#3688,2.5E0);
#3690=CARTESIAN_POINT('',(-1.05E1,1.05E1,9.062177826491E0));
#3691=LINE('',#3690,#3689);
#3692=DIRECTION('',(0.E0,-1.E0,0.E0));
#3693=VECTOR('',#3692,2.5E0);
#3694=CARTESIAN_POINT('',(-1.309807621135E1,1.05E1,7.562177826491E0));
#3695=LINE('',#3694,#3693);
#3696=DIRECTION('',(0.E0,-1.E0,0.E0));
#3697=VECTOR('',#3696,2.5E0);
#3698=CARTESIAN_POINT('',(-9.598076211353E0,1.05E1,1.062435565298E1));
#3699=LINE('',#3698,#3697);
#3700=DIRECTION('',(0.E0,-1.E0,0.E0));
#3701=VECTOR('',#3700,2.5E0);
#3702=CARTESIAN_POINT('',(-7.E0,1.05E1,9.124355652982E0));
#3703=LINE('',#3702,#3701);
#3704=DIRECTION('',(0.E0,-1.E0,0.E0));
#3705=VECTOR('',#3704,2.5E0);
#3706=CARTESIAN_POINT('',(-4.401923788647E0,1.05E1,1.062435565298E1));
#3707=LINE('',#3706,#3705);
#3708=DIRECTION('',(0.E0,-1.E0,0.E0));
#3709=VECTOR('',#3708,2.5E0);
#3710=CARTESIAN_POINT('',(-4.401923788647E0,1.05E1,1.362435565298E1));
#3711=LINE('',#3710,#3709);
#3712=DIRECTION('',(0.E0,-1.E0,0.E0));
#3713=VECTOR('',#3712,2.5E0);
#3714=CARTESIAN_POINT('',(-7.E0,1.05E1,1.512435565298E1));
#3715=LINE('',#3714,#3713);
#3716=DIRECTION('',(0.E0,-1.E0,0.E0));
#3717=VECTOR('',#3716,2.5E0);
#3718=CARTESIAN_POINT('',(-9.598076211353E0,1.05E1,1.362435565298E1));
#3719=LINE('',#3718,#3717);
#3720=DIRECTION('',(0.E0,-1.E0,0.E0));
#3721=VECTOR('',#3720,2.5E0);
#3722=CARTESIAN_POINT('',(-2.598076211353E0,1.05E1,1.062435565298E1));
#3723=LINE('',#3722,#3721);
#3724=DIRECTION('',(0.E0,-1.E0,0.E0));
#3725=VECTOR('',#3724,2.5E0);
#3726=CARTESIAN_POINT('',(0.E0,1.05E1,9.124355652982E0));
#3727=LINE('',#3726,#3725);
#3728=DIRECTION('',(0.E0,-1.E0,0.E0));
#3729=VECTOR('',#3728,2.5E0);
#3730=CARTESIAN_POINT('',(2.598076211353E0,1.05E1,1.062435565298E1));
#3731=LINE('',#3730,#3729);
#3732=DIRECTION('',(0.E0,-1.E0,0.E0));
#3733=VECTOR('',#3732,2.5E0);
#3734=CARTESIAN_POINT('',(2.598076211353E0,1.05E1,1.362435565298E1));
#3735=LINE('',#3734,#3733);
#3736=DIRECTION('',(0.E0,-1.E0,0.E0));
#3737=VECTOR('',#3736,2.5E0);
#3738=CARTESIAN_POINT('',(0.E0,1.05E1,1.512435565298E1));
#3739=LINE('',#3738,#3737);
#3740=DIRECTION('',(0.E0,-1.E0,0.E0));
#3741=VECTOR('',#3740,2.5E0);
#3742=CARTESIAN_POINT('',(-2.598076211353E0,1.05E1,1.362435565298E1));
#3743=LINE('',#3742,#3741);
#3744=DIRECTION('',(0.E0,-1.E0,0.E0));
#3745=VECTOR('',#3744,2.5E0);
#3746=CARTESIAN_POINT('',(4.401923788647E0,1.05E1,1.062435565298E1));
#3747=LINE('',#3746,#3745);
#3748=DIRECTION('',(0.E0,-1.E0,0.E0));
#3749=VECTOR('',#3748,2.5E0);
#3750=CARTESIAN_POINT('',(7.E0,1.05E1,9.124355652982E0));
#3751=LINE('',#3750,#3749);
#3752=DIRECTION('',(0.E0,-1.E0,0.E0));
#3753=VECTOR('',#3752,2.5E0);
#3754=CARTESIAN_POINT('',(9.598076211353E0,1.05E1,1.062435565298E1));
#3755=LINE('',#3754,#3753);
#3756=DIRECTION('',(0.E0,-1.E0,0.E0));
#3757=VECTOR('',#3756,2.5E0);
#3758=CARTESIAN_POINT('',(9.598076211353E0,1.05E1,1.362435565298E1));
#3759=LINE('',#3758,#3757);
#3760=DIRECTION('',(0.E0,-1.E0,0.E0));
#3761=VECTOR('',#3760,2.5E0);
#3762=CARTESIAN_POINT('',(7.E0,1.05E1,1.512435565298E1));
#3763=LINE('',#3762,#3761);
#3764=DIRECTION('',(0.E0,-1.E0,0.E0));
#3765=VECTOR('',#3764,2.5E0);
#3766=CARTESIAN_POINT('',(4.401923788647E0,1.05E1,1.362435565298E1));
#3767=LINE('',#3766,#3765);
#3768=DIRECTION('',(0.E0,-1.E0,0.E0));
#3769=VECTOR('',#3768,2.5E0);
#3770=CARTESIAN_POINT('',(7.901923788647E0,1.05E1,4.562177826491E0));
#3771=LINE('',#3770,#3769);
#3772=DIRECTION('',(0.E0,-1.E0,0.E0));
#3773=VECTOR('',#3772,2.5E0);
#3774=CARTESIAN_POINT('',(1.05E1,1.05E1,3.062177826491E0));
#3775=LINE('',#3774,#3773);
#3776=DIRECTION('',(0.E0,-1.E0,0.E0));
#3777=VECTOR('',#3776,2.5E0);
#3778=CARTESIAN_POINT('',(1.309807621135E1,1.05E1,4.562177826491E0));
#3779=LINE('',#3778,#3777);
#3780=DIRECTION('',(0.E0,-1.E0,0.E0));
#3781=VECTOR('',#3780,2.5E0);
#3782=CARTESIAN_POINT('',(1.309807621135E1,1.05E1,7.562177826491E0));
#3783=LINE('',#3782,#3781);
#3784=DIRECTION('',(0.E0,-1.E0,0.E0));
#3785=VECTOR('',#3784,2.5E0);
#3786=CARTESIAN_POINT('',(1.05E1,1.05E1,9.062177826491E0));
#3787=LINE('',#3786,#3785);
#3788=DIRECTION('',(0.E0,-1.E0,0.E0));
#3789=VECTOR('',#3788,2.5E0);
#3790=CARTESIAN_POINT('',(7.901923788647E0,1.05E1,7.562177826491E0));
#3791=LINE('',#3790,#3789);
#3792=DIRECTION('',(0.E0,-1.E0,0.E0));
#3793=VECTOR('',#3792,2.5E0);
#3794=CARTESIAN_POINT('',(7.901923788647E0,1.05E1,-1.968653347947E1));
#3795=LINE('',#3794,#3793);
#3796=DIRECTION('',(0.E0,-1.E0,0.E0));
#3797=VECTOR('',#3796,2.5E0);
#3798=CARTESIAN_POINT('',(1.05E1,1.05E1,-2.118653347947E1));
#3799=LINE('',#3798,#3797);
#3800=DIRECTION('',(0.E0,-1.E0,0.E0));
#3801=VECTOR('',#3800,2.5E0);
#3802=CARTESIAN_POINT('',(1.309807621135E1,1.05E1,-1.968653347947E1));
#3803=LINE('',#3802,#3801);
#3804=DIRECTION('',(0.E0,-1.E0,0.E0));
#3805=VECTOR('',#3804,2.5E0);
#3806=CARTESIAN_POINT('',(1.309807621135E1,1.05E1,-1.668653347947E1));
#3807=LINE('',#3806,#3805);
#3808=DIRECTION('',(0.E0,-1.E0,0.E0));
#3809=VECTOR('',#3808,2.5E0);
#3810=CARTESIAN_POINT('',(1.05E1,1.05E1,-1.518653347947E1));
#3811=LINE('',#3810,#3809);
#3812=DIRECTION('',(0.E0,-1.E0,0.E0));
#3813=VECTOR('',#3812,2.5E0);
#3814=CARTESIAN_POINT('',(7.901923788647E0,1.05E1,-1.668653347947E1));
#3815=LINE('',#3814,#3813);
#3816=DIRECTION('',(0.E0,-1.E0,0.E0));
#3817=VECTOR('',#3816,2.5E0);
#3818=CARTESIAN_POINT('',(9.019237886467E-1,1.05E1,-1.968653347947E1));
#3819=LINE('',#3818,#3817);
#3820=DIRECTION('',(0.E0,-1.E0,0.E0));
#3821=VECTOR('',#3820,2.5E0);
#3822=CARTESIAN_POINT('',(3.5E0,1.05E1,-2.118653347947E1));
#3823=LINE('',#3822,#3821);
#3824=DIRECTION('',(0.E0,-1.E0,0.E0));
#3825=VECTOR('',#3824,2.5E0);
#3826=CARTESIAN_POINT('',(6.098076211353E0,1.05E1,-1.968653347947E1));
#3827=LINE('',#3826,#3825);
#3828=DIRECTION('',(0.E0,-1.E0,0.E0));
#3829=VECTOR('',#3828,2.5E0);
#3830=CARTESIAN_POINT('',(6.098076211353E0,1.05E1,-1.668653347947E1));
#3831=LINE('',#3830,#3829);
#3832=DIRECTION('',(0.E0,-1.E0,0.E0));
#3833=VECTOR('',#3832,2.5E0);
#3834=CARTESIAN_POINT('',(3.5E0,1.05E1,-1.518653347947E1));
#3835=LINE('',#3834,#3833);
#3836=DIRECTION('',(0.E0,-1.E0,0.E0));
#3837=VECTOR('',#3836,2.5E0);
#3838=CARTESIAN_POINT('',(9.019237886467E-1,1.05E1,-1.668653347947E1));
#3839=LINE('',#3838,#3837);
#3840=DIRECTION('',(0.E0,-1.E0,0.E0));
#3841=VECTOR('',#3840,2.5E0);
#3842=CARTESIAN_POINT('',(-6.098076211353E0,1.05E1,-1.968653347947E1));
#3843=LINE('',#3842,#3841);
#3844=DIRECTION('',(0.E0,-1.E0,0.E0));
#3845=VECTOR('',#3844,2.5E0);
#3846=CARTESIAN_POINT('',(-3.5E0,1.05E1,-2.118653347947E1));
#3847=LINE('',#3846,#3845);
#3848=DIRECTION('',(0.E0,-1.E0,0.E0));
#3849=VECTOR('',#3848,2.5E0);
#3850=CARTESIAN_POINT('',(-9.019237886467E-1,1.05E1,-1.968653347947E1));
#3851=LINE('',#3850,#3849);
#3852=DIRECTION('',(0.E0,-1.E0,0.E0));
#3853=VECTOR('',#3852,2.5E0);
#3854=CARTESIAN_POINT('',(-9.019237886467E-1,1.05E1,-1.668653347947E1));
#3855=LINE('',#3854,#3853);
#3856=DIRECTION('',(0.E0,-1.E0,0.E0));
#3857=VECTOR('',#3856,2.5E0);
#3858=CARTESIAN_POINT('',(-3.5E0,1.05E1,-1.518653347947E1));
#3859=LINE('',#3858,#3857);
#3860=DIRECTION('',(0.E0,-1.E0,0.E0));
#3861=VECTOR('',#3860,2.5E0);
#3862=CARTESIAN_POINT('',(-6.098076211353E0,1.05E1,-1.668653347947E1));
#3863=LINE('',#3862,#3861);
#3864=DIRECTION('',(0.E0,-1.E0,0.E0));
#3865=VECTOR('',#3864,2.5E0);
#3866=CARTESIAN_POINT('',(-1.309807621135E1,1.05E1,-1.968653347947E1));
#3867=LINE('',#3866,#3865);
#3868=DIRECTION('',(0.E0,-1.E0,0.E0));
#3869=VECTOR('',#3868,2.5E0);
#3870=CARTESIAN_POINT('',(-1.05E1,1.05E1,-2.118653347947E1));
#3871=LINE('',#3870,#3869);
#3872=DIRECTION('',(0.E0,-1.E0,0.E0));
#3873=VECTOR('',#3872,2.5E0);
#3874=CARTESIAN_POINT('',(-7.901923788647E0,1.05E1,-1.968653347947E1));
#3875=LINE('',#3874,#3873);
#3876=DIRECTION('',(0.E0,-1.E0,0.E0));
#3877=VECTOR('',#3876,2.5E0);
#3878=CARTESIAN_POINT('',(-7.901923788647E0,1.05E1,-1.668653347947E1));
#3879=LINE('',#3878,#3877);
#3880=DIRECTION('',(0.E0,-1.E0,0.E0));
#3881=VECTOR('',#3880,2.5E0);
#3882=CARTESIAN_POINT('',(-1.05E1,1.05E1,-1.518653347947E1));
#3883=LINE('',#3882,#3881);
#3884=DIRECTION('',(0.E0,-1.E0,0.E0));
#3885=VECTOR('',#3884,2.5E0);
#3886=CARTESIAN_POINT('',(-1.309807621135E1,1.05E1,-1.668653347947E1));
#3887=LINE('',#3886,#3885);
#3888=DIRECTION('',(0.E0,-1.E0,0.E0));
#3889=VECTOR('',#3888,2.5E0);
#3890=CARTESIAN_POINT('',(-1.659807621135E1,1.05E1,-1.362435565298E1));
#3891=LINE('',#3890,#3889);
#3892=DIRECTION('',(0.E0,-1.E0,0.E0));
#3893=VECTOR('',#3892,2.5E0);
#3894=CARTESIAN_POINT('',(-1.4E1,1.05E1,-1.512435565298E1));
#3895=LINE('',#3894,#3893);
#3896=DIRECTION('',(0.E0,-1.E0,0.E0));
#3897=VECTOR('',#3896,2.5E0);
#3898=CARTESIAN_POINT('',(-1.140192378865E1,1.05E1,-1.362435565298E1));
#3899=LINE('',#3898,#3897);
#3900=DIRECTION('',(0.E0,-1.E0,0.E0));
#3901=VECTOR('',#3900,2.5E0);
#3902=CARTESIAN_POINT('',(-1.140192378865E1,1.05E1,-1.062435565298E1));
#3903=LINE('',#3902,#3901);
#3904=DIRECTION('',(0.E0,-1.E0,0.E0));
#3905=VECTOR('',#3904,2.5E0);
#3906=CARTESIAN_POINT('',(-1.4E1,1.05E1,-9.124355652982E0));
#3907=LINE('',#3906,#3905);
#3908=DIRECTION('',(0.E0,-1.E0,0.E0));
#3909=VECTOR('',#3908,2.5E0);
#3910=CARTESIAN_POINT('',(-1.659807621135E1,1.05E1,-1.062435565298E1));
#3911=LINE('',#3910,#3909);
#3912=DIRECTION('',(0.E0,-1.E0,0.E0));
#3913=VECTOR('',#3912,2.5E0);
#3914=CARTESIAN_POINT('',(-2.009807621135E1,1.05E1,-7.562177826491E0));
#3915=LINE('',#3914,#3913);
#3916=DIRECTION('',(0.E0,-1.E0,0.E0));
#3917=VECTOR('',#3916,2.5E0);
#3918=CARTESIAN_POINT('',(-1.75E1,1.05E1,-9.062177826491E0));
#3919=LINE('',#3918,#3917);
#3920=DIRECTION('',(0.E0,-1.E0,0.E0));
#3921=VECTOR('',#3920,2.5E0);
#3922=CARTESIAN_POINT('',(-1.490192378865E1,1.05E1,-7.562177826491E0));
#3923=LINE('',#3922,#3921);
#3924=DIRECTION('',(0.E0,-1.E0,0.E0));
#3925=VECTOR('',#3924,2.5E0);
#3926=CARTESIAN_POINT('',(-1.490192378865E1,1.05E1,-4.562177826491E0));
#3927=LINE('',#3926,#3925);
#3928=DIRECTION('',(0.E0,-1.E0,0.E0));
#3929=VECTOR('',#3928,2.5E0);
#3930=CARTESIAN_POINT('',(-1.75E1,1.05E1,-3.062177826491E0));
#3931=LINE('',#3930,#3929);
#3932=DIRECTION('',(0.E0,-1.E0,0.E0));
#3933=VECTOR('',#3932,2.5E0);
#3934=CARTESIAN_POINT('',(-2.009807621135E1,1.05E1,-4.562177826491E0));
#3935=LINE('',#3934,#3933);
#3936=DIRECTION('',(0.E0,-1.E0,0.E0));
#3937=VECTOR('',#3936,2.5E0);
#3938=CARTESIAN_POINT('',(-2.359807621135E1,1.05E1,-1.5E0));
#3939=LINE('',#3938,#3937);
#3940=DIRECTION('',(0.E0,-1.E0,0.E0));
#3941=VECTOR('',#3940,2.5E0);
#3942=CARTESIAN_POINT('',(-2.1E1,1.05E1,-3.E0));
#3943=LINE('',#3942,#3941);
#3944=DIRECTION('',(0.E0,-1.E0,0.E0));
#3945=VECTOR('',#3944,2.5E0);
#3946=CARTESIAN_POINT('',(-1.840192378865E1,1.05E1,-1.5E0));
#3947=LINE('',#3946,#3945);
#3948=DIRECTION('',(0.E0,-1.E0,0.E0));
#3949=VECTOR('',#3948,2.5E0);
#3950=CARTESIAN_POINT('',(-1.840192378865E1,1.05E1,1.5E0));
#3951=LINE('',#3950,#3949);
#3952=DIRECTION('',(0.E0,-1.E0,0.E0));
#3953=VECTOR('',#3952,2.5E0);
#3954=CARTESIAN_POINT('',(-2.1E1,1.05E1,3.E0));
#3955=LINE('',#3954,#3953);
#3956=DIRECTION('',(0.E0,-1.E0,0.E0));
#3957=VECTOR('',#3956,2.5E0);
#3958=CARTESIAN_POINT('',(-2.359807621135E1,1.05E1,1.5E0));
#3959=LINE('',#3958,#3957);
#3960=DIRECTION('',(0.E0,-1.E0,0.E0));
#3961=VECTOR('',#3960,2.5E0);
#3962=CARTESIAN_POINT('',(-2.009807621135E1,1.05E1,4.562177826491E0));
#3963=LINE('',#3962,#3961);
#3964=DIRECTION('',(0.E0,-1.E0,0.E0));
#3965=VECTOR('',#3964,2.5E0);
#3966=CARTESIAN_POINT('',(-1.75E1,1.05E1,3.062177826491E0));
#3967=LINE('',#3966,#3965);
#3968=DIRECTION('',(0.E0,-1.E0,0.E0));
#3969=VECTOR('',#3968,2.5E0);
#3970=CARTESIAN_POINT('',(-1.490192378865E1,1.05E1,4.562177826491E0));
#3971=LINE('',#3970,#3969);
#3972=DIRECTION('',(0.E0,-1.E0,0.E0));
#3973=VECTOR('',#3972,2.5E0);
#3974=CARTESIAN_POINT('',(-1.490192378865E1,1.05E1,7.562177826491E0));
#3975=LINE('',#3974,#3973);
#3976=DIRECTION('',(0.E0,-1.E0,0.E0));
#3977=VECTOR('',#3976,2.5E0);
#3978=CARTESIAN_POINT('',(-1.75E1,1.05E1,9.062177826491E0));
#3979=LINE('',#3978,#3977);
#3980=DIRECTION('',(0.E0,-1.E0,0.E0));
#3981=VECTOR('',#3980,2.5E0);
#3982=CARTESIAN_POINT('',(-2.009807621135E1,1.05E1,7.562177826491E0));
#3983=LINE('',#3982,#3981);
#3984=DIRECTION('',(0.E0,-1.E0,0.E0));
#3985=VECTOR('',#3984,2.5E0);
#3986=CARTESIAN_POINT('',(-1.659807621135E1,1.05E1,1.062435565298E1));
#3987=LINE('',#3986,#3985);
#3988=DIRECTION('',(0.E0,-1.E0,0.E0));
#3989=VECTOR('',#3988,2.5E0);
#3990=CARTESIAN_POINT('',(-1.4E1,1.05E1,9.124355652982E0));
#3991=LINE('',#3990,#3989);
#3992=DIRECTION('',(0.E0,-1.E0,0.E0));
#3993=VECTOR('',#3992,2.5E0);
#3994=CARTESIAN_POINT('',(-1.140192378865E1,1.05E1,1.062435565298E1));
#3995=LINE('',#3994,#3993);
#3996=DIRECTION('',(0.E0,-1.E0,0.E0));
#3997=VECTOR('',#3996,2.5E0);
#3998=CARTESIAN_POINT('',(-1.140192378865E1,1.05E1,1.362435565298E1));
#3999=LINE('',#3998,#3997);
#4000=DIRECTION('',(0.E0,-1.E0,0.E0));
#4001=VECTOR('',#4000,2.5E0);
#4002=CARTESIAN_POINT('',(-1.4E1,1.05E1,1.512435565298E1));
#4003=LINE('',#4002,#4001);
#4004=DIRECTION('',(0.E0,-1.E0,0.E0));
#4005=VECTOR('',#4004,2.5E0);
#4006=CARTESIAN_POINT('',(-1.659807621135E1,1.05E1,1.362435565298E1));
#4007=LINE('',#4006,#4005);
#4008=DIRECTION('',(0.E0,-1.E0,0.E0));
#4009=VECTOR('',#4008,2.5E0);
#4010=CARTESIAN_POINT('',(-1.309807621135E1,1.05E1,1.668653347947E1));
#4011=LINE('',#4010,#4009);
#4012=DIRECTION('',(0.E0,-1.E0,0.E0));
#4013=VECTOR('',#4012,2.5E0);
#4014=CARTESIAN_POINT('',(-1.05E1,1.05E1,1.518653347947E1));
#4015=LINE('',#4014,#4013);
#4016=DIRECTION('',(0.E0,-1.E0,0.E0));
#4017=VECTOR('',#4016,2.5E0);
#4018=CARTESIAN_POINT('',(-7.901923788647E0,1.05E1,1.668653347947E1));
#4019=LINE('',#4018,#4017);
#4020=DIRECTION('',(0.E0,-1.E0,0.E0));
#4021=VECTOR('',#4020,2.5E0);
#4022=CARTESIAN_POINT('',(-7.901923788647E0,1.05E1,1.968653347947E1));
#4023=LINE('',#4022,#4021);
#4024=DIRECTION('',(0.E0,-1.E0,0.E0));
#4025=VECTOR('',#4024,2.5E0);
#4026=CARTESIAN_POINT('',(-1.05E1,1.05E1,2.118653347947E1));
#4027=LINE('',#4026,#4025);
#4028=DIRECTION('',(0.E0,-1.E0,0.E0));
#4029=VECTOR('',#4028,2.5E0);
#4030=CARTESIAN_POINT('',(-1.309807621135E1,1.05E1,1.968653347947E1));
#4031=LINE('',#4030,#4029);
#4032=DIRECTION('',(0.E0,-1.E0,0.E0));
#4033=VECTOR('',#4032,2.5E0);
#4034=CARTESIAN_POINT('',(-6.098076211353E0,1.05E1,1.668653347947E1));
#4035=LINE('',#4034,#4033);
#4036=DIRECTION('',(0.E0,-1.E0,0.E0));
#4037=VECTOR('',#4036,2.5E0);
#4038=CARTESIAN_POINT('',(-3.5E0,1.05E1,1.518653347947E1));
#4039=LINE('',#4038,#4037);
#4040=DIRECTION('',(0.E0,-1.E0,0.E0));
#4041=VECTOR('',#4040,2.5E0);
#4042=CARTESIAN_POINT('',(-9.019237886467E-1,1.05E1,1.668653347947E1));
#4043=LINE('',#4042,#4041);
#4044=DIRECTION('',(0.E0,-1.E0,0.E0));
#4045=VECTOR('',#4044,2.5E0);
#4046=CARTESIAN_POINT('',(-9.019237886467E-1,1.05E1,1.968653347947E1));
#4047=LINE('',#4046,#4045);
#4048=DIRECTION('',(0.E0,-1.E0,0.E0));
#4049=VECTOR('',#4048,2.5E0);
#4050=CARTESIAN_POINT('',(-3.5E0,1.05E1,2.118653347947E1));
#4051=LINE('',#4050,#4049);
#4052=DIRECTION('',(0.E0,-1.E0,0.E0));
#4053=VECTOR('',#4052,2.5E0);
#4054=CARTESIAN_POINT('',(-6.098076211353E0,1.05E1,1.968653347947E1));
#4055=LINE('',#4054,#4053);
#4056=DIRECTION('',(0.E0,-1.E0,0.E0));
#4057=VECTOR('',#4056,2.5E0);
#4058=CARTESIAN_POINT('',(9.019237886467E-1,1.05E1,1.668653347947E1));
#4059=LINE('',#4058,#4057);
#4060=DIRECTION('',(0.E0,-1.E0,0.E0));
#4061=VECTOR('',#4060,2.5E0);
#4062=CARTESIAN_POINT('',(3.5E0,1.05E1,1.518653347947E1));
#4063=LINE('',#4062,#4061);
#4064=DIRECTION('',(0.E0,-1.E0,0.E0));
#4065=VECTOR('',#4064,2.5E0);
#4066=CARTESIAN_POINT('',(6.098076211353E0,1.05E1,1.668653347947E1));
#4067=LINE('',#4066,#4065);
#4068=DIRECTION('',(0.E0,-1.E0,0.E0));
#4069=VECTOR('',#4068,2.5E0);
#4070=CARTESIAN_POINT('',(6.098076211353E0,1.05E1,1.968653347947E1));
#4071=LINE('',#4070,#4069);
#4072=DIRECTION('',(0.E0,-1.E0,0.E0));
#4073=VECTOR('',#4072,2.5E0);
#4074=CARTESIAN_POINT('',(3.5E0,1.05E1,2.118653347947E1));
#4075=LINE('',#4074,#4073);
#4076=DIRECTION('',(0.E0,-1.E0,0.E0));
#4077=VECTOR('',#4076,2.5E0);
#4078=CARTESIAN_POINT('',(9.019237886467E-1,1.05E1,1.968653347947E1));
#4079=LINE('',#4078,#4077);
#4080=DIRECTION('',(0.E0,-1.E0,0.E0));
#4081=VECTOR('',#4080,2.5E0);
#4082=CARTESIAN_POINT('',(7.901923788647E0,1.05E1,1.668653347947E1));
#4083=LINE('',#4082,#4081);
#4084=DIRECTION('',(0.E0,-1.E0,0.E0));
#4085=VECTOR('',#4084,2.5E0);
#4086=CARTESIAN_POINT('',(1.05E1,1.05E1,1.518653347947E1));
#4087=LINE('',#4086,#4085);
#4088=DIRECTION('',(0.E0,-1.E0,0.E0));
#4089=VECTOR('',#4088,2.5E0);
#4090=CARTESIAN_POINT('',(1.309807621135E1,1.05E1,1.668653347947E1));
#4091=LINE('',#4090,#4089);
#4092=DIRECTION('',(0.E0,-1.E0,0.E0));
#4093=VECTOR('',#4092,2.5E0);
#4094=CARTESIAN_POINT('',(1.309807621135E1,1.05E1,1.968653347947E1));
#4095=LINE('',#4094,#4093);
#4096=DIRECTION('',(0.E0,-1.E0,0.E0));
#4097=VECTOR('',#4096,2.5E0);
#4098=CARTESIAN_POINT('',(1.05E1,1.05E1,2.118653347947E1));
#4099=LINE('',#4098,#4097);
#4100=DIRECTION('',(0.E0,-1.E0,0.E0));
#4101=VECTOR('',#4100,2.5E0);
#4102=CARTESIAN_POINT('',(7.901923788647E0,1.05E1,1.968653347947E1));
#4103=LINE('',#4102,#4101);
#4104=DIRECTION('',(0.E0,-1.E0,0.E0));
#4105=VECTOR('',#4104,2.5E0);
#4106=CARTESIAN_POINT('',(-2.009807621135E1,1.05E1,-1.968653347947E1));
#4107=LINE('',#4106,#4105);
#4108=DIRECTION('',(0.E0,-1.E0,0.E0));
#4109=VECTOR('',#4108,2.5E0);
#4110=CARTESIAN_POINT('',(-1.75E1,1.05E1,-2.118653347947E1));
#4111=LINE('',#4110,#4109);
#4112=DIRECTION('',(0.E0,-1.E0,0.E0));
#4113=VECTOR('',#4112,2.5E0);
#4114=CARTESIAN_POINT('',(-1.490192378865E1,1.05E1,-1.968653347947E1));
#4115=LINE('',#4114,#4113);
#4116=DIRECTION('',(0.E0,-1.E0,0.E0));
#4117=VECTOR('',#4116,2.5E0);
#4118=CARTESIAN_POINT('',(-1.490192378865E1,1.05E1,-1.668653347947E1));
#4119=LINE('',#4118,#4117);
#4120=DIRECTION('',(0.E0,-1.E0,0.E0));
#4121=VECTOR('',#4120,2.5E0);
#4122=CARTESIAN_POINT('',(-1.75E1,1.05E1,-1.518653347947E1));
#4123=LINE('',#4122,#4121);
#4124=DIRECTION('',(0.E0,-1.E0,0.E0));
#4125=VECTOR('',#4124,2.5E0);
#4126=CARTESIAN_POINT('',(-2.009807621135E1,1.05E1,-1.668653347947E1));
#4127=LINE('',#4126,#4125);
#4128=DIRECTION('',(0.E0,-1.E0,0.E0));
#4129=VECTOR('',#4128,2.5E0);
#4130=CARTESIAN_POINT('',(-2.359807621135E1,1.05E1,-1.362435565298E1));
#4131=LINE('',#4130,#4129);
#4132=DIRECTION('',(0.E0,-1.E0,0.E0));
#4133=VECTOR('',#4132,2.5E0);
#4134=CARTESIAN_POINT('',(-2.1E1,1.05E1,-1.512435565298E1));
#4135=LINE('',#4134,#4133);
#4136=DIRECTION('',(0.E0,-1.E0,0.E0));
#4137=VECTOR('',#4136,2.5E0);
#4138=CARTESIAN_POINT('',(-1.840192378865E1,1.05E1,-1.362435565298E1));
#4139=LINE('',#4138,#4137);
#4140=DIRECTION('',(0.E0,-1.E0,0.E0));
#4141=VECTOR('',#4140,2.5E0);
#4142=CARTESIAN_POINT('',(-1.840192378865E1,1.05E1,-1.062435565298E1));
#4143=LINE('',#4142,#4141);
#4144=DIRECTION('',(0.E0,-1.E0,0.E0));
#4145=VECTOR('',#4144,2.5E0);
#4146=CARTESIAN_POINT('',(-2.1E1,1.05E1,-9.124355652982E0));
#4147=LINE('',#4146,#4145);
#4148=DIRECTION('',(0.E0,-1.E0,0.E0));
#4149=VECTOR('',#4148,2.5E0);
#4150=CARTESIAN_POINT('',(-2.359807621135E1,1.05E1,-1.062435565298E1));
#4151=LINE('',#4150,#4149);
#4152=DIRECTION('',(0.E0,-1.E0,0.E0));
#4153=VECTOR('',#4152,2.5E0);
#4154=CARTESIAN_POINT('',(-2.709807621135E1,1.05E1,-7.562177826491E0));
#4155=LINE('',#4154,#4153);
#4156=DIRECTION('',(0.E0,-1.E0,0.E0));
#4157=VECTOR('',#4156,2.5E0);
#4158=CARTESIAN_POINT('',(-2.45E1,1.05E1,-9.062177826491E0));
#4159=LINE('',#4158,#4157);
#4160=DIRECTION('',(0.E0,-1.E0,0.E0));
#4161=VECTOR('',#4160,2.5E0);
#4162=CARTESIAN_POINT('',(-2.190192378865E1,1.05E1,-7.562177826491E0));
#4163=LINE('',#4162,#4161);
#4164=DIRECTION('',(0.E0,-1.E0,0.E0));
#4165=VECTOR('',#4164,2.5E0);
#4166=CARTESIAN_POINT('',(-2.190192378865E1,1.05E1,-4.562177826491E0));
#4167=LINE('',#4166,#4165);
#4168=DIRECTION('',(0.E0,-1.E0,0.E0));
#4169=VECTOR('',#4168,2.5E0);
#4170=CARTESIAN_POINT('',(-2.45E1,1.05E1,-3.062177826491E0));
#4171=LINE('',#4170,#4169);
#4172=DIRECTION('',(0.E0,-1.E0,0.E0));
#4173=VECTOR('',#4172,2.5E0);
#4174=CARTESIAN_POINT('',(-2.709807621135E1,1.05E1,-4.562177826491E0));
#4175=LINE('',#4174,#4173);
#4176=DIRECTION('',(0.E0,-1.E0,0.E0));
#4177=VECTOR('',#4176,2.5E0);
#4178=CARTESIAN_POINT('',(-3.059807621135E1,1.05E1,-1.5E0));
#4179=LINE('',#4178,#4177);
#4180=DIRECTION('',(0.E0,-1.E0,0.E0));
#4181=VECTOR('',#4180,2.5E0);
#4182=CARTESIAN_POINT('',(-2.8E1,1.05E1,-3.E0));
#4183=LINE('',#4182,#4181);
#4184=DIRECTION('',(0.E0,-1.E0,0.E0));
#4185=VECTOR('',#4184,2.5E0);
#4186=CARTESIAN_POINT('',(-2.540192378865E1,1.05E1,-1.5E0));
#4187=LINE('',#4186,#4185);
#4188=DIRECTION('',(0.E0,-1.E0,0.E0));
#4189=VECTOR('',#4188,2.5E0);
#4190=CARTESIAN_POINT('',(-2.540192378865E1,1.05E1,1.5E0));
#4191=LINE('',#4190,#4189);
#4192=DIRECTION('',(0.E0,-1.E0,0.E0));
#4193=VECTOR('',#4192,2.5E0);
#4194=CARTESIAN_POINT('',(-2.8E1,1.05E1,3.E0));
#4195=LINE('',#4194,#4193);
#4196=DIRECTION('',(0.E0,-1.E0,0.E0));
#4197=VECTOR('',#4196,2.5E0);
#4198=CARTESIAN_POINT('',(-3.059807621135E1,1.05E1,1.5E0));
#4199=LINE('',#4198,#4197);
#4200=DIRECTION('',(0.E0,-1.E0,0.E0));
#4201=VECTOR('',#4200,2.5E0);
#4202=CARTESIAN_POINT('',(-2.709807621135E1,1.05E1,4.562177826491E0));
#4203=LINE('',#4202,#4201);
#4204=DIRECTION('',(0.E0,-1.E0,0.E0));
#4205=VECTOR('',#4204,2.5E0);
#4206=CARTESIAN_POINT('',(-2.45E1,1.05E1,3.062177826491E0));
#4207=LINE('',#4206,#4205);
#4208=DIRECTION('',(0.E0,-1.E0,0.E0));
#4209=VECTOR('',#4208,2.5E0);
#4210=CARTESIAN_POINT('',(-2.190192378865E1,1.05E1,4.562177826491E0));
#4211=LINE('',#4210,#4209);
#4212=DIRECTION('',(0.E0,-1.E0,0.E0));
#4213=VECTOR('',#4212,2.5E0);
#4214=CARTESIAN_POINT('',(-2.190192378865E1,1.05E1,7.562177826491E0));
#4215=LINE('',#4214,#4213);
#4216=DIRECTION('',(0.E0,-1.E0,0.E0));
#4217=VECTOR('',#4216,2.5E0);
#4218=CARTESIAN_POINT('',(-2.45E1,1.05E1,9.062177826491E0));
#4219=LINE('',#4218,#4217);
#4220=DIRECTION('',(0.E0,-1.E0,0.E0));
#4221=VECTOR('',#4220,2.5E0);
#4222=CARTESIAN_POINT('',(-2.709807621135E1,1.05E1,7.562177826491E0));
#4223=LINE('',#4222,#4221);
#4224=DIRECTION('',(0.E0,-1.E0,0.E0));
#4225=VECTOR('',#4224,2.5E0);
#4226=CARTESIAN_POINT('',(-2.359807621135E1,1.05E1,1.062435565298E1));
#4227=LINE('',#4226,#4225);
#4228=DIRECTION('',(0.E0,-1.E0,0.E0));
#4229=VECTOR('',#4228,2.5E0);
#4230=CARTESIAN_POINT('',(-2.1E1,1.05E1,9.124355652982E0));
#4231=LINE('',#4230,#4229);
#4232=DIRECTION('',(0.E0,-1.E0,0.E0));
#4233=VECTOR('',#4232,2.5E0);
#4234=CARTESIAN_POINT('',(-1.840192378865E1,1.05E1,1.062435565298E1));
#4235=LINE('',#4234,#4233);
#4236=DIRECTION('',(0.E0,-1.E0,0.E0));
#4237=VECTOR('',#4236,2.5E0);
#4238=CARTESIAN_POINT('',(-1.840192378865E1,1.05E1,1.362435565298E1));
#4239=LINE('',#4238,#4237);
#4240=DIRECTION('',(0.E0,-1.E0,0.E0));
#4241=VECTOR('',#4240,2.5E0);
#4242=CARTESIAN_POINT('',(-2.1E1,1.05E1,1.512435565298E1));
#4243=LINE('',#4242,#4241);
#4244=DIRECTION('',(0.E0,-1.E0,0.E0));
#4245=VECTOR('',#4244,2.5E0);
#4246=CARTESIAN_POINT('',(-2.359807621135E1,1.05E1,1.362435565298E1));
#4247=LINE('',#4246,#4245);
#4248=DIRECTION('',(0.E0,-1.E0,0.E0));
#4249=VECTOR('',#4248,2.5E0);
#4250=CARTESIAN_POINT('',(-2.009807621135E1,1.05E1,1.668653347947E1));
#4251=LINE('',#4250,#4249);
#4252=DIRECTION('',(0.E0,-1.E0,0.E0));
#4253=VECTOR('',#4252,2.5E0);
#4254=CARTESIAN_POINT('',(-1.75E1,1.05E1,1.518653347947E1));
#4255=LINE('',#4254,#4253);
#4256=DIRECTION('',(0.E0,-1.E0,0.E0));
#4257=VECTOR('',#4256,2.5E0);
#4258=CARTESIAN_POINT('',(-1.490192378865E1,1.05E1,1.668653347947E1));
#4259=LINE('',#4258,#4257);
#4260=DIRECTION('',(0.E0,-1.E0,0.E0));
#4261=VECTOR('',#4260,2.5E0);
#4262=CARTESIAN_POINT('',(-1.490192378865E1,1.05E1,1.968653347947E1));
#4263=LINE('',#4262,#4261);
#4264=DIRECTION('',(0.E0,-1.E0,0.E0));
#4265=VECTOR('',#4264,2.5E0);
#4266=CARTESIAN_POINT('',(-1.75E1,1.05E1,2.118653347947E1));
#4267=LINE('',#4266,#4265);
#4268=DIRECTION('',(0.E0,-1.E0,0.E0));
#4269=VECTOR('',#4268,2.5E0);
#4270=CARTESIAN_POINT('',(-2.009807621135E1,1.05E1,1.968653347947E1));
#4271=LINE('',#4270,#4269);
#4272=DIRECTION('',(0.E0,-1.E0,0.E0));
#4273=VECTOR('',#4272,2.5E0);
#4274=CARTESIAN_POINT('',(-2.709807621135E1,1.05E1,-1.968653347947E1));
#4275=LINE('',#4274,#4273);
#4276=DIRECTION('',(0.E0,-1.E0,0.E0));
#4277=VECTOR('',#4276,2.5E0);
#4278=CARTESIAN_POINT('',(-2.45E1,1.05E1,-2.118653347947E1));
#4279=LINE('',#4278,#4277);
#4280=DIRECTION('',(0.E0,-1.E0,0.E0));
#4281=VECTOR('',#4280,2.5E0);
#4282=CARTESIAN_POINT('',(-2.190192378865E1,1.05E1,-1.968653347947E1));
#4283=LINE('',#4282,#4281);
#4284=DIRECTION('',(0.E0,-1.E0,0.E0));
#4285=VECTOR('',#4284,2.5E0);
#4286=CARTESIAN_POINT('',(-2.190192378865E1,1.05E1,-1.668653347947E1));
#4287=LINE('',#4286,#4285);
#4288=DIRECTION('',(0.E0,-1.E0,0.E0));
#4289=VECTOR('',#4288,2.5E0);
#4290=CARTESIAN_POINT('',(-2.45E1,1.05E1,-1.518653347947E1));
#4291=LINE('',#4290,#4289);
#4292=DIRECTION('',(0.E0,-1.E0,0.E0));
#4293=VECTOR('',#4292,2.5E0);
#4294=CARTESIAN_POINT('',(-2.709807621135E1,1.05E1,-1.668653347947E1));
#4295=LINE('',#4294,#4293);
#4296=DIRECTION('',(0.E0,-1.E0,0.E0));
#4297=VECTOR('',#4296,2.5E0);
#4298=CARTESIAN_POINT('',(-3.059807621135E1,1.05E1,-1.362435565298E1));
#4299=LINE('',#4298,#4297);
#4300=DIRECTION('',(0.E0,-1.E0,0.E0));
#4301=VECTOR('',#4300,2.5E0);
#4302=CARTESIAN_POINT('',(-2.8E1,1.05E1,-1.512435565298E1));
#4303=LINE('',#4302,#4301);
#4304=DIRECTION('',(0.E0,-1.E0,0.E0));
#4305=VECTOR('',#4304,2.5E0);
#4306=CARTESIAN_POINT('',(-2.540192378865E1,1.05E1,-1.362435565298E1));
#4307=LINE('',#4306,#4305);
#4308=DIRECTION('',(0.E0,-1.E0,0.E0));
#4309=VECTOR('',#4308,2.5E0);
#4310=CARTESIAN_POINT('',(-2.540192378865E1,1.05E1,-1.062435565298E1));
#4311=LINE('',#4310,#4309);
#4312=DIRECTION('',(0.E0,-1.E0,0.E0));
#4313=VECTOR('',#4312,2.5E0);
#4314=CARTESIAN_POINT('',(-2.8E1,1.05E1,-9.124355652982E0));
#4315=LINE('',#4314,#4313);
#4316=DIRECTION('',(0.E0,-1.E0,0.E0));
#4317=VECTOR('',#4316,2.5E0);
#4318=CARTESIAN_POINT('',(-3.059807621135E1,1.05E1,-1.062435565298E1));
#4319=LINE('',#4318,#4317);
#4320=DIRECTION('',(0.E0,-1.E0,0.E0));
#4321=VECTOR('',#4320,2.5E0);
#4322=CARTESIAN_POINT('',(-3.409807621135E1,1.05E1,-7.562177826491E0));
#4323=LINE('',#4322,#4321);
#4324=DIRECTION('',(0.E0,-1.E0,0.E0));
#4325=VECTOR('',#4324,2.5E0);
#4326=CARTESIAN_POINT('',(-3.15E1,1.05E1,-9.062177826491E0));
#4327=LINE('',#4326,#4325);
#4328=DIRECTION('',(0.E0,-1.E0,0.E0));
#4329=VECTOR('',#4328,2.5E0);
#4330=CARTESIAN_POINT('',(-2.890192378865E1,1.05E1,-7.562177826491E0));
#4331=LINE('',#4330,#4329);
#4332=DIRECTION('',(0.E0,-1.E0,0.E0));
#4333=VECTOR('',#4332,2.5E0);
#4334=CARTESIAN_POINT('',(-2.890192378865E1,1.05E1,-4.562177826491E0));
#4335=LINE('',#4334,#4333);
#4336=DIRECTION('',(0.E0,-1.E0,0.E0));
#4337=VECTOR('',#4336,2.5E0);
#4338=CARTESIAN_POINT('',(-3.15E1,1.05E1,-3.062177826491E0));
#4339=LINE('',#4338,#4337);
#4340=DIRECTION('',(0.E0,-1.E0,0.E0));
#4341=VECTOR('',#4340,2.5E0);
#4342=CARTESIAN_POINT('',(-3.409807621135E1,1.05E1,-4.562177826491E0));
#4343=LINE('',#4342,#4341);
#4344=DIRECTION('',(0.E0,-1.E0,0.E0));
#4345=VECTOR('',#4344,2.5E0);
#4346=CARTESIAN_POINT('',(-3.759807621135E1,1.05E1,-1.5E0));
#4347=LINE('',#4346,#4345);
#4348=DIRECTION('',(0.E0,-1.E0,0.E0));
#4349=VECTOR('',#4348,2.5E0);
#4350=CARTESIAN_POINT('',(-3.5E1,1.05E1,-3.E0));
#4351=LINE('',#4350,#4349);
#4352=DIRECTION('',(0.E0,-1.E0,0.E0));
#4353=VECTOR('',#4352,2.5E0);
#4354=CARTESIAN_POINT('',(-3.240192378865E1,1.05E1,-1.5E0));
#4355=LINE('',#4354,#4353);
#4356=DIRECTION('',(0.E0,-1.E0,0.E0));
#4357=VECTOR('',#4356,2.5E0);
#4358=CARTESIAN_POINT('',(-3.240192378865E1,1.05E1,1.5E0));
#4359=LINE('',#4358,#4357);
#4360=DIRECTION('',(0.E0,-1.E0,0.E0));
#4361=VECTOR('',#4360,2.5E0);
#4362=CARTESIAN_POINT('',(-3.5E1,1.05E1,3.E0));
#4363=LINE('',#4362,#4361);
#4364=DIRECTION('',(0.E0,-1.E0,0.E0));
#4365=VECTOR('',#4364,2.5E0);
#4366=CARTESIAN_POINT('',(-3.759807621135E1,1.05E1,1.5E0));
#4367=LINE('',#4366,#4365);
#4368=DIRECTION('',(0.E0,-1.E0,0.E0));
#4369=VECTOR('',#4368,2.5E0);
#4370=CARTESIAN_POINT('',(-3.409807621135E1,1.05E1,4.562177826491E0));
#4371=LINE('',#4370,#4369);
#4372=DIRECTION('',(0.E0,-1.E0,0.E0));
#4373=VECTOR('',#4372,2.5E0);
#4374=CARTESIAN_POINT('',(-3.15E1,1.05E1,3.062177826491E0));
#4375=LINE('',#4374,#4373);
#4376=DIRECTION('',(0.E0,-1.E0,0.E0));
#4377=VECTOR('',#4376,2.5E0);
#4378=CARTESIAN_POINT('',(-2.890192378865E1,1.05E1,4.562177826491E0));
#4379=LINE('',#4378,#4377);
#4380=DIRECTION('',(0.E0,-1.E0,0.E0));
#4381=VECTOR('',#4380,2.5E0);
#4382=CARTESIAN_POINT('',(-2.890192378865E1,1.05E1,7.562177826491E0));
#4383=LINE('',#4382,#4381);
#4384=DIRECTION('',(0.E0,-1.E0,0.E0));
#4385=VECTOR('',#4384,2.5E0);
#4386=CARTESIAN_POINT('',(-3.15E1,1.05E1,9.062177826491E0));
#4387=LINE('',#4386,#4385);
#4388=DIRECTION('',(0.E0,-1.E0,0.E0));
#4389=VECTOR('',#4388,2.5E0);
#4390=CARTESIAN_POINT('',(-3.409807621135E1,1.05E1,7.562177826491E0));
#4391=LINE('',#4390,#4389);
#4392=DIRECTION('',(0.E0,-1.E0,0.E0));
#4393=VECTOR('',#4392,2.5E0);
#4394=CARTESIAN_POINT('',(-3.059807621135E1,1.05E1,1.062435565298E1));
#4395=LINE('',#4394,#4393);
#4396=DIRECTION('',(0.E0,-1.E0,0.E0));
#4397=VECTOR('',#4396,2.5E0);
#4398=CARTESIAN_POINT('',(-2.8E1,1.05E1,9.124355652982E0));
#4399=LINE('',#4398,#4397);
#4400=DIRECTION('',(0.E0,-1.E0,0.E0));
#4401=VECTOR('',#4400,2.5E0);
#4402=CARTESIAN_POINT('',(-2.540192378865E1,1.05E1,1.062435565298E1));
#4403=LINE('',#4402,#4401);
#4404=DIRECTION('',(0.E0,-1.E0,0.E0));
#4405=VECTOR('',#4404,2.5E0);
#4406=CARTESIAN_POINT('',(-2.540192378865E1,1.05E1,1.362435565298E1));
#4407=LINE('',#4406,#4405);
#4408=DIRECTION('',(0.E0,-1.E0,0.E0));
#4409=VECTOR('',#4408,2.5E0);
#4410=CARTESIAN_POINT('',(-2.8E1,1.05E1,1.512435565298E1));
#4411=LINE('',#4410,#4409);
#4412=DIRECTION('',(0.E0,-1.E0,0.E0));
#4413=VECTOR('',#4412,2.5E0);
#4414=CARTESIAN_POINT('',(-3.059807621135E1,1.05E1,1.362435565298E1));
#4415=LINE('',#4414,#4413);
#4416=DIRECTION('',(0.E0,-1.E0,0.E0));
#4417=VECTOR('',#4416,2.5E0);
#4418=CARTESIAN_POINT('',(-2.709807621135E1,1.05E1,1.668653347947E1));
#4419=LINE('',#4418,#4417);
#4420=DIRECTION('',(0.E0,-1.E0,0.E0));
#4421=VECTOR('',#4420,2.5E0);
#4422=CARTESIAN_POINT('',(-2.45E1,1.05E1,1.518653347947E1));
#4423=LINE('',#4422,#4421);
#4424=DIRECTION('',(0.E0,-1.E0,0.E0));
#4425=VECTOR('',#4424,2.5E0);
#4426=CARTESIAN_POINT('',(-2.190192378865E1,1.05E1,1.668653347947E1));
#4427=LINE('',#4426,#4425);
#4428=DIRECTION('',(0.E0,-1.E0,0.E0));
#4429=VECTOR('',#4428,2.5E0);
#4430=CARTESIAN_POINT('',(-2.190192378865E1,1.05E1,1.968653347947E1));
#4431=LINE('',#4430,#4429);
#4432=DIRECTION('',(0.E0,-1.E0,0.E0));
#4433=VECTOR('',#4432,2.5E0);
#4434=CARTESIAN_POINT('',(-2.45E1,1.05E1,2.118653347947E1));
#4435=LINE('',#4434,#4433);
#4436=DIRECTION('',(0.E0,-1.E0,0.E0));
#4437=VECTOR('',#4436,2.5E0);
#4438=CARTESIAN_POINT('',(-2.709807621135E1,1.05E1,1.968653347947E1));
#4439=LINE('',#4438,#4437);
#4440=DIRECTION('',(0.E0,-1.E0,0.E0));
#4441=VECTOR('',#4440,2.5E0);
#4442=CARTESIAN_POINT('',(-3.409807621135E1,1.05E1,-1.968653347947E1));
#4443=LINE('',#4442,#4441);
#4444=DIRECTION('',(0.E0,-1.E0,0.E0));
#4445=VECTOR('',#4444,2.5E0);
#4446=CARTESIAN_POINT('',(-3.15E1,1.05E1,-2.118653347947E1));
#4447=LINE('',#4446,#4445);
#4448=DIRECTION('',(0.E0,-1.E0,0.E0));
#4449=VECTOR('',#4448,2.5E0);
#4450=CARTESIAN_POINT('',(-2.890192378865E1,1.05E1,-1.968653347947E1));
#4451=LINE('',#4450,#4449);
#4452=DIRECTION('',(0.E0,-1.E0,0.E0));
#4453=VECTOR('',#4452,2.5E0);
#4454=CARTESIAN_POINT('',(-2.890192378865E1,1.05E1,-1.668653347947E1));
#4455=LINE('',#4454,#4453);
#4456=DIRECTION('',(0.E0,-1.E0,0.E0));
#4457=VECTOR('',#4456,2.5E0);
#4458=CARTESIAN_POINT('',(-3.15E1,1.05E1,-1.518653347947E1));
#4459=LINE('',#4458,#4457);
#4460=DIRECTION('',(0.E0,-1.E0,0.E0));
#4461=VECTOR('',#4460,2.5E0);
#4462=CARTESIAN_POINT('',(-3.409807621135E1,1.05E1,-1.668653347947E1));
#4463=LINE('',#4462,#4461);
#4464=DIRECTION('',(0.E0,-1.E0,0.E0));
#4465=VECTOR('',#4464,2.5E0);
#4466=CARTESIAN_POINT('',(-3.759807621135E1,1.05E1,-1.362435565298E1));
#4467=LINE('',#4466,#4465);
#4468=DIRECTION('',(0.E0,-1.E0,0.E0));
#4469=VECTOR('',#4468,2.5E0);
#4470=CARTESIAN_POINT('',(-3.5E1,1.05E1,-1.512435565298E1));
#4471=LINE('',#4470,#4469);
#4472=DIRECTION('',(0.E0,-1.E0,0.E0));
#4473=VECTOR('',#4472,2.5E0);
#4474=CARTESIAN_POINT('',(-3.240192378865E1,1.05E1,-1.362435565298E1));
#4475=LINE('',#4474,#4473);
#4476=DIRECTION('',(0.E0,-1.E0,0.E0));
#4477=VECTOR('',#4476,2.5E0);
#4478=CARTESIAN_POINT('',(-3.240192378865E1,1.05E1,-1.062435565298E1));
#4479=LINE('',#4478,#4477);
#4480=DIRECTION('',(0.E0,-1.E0,0.E0));
#4481=VECTOR('',#4480,2.5E0);
#4482=CARTESIAN_POINT('',(-3.5E1,1.05E1,-9.124355652982E0));
#4483=LINE('',#4482,#4481);
#4484=DIRECTION('',(0.E0,-1.E0,0.E0));
#4485=VECTOR('',#4484,2.5E0);
#4486=CARTESIAN_POINT('',(-3.759807621135E1,1.05E1,-1.062435565298E1));
#4487=LINE('',#4486,#4485);
#4488=DIRECTION('',(0.E0,-1.E0,0.E0));
#4489=VECTOR('',#4488,2.5E0);
#4490=CARTESIAN_POINT('',(-4.109807621135E1,1.05E1,-7.562177826491E0));
#4491=LINE('',#4490,#4489);
#4492=DIRECTION('',(0.E0,-1.E0,0.E0));
#4493=VECTOR('',#4492,2.5E0);
#4494=CARTESIAN_POINT('',(-3.85E1,1.05E1,-9.062177826491E0));
#4495=LINE('',#4494,#4493);
#4496=DIRECTION('',(0.E0,-1.E0,0.E0));
#4497=VECTOR('',#4496,2.5E0);
#4498=CARTESIAN_POINT('',(-3.590192378865E1,1.05E1,-7.562177826491E0));
#4499=LINE('',#4498,#4497);
#4500=DIRECTION('',(0.E0,-1.E0,0.E0));
#4501=VECTOR('',#4500,2.5E0);
#4502=CARTESIAN_POINT('',(-3.590192378865E1,1.05E1,-4.562177826491E0));
#4503=LINE('',#4502,#4501);
#4504=DIRECTION('',(0.E0,-1.E0,0.E0));
#4505=VECTOR('',#4504,2.5E0);
#4506=CARTESIAN_POINT('',(-3.85E1,1.05E1,-3.062177826491E0));
#4507=LINE('',#4506,#4505);
#4508=DIRECTION('',(0.E0,-1.E0,0.E0));
#4509=VECTOR('',#4508,2.5E0);
#4510=CARTESIAN_POINT('',(-4.109807621135E1,1.05E1,-4.562177826491E0));
#4511=LINE('',#4510,#4509);
#4512=DIRECTION('',(0.E0,-1.E0,0.E0));
#4513=VECTOR('',#4512,2.5E0);
#4514=CARTESIAN_POINT('',(-4.459807621135E1,1.05E1,-1.5E0));
#4515=LINE('',#4514,#4513);
#4516=DIRECTION('',(0.E0,-1.E0,0.E0));
#4517=VECTOR('',#4516,2.5E0);
#4518=CARTESIAN_POINT('',(-4.2E1,1.05E1,-3.E0));
#4519=LINE('',#4518,#4517);
#4520=DIRECTION('',(0.E0,-1.E0,0.E0));
#4521=VECTOR('',#4520,2.5E0);
#4522=CARTESIAN_POINT('',(-3.940192378865E1,1.05E1,-1.5E0));
#4523=LINE('',#4522,#4521);
#4524=DIRECTION('',(0.E0,-1.E0,0.E0));
#4525=VECTOR('',#4524,2.5E0);
#4526=CARTESIAN_POINT('',(-3.940192378865E1,1.05E1,1.5E0));
#4527=LINE('',#4526,#4525);
#4528=DIRECTION('',(0.E0,-1.E0,0.E0));
#4529=VECTOR('',#4528,2.5E0);
#4530=CARTESIAN_POINT('',(-4.2E1,1.05E1,3.E0));
#4531=LINE('',#4530,#4529);
#4532=DIRECTION('',(0.E0,-1.E0,0.E0));
#4533=VECTOR('',#4532,2.5E0);
#4534=CARTESIAN_POINT('',(-4.459807621135E1,1.05E1,1.5E0));
#4535=LINE('',#4534,#4533);
#4536=DIRECTION('',(0.E0,-1.E0,0.E0));
#4537=VECTOR('',#4536,2.5E0);
#4538=CARTESIAN_POINT('',(-4.109807621135E1,1.05E1,4.562177826491E0));
#4539=LINE('',#4538,#4537);
#4540=DIRECTION('',(0.E0,-1.E0,0.E0));
#4541=VECTOR('',#4540,2.5E0);
#4542=CARTESIAN_POINT('',(-3.85E1,1.05E1,3.062177826491E0));
#4543=LINE('',#4542,#4541);
#4544=DIRECTION('',(0.E0,-1.E0,0.E0));
#4545=VECTOR('',#4544,2.5E0);
#4546=CARTESIAN_POINT('',(-3.590192378865E1,1.05E1,4.562177826491E0));
#4547=LINE('',#4546,#4545);
#4548=DIRECTION('',(0.E0,-1.E0,0.E0));
#4549=VECTOR('',#4548,2.5E0);
#4550=CARTESIAN_POINT('',(-3.590192378865E1,1.05E1,7.562177826491E0));
#4551=LINE('',#4550,#4549);
#4552=DIRECTION('',(0.E0,-1.E0,0.E0));
#4553=VECTOR('',#4552,2.5E0);
#4554=CARTESIAN_POINT('',(-3.85E1,1.05E1,9.062177826491E0));
#4555=LINE('',#4554,#4553);
#4556=DIRECTION('',(0.E0,-1.E0,0.E0));
#4557=VECTOR('',#4556,2.5E0);
#4558=CARTESIAN_POINT('',(-4.109807621135E1,1.05E1,7.562177826491E0));
#4559=LINE('',#4558,#4557);
#4560=DIRECTION('',(0.E0,-1.E0,0.E0));
#4561=VECTOR('',#4560,2.5E0);
#4562=CARTESIAN_POINT('',(-3.759807621135E1,1.05E1,1.062435565298E1));
#4563=LINE('',#4562,#4561);
#4564=DIRECTION('',(0.E0,-1.E0,0.E0));
#4565=VECTOR('',#4564,2.5E0);
#4566=CARTESIAN_POINT('',(-3.5E1,1.05E1,9.124355652982E0));
#4567=LINE('',#4566,#4565);
#4568=DIRECTION('',(0.E0,-1.E0,0.E0));
#4569=VECTOR('',#4568,2.5E0);
#4570=CARTESIAN_POINT('',(-3.240192378865E1,1.05E1,1.062435565298E1));
#4571=LINE('',#4570,#4569);
#4572=DIRECTION('',(0.E0,-1.E0,0.E0));
#4573=VECTOR('',#4572,2.5E0);
#4574=CARTESIAN_POINT('',(-3.240192378865E1,1.05E1,1.362435565298E1));
#4575=LINE('',#4574,#4573);
#4576=DIRECTION('',(0.E0,-1.E0,0.E0));
#4577=VECTOR('',#4576,2.5E0);
#4578=CARTESIAN_POINT('',(-3.5E1,1.05E1,1.512435565298E1));
#4579=LINE('',#4578,#4577);
#4580=DIRECTION('',(0.E0,-1.E0,0.E0));
#4581=VECTOR('',#4580,2.5E0);
#4582=CARTESIAN_POINT('',(-3.759807621135E1,1.05E1,1.362435565298E1));
#4583=LINE('',#4582,#4581);
#4584=DIRECTION('',(0.E0,-1.E0,0.E0));
#4585=VECTOR('',#4584,2.5E0);
#4586=CARTESIAN_POINT('',(-3.409807621135E1,1.05E1,1.668653347947E1));
#4587=LINE('',#4586,#4585);
#4588=DIRECTION('',(0.E0,-1.E0,0.E0));
#4589=VECTOR('',#4588,2.5E0);
#4590=CARTESIAN_POINT('',(-3.15E1,1.05E1,1.518653347947E1));
#4591=LINE('',#4590,#4589);
#4592=DIRECTION('',(0.E0,-1.E0,0.E0));
#4593=VECTOR('',#4592,2.5E0);
#4594=CARTESIAN_POINT('',(-2.890192378865E1,1.05E1,1.668653347947E1));
#4595=LINE('',#4594,#4593);
#4596=DIRECTION('',(0.E0,-1.E0,0.E0));
#4597=VECTOR('',#4596,2.5E0);
#4598=CARTESIAN_POINT('',(-2.890192378865E1,1.05E1,1.968653347947E1));
#4599=LINE('',#4598,#4597);
#4600=DIRECTION('',(0.E0,-1.E0,0.E0));
#4601=VECTOR('',#4600,2.5E0);
#4602=CARTESIAN_POINT('',(-3.15E1,1.05E1,2.118653347947E1));
#4603=LINE('',#4602,#4601);
#4604=DIRECTION('',(0.E0,-1.E0,0.E0));
#4605=VECTOR('',#4604,2.5E0);
#4606=CARTESIAN_POINT('',(-3.409807621135E1,1.05E1,1.968653347947E1));
#4607=LINE('',#4606,#4605);
#4608=DIRECTION('',(0.E0,-1.E0,0.E0));
#4609=VECTOR('',#4608,2.5E0);
#4610=CARTESIAN_POINT('',(-4.109807621135E1,1.05E1,-1.968653347947E1));
#4611=LINE('',#4610,#4609);
#4612=DIRECTION('',(0.E0,-1.E0,0.E0));
#4613=VECTOR('',#4612,2.5E0);
#4614=CARTESIAN_POINT('',(-3.85E1,1.05E1,-2.118653347947E1));
#4615=LINE('',#4614,#4613);
#4616=DIRECTION('',(0.E0,-1.E0,0.E0));
#4617=VECTOR('',#4616,2.5E0);
#4618=CARTESIAN_POINT('',(-3.590192378865E1,1.05E1,-1.968653347947E1));
#4619=LINE('',#4618,#4617);
#4620=DIRECTION('',(0.E0,-1.E0,0.E0));
#4621=VECTOR('',#4620,2.5E0);
#4622=CARTESIAN_POINT('',(-3.590192378865E1,1.05E1,-1.668653347947E1));
#4623=LINE('',#4622,#4621);
#4624=DIRECTION('',(0.E0,-1.E0,0.E0));
#4625=VECTOR('',#4624,2.5E0);
#4626=CARTESIAN_POINT('',(-3.85E1,1.05E1,-1.518653347947E1));
#4627=LINE('',#4626,#4625);
#4628=DIRECTION('',(0.E0,-1.E0,0.E0));
#4629=VECTOR('',#4628,2.5E0);
#4630=CARTESIAN_POINT('',(-4.109807621135E1,1.05E1,-1.668653347947E1));
#4631=LINE('',#4630,#4629);
#4632=DIRECTION('',(0.E0,-1.E0,0.E0));
#4633=VECTOR('',#4632,2.5E0);
#4634=CARTESIAN_POINT('',(-4.459807621135E1,1.05E1,-1.362435565298E1));
#4635=LINE('',#4634,#4633);
#4636=DIRECTION('',(0.E0,-1.E0,0.E0));
#4637=VECTOR('',#4636,2.5E0);
#4638=CARTESIAN_POINT('',(-4.2E1,1.05E1,-1.512435565298E1));
#4639=LINE('',#4638,#4637);
#4640=DIRECTION('',(0.E0,-1.E0,0.E0));
#4641=VECTOR('',#4640,2.5E0);
#4642=CARTESIAN_POINT('',(-3.940192378865E1,1.05E1,-1.362435565298E1));
#4643=LINE('',#4642,#4641);
#4644=DIRECTION('',(0.E0,-1.E0,0.E0));
#4645=VECTOR('',#4644,2.5E0);
#4646=CARTESIAN_POINT('',(-3.940192378865E1,1.05E1,-1.062435565298E1));
#4647=LINE('',#4646,#4645);
#4648=DIRECTION('',(0.E0,-1.E0,0.E0));
#4649=VECTOR('',#4648,2.5E0);
#4650=CARTESIAN_POINT('',(-4.2E1,1.05E1,-9.124355652982E0));
#4651=LINE('',#4650,#4649);
#4652=DIRECTION('',(0.E0,-1.E0,0.E0));
#4653=VECTOR('',#4652,2.5E0);
#4654=CARTESIAN_POINT('',(-4.459807621135E1,1.05E1,-1.062435565298E1));
#4655=LINE('',#4654,#4653);
#4656=DIRECTION('',(0.E0,-1.E0,0.E0));
#4657=VECTOR('',#4656,2.5E0);
#4658=CARTESIAN_POINT('',(-4.459807621135E1,1.05E1,1.062435565298E1));
#4659=LINE('',#4658,#4657);
#4660=DIRECTION('',(0.E0,-1.E0,0.E0));
#4661=VECTOR('',#4660,2.5E0);
#4662=CARTESIAN_POINT('',(-4.2E1,1.05E1,9.124355652982E0));
#4663=LINE('',#4662,#4661);
#4664=DIRECTION('',(0.E0,-1.E0,0.E0));
#4665=VECTOR('',#4664,2.5E0);
#4666=CARTESIAN_POINT('',(-3.940192378865E1,1.05E1,1.062435565298E1));
#4667=LINE('',#4666,#4665);
#4668=DIRECTION('',(0.E0,-1.E0,0.E0));
#4669=VECTOR('',#4668,2.5E0);
#4670=CARTESIAN_POINT('',(-3.940192378865E1,1.05E1,1.362435565298E1));
#4671=LINE('',#4670,#4669);
#4672=DIRECTION('',(0.E0,-1.E0,0.E0));
#4673=VECTOR('',#4672,2.5E0);
#4674=CARTESIAN_POINT('',(-4.2E1,1.05E1,1.512435565298E1));
#4675=LINE('',#4674,#4673);
#4676=DIRECTION('',(0.E0,-1.E0,0.E0));
#4677=VECTOR('',#4676,2.5E0);
#4678=CARTESIAN_POINT('',(-4.459807621135E1,1.05E1,1.362435565298E1));
#4679=LINE('',#4678,#4677);
#4680=DIRECTION('',(0.E0,-1.E0,0.E0));
#4681=VECTOR('',#4680,2.5E0);
#4682=CARTESIAN_POINT('',(-4.109807621135E1,1.05E1,1.668653347947E1));
#4683=LINE('',#4682,#4681);
#4684=DIRECTION('',(0.E0,-1.E0,0.E0));
#4685=VECTOR('',#4684,2.5E0);
#4686=CARTESIAN_POINT('',(-3.85E1,1.05E1,1.518653347947E1));
#4687=LINE('',#4686,#4685);
#4688=DIRECTION('',(0.E0,-1.E0,0.E0));
#4689=VECTOR('',#4688,2.5E0);
#4690=CARTESIAN_POINT('',(-3.590192378865E1,1.05E1,1.668653347947E1));
#4691=LINE('',#4690,#4689);
#4692=DIRECTION('',(0.E0,-1.E0,0.E0));
#4693=VECTOR('',#4692,2.5E0);
#4694=CARTESIAN_POINT('',(-3.590192378865E1,1.05E1,1.968653347947E1));
#4695=LINE('',#4694,#4693);
#4696=DIRECTION('',(0.E0,-1.E0,0.E0));
#4697=VECTOR('',#4696,2.5E0);
#4698=CARTESIAN_POINT('',(-3.85E1,1.05E1,2.118653347947E1));
#4699=LINE('',#4698,#4697);
#4700=DIRECTION('',(0.E0,-1.E0,0.E0));
#4701=VECTOR('',#4700,2.5E0);
#4702=CARTESIAN_POINT('',(-4.109807621135E1,1.05E1,1.968653347947E1));
#4703=LINE('',#4702,#4701);
#4704=DIRECTION('',(1.E0,0.E0,0.E0));
#4705=VECTOR('',#4704,1.913877920809E0);
#4706=CARTESIAN_POINT('',(9.144160068293E0,8.E0,-2.916071873441E1));
#4707=LINE('',#4706,#4705);
#4708=DIRECTION('',(0.E0,7.071067811865E-1,7.071067811865E-1));
#4709=VECTOR('',#4708,1.414213562373E0);
#4710=CARTESIAN_POINT('',(1.105803798910E1,7.E0,-3.016071873441E1));
#4711=LINE('',#4710,#4709);
#4712=DIRECTION('',(-4.818998735751E-1,6.195855517394E-1,6.195855517394E-1));
#4713=VECTOR('',#4712,1.613982116259E0);
#4714=CARTESIAN_POINT('',(-4.469196201090E1,7.E0,-3.016071873441E1));
#4715=LINE('',#4714,#4713);
#4716=DIRECTION('',(1.E0,0.E0,0.E0));
#4717=VECTOR('',#4716,4.531693920838E0);
#4718=CARTESIAN_POINT('',(-4.546973978868E1,8.E0,-2.916071873441E1));
#4719=LINE('',#4718,#4717);
#4720=DIRECTION('',(1.E0,3.271496034904E-12,3.271496034904E-12));
#4721=VECTOR('',#4720,1.867416734388E1);
#4722=CARTESIAN_POINT('',(1.505803798910E1,8.E0,-2.916071873441E1));
#4723=LINE('',#4722,#4721);
#4724=DIRECTION('',(-4.388571711704E-10,-7.071067811865E-1,-7.071067811865E-1));
#4725=VECTOR('',#4724,1.414213562351E0);
#4726=CARTESIAN_POINT('',(3.373220533298E1,8.000000000061E0,-2.916071873435E1));
#4727=LINE('',#4726,#4725);
#4728=DIRECTION('',(0.E0,7.071067811865E-1,7.071067811865E-1));
#4729=VECTOR('',#4728,1.414213562373E0);
#4730=CARTESIAN_POINT('',(1.505803798910E1,7.E0,-3.016071873441E1));
#4731=LINE('',#4730,#4729);
#4732=DIRECTION('',(0.E0,-1.E0,0.E0));
#4733=VECTOR('',#4732,6.379324723383E0);
#4734=CARTESIAN_POINT('',(1.105803798910E1,8.E0,-2.914678671191E1));
#4735=LINE('',#4734,#4733);
#4736=DIRECTION('',(0.E0,-1.E0,0.E0));
#4737=VECTOR('',#4736,6.379324723383E0);
#4738=CARTESIAN_POINT('',(1.505803798910E1,8.E0,-2.914678671191E1));
#4739=LINE('',#4738,#4737);
#4740=DIRECTION('',(0.E0,-1.E0,0.E0));
#4741=VECTOR('',#4740,5.379324723383E0);
#4742=CARTESIAN_POINT('',(1.105803798910E1,7.E0,-3.016071873441E1));
#4743=LINE('',#4742,#4741);
#4744=DIRECTION('',(0.E0,-1.E0,0.E0));
#4745=VECTOR('',#4744,5.379324723383E0);
#4746=CARTESIAN_POINT('',(-4.469196201090E1,7.E0,-3.016071873441E1));
#4747=LINE('',#4746,#4745);
#4748=DIRECTION('',(-1.E0,0.E0,0.E0));
#4749=VECTOR('',#4748,5.575E1);
#4750=CARTESIAN_POINT('',(1.105803798910E1,7.E0,-3.016071873441E1));
#4751=LINE('',#4750,#4749);
#4752=DIRECTION('',(0.E0,-1.E0,0.E0));
#4753=VECTOR('',#4752,5.379324723383E0);
#4754=CARTESIAN_POINT('',(1.505803798910E1,7.E0,-3.016071873441E1));
#4755=LINE('',#4754,#4753);
#4756=DIRECTION('',(-1.E0,-4.089560291268E-12,-4.089560291268E-12));
#4757=VECTOR('',#4756,1.867416734326E1);
#4758=CARTESIAN_POINT('',(3.373220533236E1,7.000000000076E0,-3.016071873434E1));
#4759=LINE('',#4758,#4757);
#4760=DIRECTION('',(0.E0,0.E0,1.E0));
#4761=VECTOR('',#4760,3.107187344132E-1);
#4762=CARTESIAN_POINT('',(1.35E0,1.620675276617E0,2.533928126559E1));
#4763=LINE('',#4762,#4761);
#4764=DIRECTION('',(-1.E0,0.E0,0.E0));
#4765=VECTOR('',#4764,1.005E1);
#4766=CARTESIAN_POINT('',(1.35E0,1.620675276617E0,2.533928126559E1));
#4767=LINE('',#4766,#4765);
#4768=DIRECTION('',(0.E0,0.E0,-1.E0));
#4769=VECTOR('',#4768,9.454044648601E-1);
#4770=CARTESIAN_POINT('',(-8.7E0,1.620675276617E0,2.628468573045E1));
#4771=LINE('',#4770,#4769);
#4772=DIRECTION('',(0.E0,0.E0,-1.E0));
#4773=VECTOR('',#4772,6.346857304469E-1);
#4774=CARTESIAN_POINT('',(1.495926117578E0,1.620675276617E0,2.628468573045E1));
#4775=LINE('',#4774,#4773);
#4776=DIRECTION('',(1.E0,0.E0,0.E0));
#4777=VECTOR('',#4776,1.459261175780E-1);
#4778=CARTESIAN_POINT('',(1.35E0,1.620675276617E0,2.565E1));
#4779=LINE('',#4778,#4777);
#4780=DIRECTION('',(0.E0,0.E0,-1.E0));
#4781=VECTOR('',#4780,3.107187344132E-1);
#4782=CARTESIAN_POINT('',(8.85E0,1.620675276617E0,2.565E1));
#4783=LINE('',#4782,#4781);
#4784=DIRECTION('',(1.E0,0.E0,2.434597546873E-14));
#4785=VECTOR('',#4784,1.459261175780E-1);
#4786=CARTESIAN_POINT('',(8.704073882422E0,1.620675276617E0,2.565E1));
#4787=LINE('',#4786,#4785);
#4788=DIRECTION('',(0.E0,0.E0,-1.E0));
#4789=VECTOR('',#4788,6.346857304469E-1);
#4790=CARTESIAN_POINT('',(8.704073882422E0,1.620675276617E0,2.628468573045E1));
#4791=LINE('',#4790,#4789);
#4792=DIRECTION('',(1.E0,0.E0,0.E0));
#4793=VECTOR('',#4792,1.013220533547E1);
#4794=CARTESIAN_POINT('',(1.76E1,1.620675276617E0,2.628468573045E1));
#4795=LINE('',#4794,#4793);
#4796=DIRECTION('',(-1.E0,0.E0,0.E0));
#4797=VECTOR('',#4796,9.695693657898E-1);
#4798=CARTESIAN_POINT('',(3.711560260081E1,1.620675276617E0,2.349E1));
#4799=LINE('',#4798,#4797);
#4800=CARTESIAN_POINT('',(3.373220533547E1,1.620675276617E0,2.283928126559E1));
#4801=DIRECTION('',(0.E0,-1.E0,0.E0));
#4802=DIRECTION('',(9.655311598231E-1,0.E0,2.602874937653E-1));
#4803=AXIS2_PLACEMENT_3D('',#4800,#4801,#4802);
#4805=DIRECTION('',(-1.E0,0.E0,0.E0));
#4806=VECTOR('',#4805,2.488220533547E1);
#4807=CARTESIAN_POINT('',(3.373220533547E1,1.620675276617E0,2.533928126559E1));
#4808=LINE('',#4807,#4806);
#4809=DIRECTION('',(0.E0,0.E0,-1.E0));
#4810=VECTOR('',#4809,9.454044648601E-1);
#4811=CARTESIAN_POINT('',(-3.136050457596E1,1.620675276617E0,2.628468573045E1));
#4812=LINE('',#4811,#4810);
#4813=DIRECTION('',(0.E0,0.E0,-1.E0));
#4814=VECTOR('',#4813,9.454044648601E-1);
#4815=CARTESIAN_POINT('',(-2.43E1,1.620675276617E0,2.628468573045E1));
#4816=LINE('',#4815,#4814);
#4817=DIRECTION('',(-1.E0,0.E0,0.E0));
#4818=VECTOR('',#4817,7.060504575961E0);
#4819=CARTESIAN_POINT('',(-2.43E1,1.620675276617E0,2.533928126559E1));
#4820=LINE('',#4819,#4818);
#4821=DIRECTION('',(-1.E0,0.E0,0.E0));
#4822=VECTOR('',#4821,9.454044648601E-1);
#4823=CARTESIAN_POINT('',(3.717760980033E1,1.620675276617E0,5.760000000001E0));
#4824=LINE('',#4823,#4822);
#4825=DIRECTION('',(1.E0,0.E0,0.E0));
#4826=VECTOR('',#4825,9.454044648601E-1);
#4827=CARTESIAN_POINT('',(3.623220533547E1,1.620675276617E0,4.700000000001E0));
#4828=LINE('',#4827,#4826);
#4829=DIRECTION('',(0.E0,0.E0,1.E0));
#4830=VECTOR('',#4829,1.06E0);
#4831=CARTESIAN_POINT('',(3.623220533547E1,1.620675276617E0,4.700000000001E0));
#4832=LINE('',#4831,#4830);
#4833=DIRECTION('',(1.E0,0.E0,0.E0));
#4834=VECTOR('',#4833,9.454044648601E-1);
#4835=CARTESIAN_POINT('',(3.623220533547E1,1.620675276617E0,-1.33E1));
#4836=LINE('',#4835,#4834);
#4837=DIRECTION('',(0.E0,0.E0,1.E0));
#4838=VECTOR('',#4837,1.6E0);
#4839=CARTESIAN_POINT('',(3.623220533547E1,1.620675276617E0,-1.33E1));
#4840=LINE('',#4839,#4838);
#4841=DIRECTION('',(-1.E0,0.E0,0.E0));
#4842=VECTOR('',#4841,9.454044648601E-1);
#4843=CARTESIAN_POINT('',(3.717760980033E1,1.620675276617E0,-1.17E1));
#4844=LINE('',#4843,#4842);
#4845=DIRECTION('',(1.E0,0.E0,0.E0));
#4846=VECTOR('',#4845,5.575E1);
#4847=CARTESIAN_POINT('',(-4.469196201090E1,1.620675276617E0,
-3.016071873441E1));
#4848=LINE('',#4847,#4846);
#4849=DIRECTION('',(0.E0,0.E0,-1.E0));
#4850=VECTOR('',#4849,1.013932022500E0);
#4851=CARTESIAN_POINT('',(1.105803798910E1,1.620675276617E0,-2.914678671191E1));
#4852=LINE('',#4851,#4850);
#4853=CARTESIAN_POINT('',(1.305803798910E1,1.620675276617E0,-2.691071873441E1));
#4854=DIRECTION('',(0.E0,-1.E0,0.E0));
#4855=DIRECTION('',(6.666666666667E-1,0.E0,-7.453559924999E-1));
#4856=AXIS2_PLACEMENT_3D('',#4853,#4854,#4855);
#4858=DIRECTION('',(0.E0,0.E0,1.E0));
#4859=VECTOR('',#4858,1.013932022500E0);
#4860=CARTESIAN_POINT('',(1.505803798910E1,1.620675276617E0,-3.016071873441E1));
#4861=LINE('',#4860,#4859);
#4862=DIRECTION('',(1.E0,0.E0,0.E0));
#4863=VECTOR('',#4862,1.867416734637E1);
#4864=CARTESIAN_POINT('',(1.505803798910E1,1.620675276617E0,-3.016071873441E1));
#4865=LINE('',#4864,#4863);
#4866=CARTESIAN_POINT('',(3.373220533547E1,1.620675276617E0,-2.766071873441E1));
#4867=DIRECTION('',(0.E0,-1.E0,0.E0));
#4868=DIRECTION('',(0.E0,0.E0,-1.E0));
#4869=AXIS2_PLACEMENT_3D('',#4866,#4867,#4868);
#4871=DIRECTION('',(-1.E0,0.E0,0.E0));
#4872=VECTOR('',#4871,9.816437624710E-1);
#4873=CARTESIAN_POINT('',(3.708598633760E1,1.620675276617E0,-2.845E1));
#4874=LINE('',#4873,#4872);
#4875=DIRECTION('',(-1.E0,0.E0,0.E0));
#4876=VECTOR('',#4875,1.314138911546E1);
#4877=CARTESIAN_POINT('',(2.373220533547E1,1.620675276617E0,-3.110612319927E1));
#4878=LINE('',#4877,#4876);
#4879=DIRECTION('',(-1.E0,0.E0,0.E0));
#4880=VECTOR('',#4879,1.314138911546E1);
#4881=CARTESIAN_POINT('',(5.908162200121E-1,1.620675276617E0,
-3.110612319927E1));
#4882=LINE('',#4881,#4880);
#4883=DIRECTION('',(-1.E0,0.E0,0.E0));
#4884=VECTOR('',#4883,1.314138911546E1);
#4885=CARTESIAN_POINT('',(-2.255057289544E1,1.620675276617E0,
-3.110612319927E1));
#4886=LINE('',#4885,#4884);
#4887=DIRECTION('',(0.E0,0.E0,-1.E0));
#4888=VECTOR('',#4887,9.454044648601E-1);
#4889=CARTESIAN_POINT('',(-4.444006573749E1,1.620675276617E0,2.628468573045E1));
#4890=LINE('',#4889,#4888);
#4891=DIRECTION('',(-1.E0,0.E0,2.820775099800E-14));
#4892=VECTOR('',#4891,2.518962734074E-1);
#4893=CARTESIAN_POINT('',(-4.444006573749E1,1.620675276617E0,2.533928126559E1));
#4894=LINE('',#4893,#4892);
#4895=DIRECTION('',(6.139406135149E-1,0.E0,7.893522173763E-1));
#4896=VECTOR('',#4895,5.700877125496E0);
#4897=CARTESIAN_POINT('',(-4.819196201090E1,1.620675276617E0,2.083928126559E1));
#4898=LINE('',#4897,#4896);
#4899=DIRECTION('',(0.E0,0.E0,-1.E0));
#4900=VECTOR('',#4899,4.65E1);
#4901=CARTESIAN_POINT('',(-4.819196201090E1,1.620675276617E0,2.083928126559E1));
#4902=LINE('',#4901,#4900);
#4903=DIRECTION('',(-6.139406135149E-1,0.E0,7.893522173763E-1));
#4904=VECTOR('',#4903,5.700877125496E0);
#4905=CARTESIAN_POINT('',(-4.469196201090E1,1.620675276617E0,
-3.016071873441E1));
#4906=LINE('',#4905,#4904);
#4907=CARTESIAN_POINT('',(1.305803798910E1,1.620675276617E0,-2.691071873441E1));
#4908=DIRECTION('',(0.E0,-1.E0,0.E0));
#4909=DIRECTION('',(-1.E0,0.E0,0.E0));
#4910=AXIS2_PLACEMENT_3D('',#4907,#4908,#4909);
#4912=CARTESIAN_POINT('',(1.305803798910E1,1.620675276617E0,-2.691071873441E1));
#4913=DIRECTION('',(0.E0,-1.E0,0.E0));
#4914=DIRECTION('',(1.E0,0.E0,0.E0));
#4915=AXIS2_PLACEMENT_3D('',#4912,#4913,#4914);
#4917=DIRECTION('',(0.E0,-7.071067811865E-1,7.071067811865E-1));
#4918=VECTOR('',#4917,6.724145447295E-1);
#4919=CARTESIAN_POINT('',(1.35E0,7.475468884347E0,2.486381238124E1));
#4920=LINE('',#4919,#4918);
#4921=CARTESIAN_POINT('',(5.1E0,4.13E0,2.565E1));
#4922=DIRECTION('',(0.E0,0.E0,-1.E0));
#4923=DIRECTION('',(-9.936945374674E-1,1.121212121213E-1,0.E0));
#4924=AXIS2_PLACEMENT_3D('',#4921,#4922,#4923);
#4926=DIRECTION('',(0.E0,1.E0,0.E0));
#4927=VECTOR('',#4926,5.854793607730E0);
#4928=CARTESIAN_POINT('',(8.85E0,1.620675276617E0,2.565E1));
#4929=LINE('',#4928,#4927);
#4930=DIRECTION('',(0.E0,-1.E0,0.E0));
#4931=VECTOR('',#4930,5.854793607730E0);
#4932=CARTESIAN_POINT('',(1.35E0,7.475468884347E0,2.565E1));
#4933=LINE('',#4932,#4931);
#4934=DIRECTION('',(0.E0,0.E0,-1.E0));
#4935=VECTOR('',#4934,1.189281265587E0);
#4936=CARTESIAN_POINT('',(8.379191973642E0,4.5E0,2.683928126559E1));
#4937=LINE('',#4936,#4935);
#4938=CARTESIAN_POINT('',(5.100002319261E0,4.130002154818E0,2.883928126559E1));
#4939=DIRECTION('',(0.E0,0.E0,-1.E0));
#4940=DIRECTION('',(-9.958181647503E-1,9.135744498054E-2,0.E0));
#4941=AXIS2_PLACEMENT_3D('',#4938,#4939,#4940);
#4943=CARTESIAN_POINT('',(5.100002319261E0,4.130002154818E0,2.808927977065E1));
#4944=DIRECTION('',(0.E0,0.E0,1.E0));
#4945=DIRECTION('',(9.936946013829E-1,1.121206456570E-1,0.E0));
#4946=AXIS2_PLACEMENT_3D('',#4943,#4944,#4945);
#4948=DIRECTION('',(-2.897385937184E-8,-1.E0,2.897385937184E-8));
#4949=VECTOR('',#4948,9.999979900588E-3);
#4950=CARTESIAN_POINT('',(-4.519968020631E1,4.509999979901E0,2.883928126530E1));
#4951=LINE('',#4950,#4949);
#4952=DIRECTION('',(4.134115272315E-10,1.E0,-5.150546655814E-12));
#4953=VECTOR('',#4952,4.000000000021E0);
#4954=CARTESIAN_POINT('',(-4.569196201090E1,4.5E0,2.883928126559E1));
#4955=LINE('',#4954,#4953);
#4956=DIRECTION('',(1.E0,-1.135609622204E-12,1.135805450730E-12));
#4957=VECTOR('',#4956,1.814196200924E1);
#4958=CARTESIAN_POINT('',(-4.569196200924E1,8.500000000021E0,2.883928126557E1));
#4959=LINE('',#4958,#4957);
#4960=DIRECTION('',(0.E0,1.E0,0.E0));
#4961=VECTOR('',#4960,4.E0);
#4962=CARTESIAN_POINT('',(-2.755E1,4.5E0,2.883928126559E1));
#4963=LINE('',#4962,#4961);
#4964=DIRECTION('',(-2.919022053617E-8,1.E0,-2.919022053617E-8));
#4965=VECTOR('',#4964,9.999979740805E-3);
#4966=CARTESIAN_POINT('',(-3.060089010685E1,4.5E0,2.883928126559E1));
#4967=LINE('',#4966,#4965);
#4968=CARTESIAN_POINT('',(-3.435089010685E1,4.51E0,2.883928126559E1));
#4969=DIRECTION('',(0.E0,0.E0,1.E0));
#4970=DIRECTION('',(1.E0,0.E0,0.E0));
#4971=AXIS2_PLACEMENT_3D('',#4968,#4969,#4970);
#4973=DIRECTION('',(-1.E0,6.512583510904E-12,6.512583510904E-12));
#4974=VECTOR('',#4973,7.098790061552E0);
#4975=CARTESIAN_POINT('',(-3.435089012570E1,8.259999999584E0,2.883928126517E1));
#4976=LINE('',#4975,#4974);
#4977=CARTESIAN_POINT('',(-4.144968020660E1,4.51E0,2.883928126559E1));
#4978=DIRECTION('',(0.E0,0.E0,1.E0));
#4979=DIRECTION('',(0.E0,1.E0,0.E0));
#4980=AXIS2_PLACEMENT_3D('',#4977,#4978,#4979);
#4982=DIRECTION('',(0.E0,-1.E0,0.E0));
#4983=VECTOR('',#4982,4.E0);
#4984=CARTESIAN_POINT('',(-5.45E0,8.5E0,2.883928126559E1));
#4985=LINE('',#4984,#4983);
#4986=DIRECTION('',(1.E0,3.048832918707E-13,-3.048379560652E-13));
#4987=VECTOR('',#4986,3.918220533395E1);
#4988=CARTESIAN_POINT('',(-5.45E0,8.5E0,2.883928126559E1));
#4989=LINE('',#4988,#4987);
#4990=DIRECTION('',(-7.071067811865E-1,-7.579907311640E-9,7.071067811865E-1));
#4991=VECTOR('',#4990,1.060660171616E0);
#4992=CARTESIAN_POINT('',(-4.444968020643E1,4.509999987940E0,2.808928126541E1));
#4993=LINE('',#4992,#4991);
#4994=DIRECTION('',(0.E0,0.E0,-1.E0));
#4995=VECTOR('',#4994,5.E-1);
#4996=CARTESIAN_POINT('',(-6.2E0,4.5E0,2.808928126559E1));
#4997=LINE('',#4996,#4995);
#4998=DIRECTION('',(-7.071067811865E-1,0.E0,-7.071067811865E-1));
#4999=VECTOR('',#4998,1.060660171780E0);
#5000=CARTESIAN_POINT('',(-5.45E0,4.5E0,2.883928126559E1));
#5001=LINE('',#5000,#4999);
#5002=DIRECTION('',(1.E0,-9.017362538809E-9,9.870396599753E-8));
#5003=VECTOR('',#5002,6.516937288714E0);
#5004=CARTESIAN_POINT('',(-5.45E0,4.5E0,2.883928126559E1));
#5005=LINE('',#5004,#5003);
#5006=CARTESIAN_POINT('',(1.820807816324E0,4.499999966776E0,2.808928328661E1));
#5007=CARTESIAN_POINT('',(1.704337562168E0,4.499999966776E0,2.820501941456E1));
#5008=CARTESIAN_POINT('',(1.462228744011E0,4.500000045995E0,2.844575890324E1));
#5009=CARTESIAN_POINT('',(1.201761070060E0,4.499999941234E0,2.870502163388E1));
#5010=CARTESIAN_POINT('',(1.066937288713E0,4.499999941234E0,2.883928190884E1));
#5012=DIRECTION('',(1.680263465514E-7,2.657899253250E-8,-1.E0));
#5013=VECTOR('',#5012,1.250002021020E0);
#5014=CARTESIAN_POINT('',(1.820807816324E0,4.499999966776E0,2.808928328661E1));
#5015=LINE('',#5014,#5013);
#5016=DIRECTION('',(-1.E0,0.E0,0.E0));
#5017=VECTOR('',#5016,1.052080802636E1);
#5018=CARTESIAN_POINT('',(1.820808026357E0,4.5E0,2.683928126559E1));
#5019=LINE('',#5018,#5017);
#5020=DIRECTION('',(0.E0,0.E0,-1.E0));
#5021=VECTOR('',#5020,7.5E-1);
#5022=CARTESIAN_POINT('',(-8.7E0,4.5E0,2.758928126559E1));
#5023=LINE('',#5022,#5021);
#5024=DIRECTION('',(1.E0,0.E0,0.E0));
#5025=VECTOR('',#5024,2.5E0);
#5026=CARTESIAN_POINT('',(-8.7E0,4.5E0,2.758928126559E1));
#5027=LINE('',#5026,#5025);
#5028=CARTESIAN_POINT('',(9.133064295710E0,4.499999953705E0,2.883928194806E1));
#5029=CARTESIAN_POINT('',(8.998310355306E0,4.499999953705E0,2.870509122223E1));
#5030=CARTESIAN_POINT('',(8.737909642943E0,4.500000036713E0,2.844589805974E1));
#5031=CARTESIAN_POINT('',(8.495733378191E0,4.499999972869E0,2.820508871357E1));
#5032=CARTESIAN_POINT('',(8.379193208496E0,4.499999972869E0,2.808928311153E1));
#5034=DIRECTION('',(1.E0,1.881982052438E-9,-2.774392600901E-8));
#5035=VECTOR('',#5034,2.459914103976E1);
#5036=CARTESIAN_POINT('',(9.133064295710E0,4.499999953705E0,2.883928194806E1));
#5037=LINE('',#5036,#5035);
#5038=CARTESIAN_POINT('',(3.373220533547E1,4.5E0,2.283928126559E1));
#5039=DIRECTION('',(0.E0,1.E0,0.E0));
#5040=DIRECTION('',(0.E0,0.E0,1.E0));
#5041=AXIS2_PLACEMENT_3D('',#5038,#5039,#5040);
#5043=DIRECTION('',(-1.E0,0.E0,0.E0));
#5044=VECTOR('',#5043,2.017893646560E0);
#5045=CARTESIAN_POINT('',(3.969681472156E1,4.5E0,2.349E1));
#5046=LINE('',#5045,#5044);
#5047=CARTESIAN_POINT('',(3.373220533547E1,4.5E0,2.283928126559E1));
#5048=DIRECTION('',(0.E0,-1.E0,0.E0));
#5049=DIRECTION('',(9.866789348834E-1,0.E0,1.626796836033E-1));
#5050=AXIS2_PLACEMENT_3D('',#5047,#5048,#5049);
#5052=DIRECTION('',(-1.E0,1.089362361721E-11,1.089411407164E-11));
#5053=VECTOR('',#5052,2.535301335332E1);
#5054=CARTESIAN_POINT('',(3.373220532696E1,4.499999999724E0,2.683928126531E1));
#5055=LINE('',#5054,#5053);
#5056=DIRECTION('',(-9.878816703976E-7,2.170469662853E-8,-9.999999999995E-1));
#5057=VECTOR('',#5056,1.250001845942E0);
#5058=CARTESIAN_POINT('',(8.379193208496E0,4.499999972869E0,2.808928311153E1));
#5059=LINE('',#5058,#5057);
#5060=DIRECTION('',(-2.171299973271E-11,2.171362819635E-11,-1.E0));
#5061=VECTOR('',#5060,1.271928125708E1);
#5062=CARTESIAN_POINT('',(-4.969196201062E1,4.499999999724E0,2.283928125708E1));
#5063=LINE('',#5062,#5061);
#5064=DIRECTION('',(-1.E0,0.E0,0.E0));
#5065=VECTOR('',#5064,5.E-1);
#5066=CARTESIAN_POINT('',(-4.919196201090E1,4.5E0,1.012E1));
#5067=LINE('',#5066,#5065);
#5068=DIRECTION('',(0.E0,0.E0,1.E0));
#5069=VECTOR('',#5068,1.321928126559E1);
#5070=CARTESIAN_POINT('',(-5.169196201090E1,4.5E0,9.620000000001E0));
#5071=LINE('',#5070,#5069);
#5072=CARTESIAN_POINT('',(-4.569196201090E1,4.5E0,2.283928126559E1));
#5073=DIRECTION('',(0.E0,1.E0,0.E0));
#5074=DIRECTION('',(-1.E0,0.E0,0.E0));
#5075=AXIS2_PLACEMENT_3D('',#5072,#5073,#5074);
#5077=DIRECTION('',(1.E0,0.E0,0.E0));
#5078=VECTOR('',#5077,4.922818042954E-1);
#5079=CARTESIAN_POINT('',(-4.569196201090E1,4.5E0,2.883928126559E1));
#5080=LINE('',#5079,#5078);
#5081=DIRECTION('',(-7.071067811865E-1,0.E0,7.071067811865E-1));
#5082=VECTOR('',#5081,1.060660171780E0);
#5083=CARTESIAN_POINT('',(-4.444968020660E1,4.5E0,2.808928126559E1));
#5084=LINE('',#5083,#5082);
#5085=DIRECTION('',(0.E0,0.E0,-1.E0));
#5086=VECTOR('',#5085,5.E-1);
#5087=CARTESIAN_POINT('',(-4.444968020660E1,4.5E0,2.808928126559E1));
#5088=LINE('',#5087,#5086);
#5089=DIRECTION('',(1.E0,0.E0,0.E0));
#5090=VECTOR('',#5089,2.000000044875E0);
#5091=CARTESIAN_POINT('',(-4.444968020660E1,4.5E0,2.758928126559E1));
#5092=LINE('',#5091,#5090);
#5093=DIRECTION('',(0.E0,0.E0,-1.E0));
#5094=VECTOR('',#5093,1.25E0);
#5095=CARTESIAN_POINT('',(-4.244968016173E1,4.5E0,2.758928126559E1));
#5096=LINE('',#5095,#5094);
#5097=DIRECTION('',(0.E0,0.E0,1.E0));
#5098=VECTOR('',#5097,1.25E0);
#5099=CARTESIAN_POINT('',(-3.335031983827E1,4.5E0,2.633928126559E1));
#5100=LINE('',#5099,#5098);
#5101=DIRECTION('',(1.E0,0.E0,0.E0));
#5102=VECTOR('',#5101,1.999429731423E0);
#5103=CARTESIAN_POINT('',(-3.335031983827E1,4.5E0,2.758928126559E1));
#5104=LINE('',#5103,#5102);
#5105=DIRECTION('',(0.E0,0.E0,-1.E0));
#5106=VECTOR('',#5105,5.E-1);
#5107=CARTESIAN_POINT('',(-3.135089010685E1,4.5E0,2.808928126559E1));
#5108=LINE('',#5107,#5106);
#5109=DIRECTION('',(-7.071067811865E-1,0.E0,-7.071067811865E-1));
#5110=VECTOR('',#5109,1.060660171780E0);
#5111=CARTESIAN_POINT('',(-3.060089010685E1,4.5E0,2.883928126559E1));
#5112=LINE('',#5111,#5110);
#5113=DIRECTION('',(1.E0,0.E0,0.E0));
#5114=VECTOR('',#5113,3.050890106849E0);
#5115=CARTESIAN_POINT('',(-3.060089010685E1,4.5E0,2.883928126559E1));
#5116=LINE('',#5115,#5114);
#5117=DIRECTION('',(-7.071067811865E-1,0.E0,7.071067811865E-1));
#5118=VECTOR('',#5117,1.060660171780E0);
#5119=CARTESIAN_POINT('',(-2.68E1,4.5E0,2.808928126559E1));
#5120=LINE('',#5119,#5118);
#5121=DIRECTION('',(0.E0,0.E0,-1.E0));
#5122=VECTOR('',#5121,5.E-1);
#5123=CARTESIAN_POINT('',(-2.68E1,4.5E0,2.808928126559E1));
#5124=LINE('',#5123,#5122);
#5125=DIRECTION('',(1.E0,0.E0,0.E0));
#5126=VECTOR('',#5125,2.5E0);
#5127=CARTESIAN_POINT('',(-2.68E1,4.5E0,2.758928126559E1));
#5128=LINE('',#5127,#5126);
#5129=DIRECTION('',(0.E0,0.E0,-1.E0));
#5130=VECTOR('',#5129,7.5E-1);
#5131=CARTESIAN_POINT('',(-2.43E1,4.5E0,2.758928126559E1));
#5132=LINE('',#5131,#5130);
#5133=DIRECTION('',(-1.E0,0.E0,0.E0));
#5134=VECTOR('',#5133,7.050906773562E0);
#5135=CARTESIAN_POINT('',(-2.43E1,4.5E0,2.683928126559E1));
#5136=LINE('',#5135,#5134);
#5137=DIRECTION('',(0.E0,0.E0,-1.E0));
#5138=VECTOR('',#5137,1.5E0);
#5139=CARTESIAN_POINT('',(-3.135090677356E1,4.5E0,2.683928126559E1));
#5140=LINE('',#5139,#5138);
#5141=DIRECTION('',(-1.E0,-1.485596963598E-10,-1.485604113075E-10));
#5142=VECTOR('',#5141,1.242298460014E0);
#5143=CARTESIAN_POINT('',(-4.444966353989E1,4.5E0,2.683928126559E1));
#5144=LINE('',#5143,#5142);
#5145=CARTESIAN_POINT('',(-4.569196201090E1,4.5E0,2.283928126559E1));
#5146=DIRECTION('',(0.E0,-1.E0,0.E0));
#5147=DIRECTION('',(0.E0,0.E0,1.E0));
#5148=AXIS2_PLACEMENT_3D('',#5145,#5146,#5147);
#5150=DIRECTION('',(1.508899590713E-11,-1.508928638178E-11,-1.E0));
#5151=VECTOR('',#5150,1.223071872342E1);
#5152=CARTESIAN_POINT('',(-4.969196201090E1,4.5E0,-1.543E1));
#5153=LINE('',#5152,#5151);
#5154=CARTESIAN_POINT('',(-4.569196201090E1,4.5E0,-2.766071873441E1));
#5155=DIRECTION('',(0.E0,-1.E0,0.E0));
#5156=DIRECTION('',(-1.E0,0.E0,0.E0));
#5157=AXIS2_PLACEMENT_3D('',#5154,#5155,#5156);
#5159=DIRECTION('',(1.E0,1.153687927858E-12,-1.153564917911E-12));
#5160=VECTOR('',#5159,7.942416732687E1);
#5161=CARTESIAN_POINT('',(-4.569196200239E1,4.499999999724E0,
-3.166071873414E1));
#5162=LINE('',#5161,#5160);
#5163=CARTESIAN_POINT('',(3.373220533547E1,4.5E0,-2.766071873441E1));
#5164=DIRECTION('',(0.E0,-1.E0,0.E0));
#5165=DIRECTION('',(0.E0,0.E0,-1.E0));
#5166=AXIS2_PLACEMENT_3D('',#5163,#5164,#5165);
#5168=DIRECTION('',(-1.E0,0.E0,0.E0));
#5169=VECTOR('',#5168,2.026503424969E0);
#5170=CARTESIAN_POINT('',(3.968006504160E1,4.5E0,-2.845E1));
#5171=LINE('',#5170,#5169);
#5172=CARTESIAN_POINT('',(3.373220533547E1,4.5E0,-2.766071873441E1));
#5173=DIRECTION('',(0.E0,1.E0,0.E0));
#5174=DIRECTION('',(9.913099510215E-1,0.E0,-1.315468775978E-1));
#5175=AXIS2_PLACEMENT_3D('',#5172,#5173,#5174);
#5177=DIRECTION('',(-1.E0,0.E0,0.E0));
#5178=VECTOR('',#5177,7.942416734637E1);
#5179=CARTESIAN_POINT('',(3.373220533547E1,4.5E0,-3.366071873441E1));
#5180=LINE('',#5179,#5178);
#5181=CARTESIAN_POINT('',(-4.569196201090E1,4.5E0,-2.766071873441E1));
#5182=DIRECTION('',(0.E0,1.E0,0.E0));
#5183=DIRECTION('',(0.E0,0.E0,-1.E0));
#5184=AXIS2_PLACEMENT_3D('',#5181,#5182,#5183);
#5186=DIRECTION('',(0.E0,0.E0,1.E0));
#5187=VECTOR('',#5186,1.273071873441E1);
#5188=CARTESIAN_POINT('',(-5.169196201090E1,4.5E0,-2.766071873441E1));
#5189=LINE('',#5188,#5187);
#5190=DIRECTION('',(1.E0,5.398348434920E-12,8.692158104368E-12));
#5191=VECTOR('',#5190,2.000000000006E0);
#5192=CARTESIAN_POINT('',(3.773220533546E1,4.499999999989E0,7.009999999983E0));
#5193=LINE('',#5192,#5191);
#5194=DIRECTION('',(0.E0,0.E0,-1.E0));
#5195=VECTOR('',#5194,3.56E0);
#5196=CARTESIAN_POINT('',(3.973220533547E1,4.5E0,7.010000000001E0));
#5197=LINE('',#5196,#5195);
#5198=DIRECTION('',(-1.E0,0.E0,-1.445954467272E-12));
#5199=VECTOR('',#5198,1.999999999999E0);
#5200=CARTESIAN_POINT('',(3.973220533547E1,4.5E0,3.450000000001E0));
#5201=LINE('',#5200,#5199);
#5202=DIRECTION('',(1.E0,0.E0,1.458388965141E-11));
#5203=VECTOR('',#5202,2.000000000009E0);
#5204=CARTESIAN_POINT('',(3.773220533546E1,4.5E0,-1.045000000003E1));
#5205=LINE('',#5204,#5203);
#5206=DIRECTION('',(0.E0,0.E0,-1.E0));
#5207=VECTOR('',#5206,4.1E0);
#5208=CARTESIAN_POINT('',(3.973220533547E1,4.5E0,-1.045E1));
#5209=LINE('',#5208,#5207);
#5210=DIRECTION('',(-1.E0,0.E0,-1.753086564814E-11));
#5211=VECTOR('',#5210,1.999999999989E0);
#5212=CARTESIAN_POINT('',(3.973220533547E1,4.5E0,-1.455E1));
#5213=LINE('',#5212,#5211);
#5214=DIRECTION('',(0.E0,-1.E0,0.E0));
#5215=VECTOR('',#5214,4.75E0);
#5216=CARTESIAN_POINT('',(-6.2E0,9.25E0,2.808928126559E1));
#5217=LINE('',#5216,#5215);
#5218=DIRECTION('',(0.E0,-1.E0,0.E0));
#5219=VECTOR('',#5218,5.25E0);
#5220=CARTESIAN_POINT('',(-2.68E1,9.75E0,2.758928126559E1));
#5221=LINE('',#5220,#5219);
#5222=DIRECTION('',(0.E0,1.E0,0.E0));
#5223=VECTOR('',#5222,5.25E0);
#5224=CARTESIAN_POINT('',(-6.2E0,4.5E0,2.758928126559E1));
#5225=LINE('',#5224,#5223);
#5226=DIRECTION('',(1.E0,0.E0,0.E0));
#5227=VECTOR('',#5226,8.099360323455E0);
#5228=CARTESIAN_POINT('',(-4.194968016173E1,4.E0,2.758928126559E1));
#5229=LINE('',#5228,#5227);
#5230=DIRECTION('',(0.E0,-1.E0,0.E0));
#5231=VECTOR('',#5230,9.999999999865E-3);
#5232=CARTESIAN_POINT('',(-4.444968020660E1,4.51E0,2.758928126559E1));
#5233=LINE('',#5232,#5231);
#5234=CARTESIAN_POINT('',(-4.144968020660E1,4.51E0,2.758928126559E1));
#5235=DIRECTION('',(0.E0,0.E0,1.E0));
#5236=DIRECTION('',(0.E0,1.E0,0.E0));
#5237=AXIS2_PLACEMENT_3D('',#5234,#5235,#5236);
#5239=DIRECTION('',(-1.E0,0.E0,0.E0));
#5240=VECTOR('',#5239,7.098790099754E0);
#5241=CARTESIAN_POINT('',(-3.435089010685E1,7.51E0,2.758928126559E1));
#5242=LINE('',#5241,#5240);
#5243=CARTESIAN_POINT('',(-3.435089010685E1,4.51E0,2.758928126559E1));
#5244=DIRECTION('',(0.E0,0.E0,1.E0));
#5245=DIRECTION('',(1.E0,0.E0,0.E0));
#5246=AXIS2_PLACEMENT_3D('',#5243,#5244,#5245);
#5248=DIRECTION('',(0.E0,1.E0,0.E0));
#5249=VECTOR('',#5248,9.999999999863E-3);
#5250=CARTESIAN_POINT('',(-3.135089010685E1,4.5E0,2.758928126559E1));
#5251=LINE('',#5250,#5249);
#5252=DIRECTION('',(0.E0,1.E0,0.E0));
#5253=VECTOR('',#5252,4.75E0);
#5254=CARTESIAN_POINT('',(-2.68E1,4.5E0,2.808928126559E1));
#5255=LINE('',#5254,#5253);
#5256=DIRECTION('',(5.773502691896E-1,5.773502691896E-1,-5.773502691896E-1));
#5257=VECTOR('',#5256,1.299038105677E0);
#5258=CARTESIAN_POINT('',(-2.755E1,8.5E0,2.883928126559E1));
#5259=LINE('',#5258,#5257);
#5260=DIRECTION('',(6.495409697884E-11,-7.071067811865E-1,7.071067811865E-1));
#5261=VECTOR('',#5260,2.828427124743E0);
#5262=CARTESIAN_POINT('',(-4.569196200943E1,1.050000000002E1,2.683928126557E1));
#5263=LINE('',#5262,#5261);
#5264=DIRECTION('',(5.773502691896E-1,-5.773502691896E-1,5.773502691896E-1));
#5265=VECTOR('',#5264,1.299038105677E0);
#5266=CARTESIAN_POINT('',(-6.2E0,9.25E0,2.808928126559E1));
#5267=LINE('',#5266,#5265);
#5268=DIRECTION('',(0.E0,7.071067811865E-1,-7.071067811866E-1));
#5269=VECTOR('',#5268,7.071067811866E-1);
#5270=CARTESIAN_POINT('',(-6.2E0,9.25E0,2.808928126559E1));
#5271=LINE('',#5270,#5269);
#5272=DIRECTION('',(1.E0,0.E0,0.E0));
#5273=VECTOR('',#5272,2.06E1);
#5274=CARTESIAN_POINT('',(-2.68E1,9.75E0,2.758928126559E1));
#5275=LINE('',#5274,#5273);
#5276=DIRECTION('',(0.E0,7.071067811865E-1,-7.071067811866E-1));
#5277=VECTOR('',#5276,7.071067811866E-1);
#5278=CARTESIAN_POINT('',(-2.68E1,9.25E0,2.808928126559E1));
#5279=LINE('',#5278,#5277);
#5280=DIRECTION('',(-7.071067811865E-1,-7.071067811865E-1,-5.977530401308E-11));
#5281=VECTOR('',#5280,2.828427124744E0);
#5282=CARTESIAN_POINT('',(-4.969196201089E1,1.050000000001E1,2.283928126424E1));
#5283=LINE('',#5282,#5281);
#5284=DIRECTION('',(2.986055847023E-12,1.E0,-3.804156989406E-10));
#5285=VECTOR('',#5284,4.000000000012E0);
#5286=CARTESIAN_POINT('',(-5.169196201090E1,4.5E0,2.283928126559E1));
#5287=LINE('',#5286,#5285);
#5288=CARTESIAN_POINT('',(-4.569196201090E1,8.5E0,2.283928126559E1));
#5289=DIRECTION('',(0.E0,1.E0,0.E0));
#5290=DIRECTION('',(-1.E0,0.E0,0.E0));
#5291=AXIS2_PLACEMENT_3D('',#5288,#5289,#5290);
#5293=DIRECTION('',(0.E0,5.547001962252E-1,8.320502943378E-1));
#5294=VECTOR('',#5293,7.211102550928E0);
#5295=CARTESIAN_POINT('',(-5.169196201090E1,5.E-1,3.620000000001E0));
#5296=LINE('',#5295,#5294);
#5297=DIRECTION('',(0.E0,0.E0,1.E0));
#5298=VECTOR('',#5297,1.255E1);
#5299=CARTESIAN_POINT('',(-5.169196201090E1,5.E-1,-8.929999999999E0));
#5300=LINE('',#5299,#5298);
#5301=DIRECTION('',(0.E0,-5.547001962252E-1,8.320502943378E-1));
#5302=VECTOR('',#5301,7.211102550928E0);
#5303=CARTESIAN_POINT('',(-5.169196201090E1,4.5E0,-1.493E1));
#5304=LINE('',#5303,#5302);
#5305=DIRECTION('',(-1.713744657842E-13,-1.714096411672E-13,1.E0));
#5306=VECTOR('',#5305,5.049999999682E1);
#5307=CARTESIAN_POINT('',(-5.169196201088E1,8.500000000021E0,
-2.766071873276E1));
#5308=LINE('',#5307,#5306);
#5309=DIRECTION('',(0.E0,-5.547001962252E-1,-8.320502943378E-1));
#5310=VECTOR('',#5309,5.108189341315E0);
#5311=CARTESIAN_POINT('',(-4.919196201090E1,4.5E0,9.620000000001E0));
#5312=LINE('',#5311,#5310);
#5313=DIRECTION('',(1.E0,0.E0,0.E0));
#5314=VECTOR('',#5313,2.5E0);
#5315=CARTESIAN_POINT('',(-5.169196201090E1,5.E-1,3.620000000001E0));
#5316=LINE('',#5315,#5314);
#5317=DIRECTION('',(1.E0,0.E0,0.E0));
#5318=VECTOR('',#5317,2.5E0);
#5319=CARTESIAN_POINT('',(-5.169196201090E1,4.5E0,9.620000000001E0));
#5320=LINE('',#5319,#5318);
#5321=DIRECTION('',(0.E0,0.E0,-1.E0));
#5322=VECTOR('',#5321,1.271928126559E1);
#5323=CARTESIAN_POINT('',(-4.919196201090E1,3.359807621135E0,2.283928126559E1));
#5324=LINE('',#5323,#5322);
#5325=DIRECTION('',(0.E0,1.E0,0.E0));
#5326=VECTOR('',#5325,1.693321251118E0);
#5327=CARTESIAN_POINT('',(-4.919196201090E1,1.666486370017E0,1.012E1));
#5328=LINE('',#5327,#5326);
#5329=DIRECTION('',(0.E0,0.E0,-1.E0));
#5330=VECTOR('',#5329,5.E-1);
#5331=CARTESIAN_POINT('',(-4.919196201090E1,4.5E0,1.012E1));
#5332=LINE('',#5331,#5330);
#5333=DIRECTION('',(0.E0,1.E0,0.E0));
#5334=VECTOR('',#5333,5.E-1);
#5335=CARTESIAN_POINT('',(-4.919196201090E1,4.E0,1.012E1));
#5336=LINE('',#5335,#5334);
#5337=DIRECTION('',(-1.424964487637E-11,1.424999402283E-11,-1.E0));
#5338=VECTOR('',#5337,1.271928126E1);
#5339=CARTESIAN_POINT('',(-4.919196201072E1,3.999999999819E0,2.283928126001E1));
#5340=LINE('',#5339,#5338);
#5341=DIRECTION('',(2.831216873244E-10,1.E0,-8.719318882208E-9));
#5342=VECTOR('',#5341,6.401923786834E-1);
#5343=CARTESIAN_POINT('',(-4.919196201090E1,3.359807621135E0,2.283928126559E1));
#5344=LINE('',#5343,#5342);
#5345=DIRECTION('',(0.E0,-1.E0,0.E0));
#5346=VECTOR('',#5345,1.693321251118E0);
#5347=CARTESIAN_POINT('',(-4.919196201090E1,3.359807621135E0,-1.543E1));
#5348=LINE('',#5347,#5346);
#5349=DIRECTION('',(0.E0,0.E0,-1.E0));
#5350=VECTOR('',#5349,1.223071873441E1);
#5351=CARTESIAN_POINT('',(-4.919196201090E1,3.359807621135E0,-1.543E1));
#5352=LINE('',#5351,#5350);
#5353=DIRECTION('',(9.902280643654E-12,-9.902716355621E-12,-1.E0));
#5354=VECTOR('',#5353,1.223071872720E1);
#5355=CARTESIAN_POINT('',(-4.919196201090E1,4.E0,-1.543E1));
#5356=LINE('',#5355,#5354);
#5357=DIRECTION('',(0.E0,-1.E0,0.E0));
#5358=VECTOR('',#5357,5.E-1);
#5359=CARTESIAN_POINT('',(-4.919196201090E1,4.5E0,-1.543E1));
#5360=LINE('',#5359,#5358);
#5361=DIRECTION('',(0.E0,0.E0,-1.E0));
#5362=VECTOR('',#5361,5.E-1);
#5363=CARTESIAN_POINT('',(-4.919196201090E1,4.5E0,-1.493E1));
#5364=LINE('',#5363,#5362);
#5365=DIRECTION('',(8.660254037844E-1,5.E-1,0.E0));
#5366=VECTOR('',#5365,6.928203230275E-1);
#5367=CARTESIAN_POINT('',(-4.979196201090E1,3.013397459622E0,1.012E1));
#5368=LINE('',#5367,#5366);
#5369=DIRECTION('',(-8.660254037844E-1,-5.E-1,0.E0));
#5370=VECTOR('',#5369,6.928203230275E-1);
#5371=CARTESIAN_POINT('',(-4.919196201090E1,3.359807621135E0,2.283928126559E1));
#5372=LINE('',#5371,#5370);
#5373=DIRECTION('',(0.E0,0.E0,-1.E0));
#5374=VECTOR('',#5373,1.271928126559E1);
#5375=CARTESIAN_POINT('',(-4.979196201090E1,3.013397459622E0,2.283928126559E1));
#5376=LINE('',#5375,#5374);
#5377=DIRECTION('',(8.660254037844E-1,5.E-1,0.E0));
#5378=VECTOR('',#5377,6.928203230275E-1);
#5379=CARTESIAN_POINT('',(-4.979196201090E1,3.013397459622E0,-1.543E1));
#5380=LINE('',#5379,#5378);
#5381=DIRECTION('',(0.E0,0.E0,-1.E0));
#5382=VECTOR('',#5381,1.223071873441E1);
#5383=CARTESIAN_POINT('',(-4.979196201090E1,3.013397459622E0,-1.543E1));
#5384=LINE('',#5383,#5382);
#5385=DIRECTION('',(8.660254037844E-1,5.E-1,0.E0));
#5386=VECTOR('',#5385,6.928203230275E-1);
#5387=CARTESIAN_POINT('',(-4.979196201090E1,3.013397459622E0,
-2.766071873441E1));
#5388=LINE('',#5387,#5386);
#5389=DIRECTION('',(-7.071067811865E-1,7.071067811866E-1,0.E0));
#5390=VECTOR('',#5389,7.071067811865E-1);
#5391=CARTESIAN_POINT('',(-4.919196201090E1,4.E0,1.012E1));
#5392=LINE('',#5391,#5390);
#5393=DIRECTION('',(7.071067811865E-1,-7.071067811865E-1,4.135060815821E-9));
#5394=VECTOR('',#5393,7.071067810523E-1);
#5395=CARTESIAN_POINT('',(-4.969196201062E1,4.499999999724E0,2.283928125708E1));
#5396=LINE('',#5395,#5394);
#5397=DIRECTION('',(-7.071067811865E-1,7.071067811866E-1,0.E0));
#5398=VECTOR('',#5397,7.071067811865E-1);
#5399=CARTESIAN_POINT('',(-4.919196201090E1,4.E0,-1.543E1));
#5400=LINE('',#5399,#5398);
#5401=DIRECTION('',(-5.344936382157E-9,-7.071067811866E-1,-7.071067811865E-1));
#5402=VECTOR('',#5401,7.071067810968E-1);
#5403=CARTESIAN_POINT('',(-4.569196199990E1,4.499999999815E0,2.683928126540E1));
#5404=LINE('',#5403,#5402);
#5405=DIRECTION('',(-7.953201596734E-2,7.048668875881E-1,7.048668875881E-1));
#5406=VECTOR('',#5405,7.093537926160E-1);
#5407=CARTESIAN_POINT('',(8.435608310803E0,4.E0,2.633928126559E1));
#5408=LINE('',#5407,#5406);
#5409=DIRECTION('',(4.135035694342E-9,-7.071067811866E-1,-7.071067811865E-1));
#5410=VECTOR('',#5409,7.071067810523E-1);
#5411=CARTESIAN_POINT('',(3.373220532696E1,4.499999999724E0,2.683928126531E1));
#5412=LINE('',#5411,#5410);
#5413=DIRECTION('',(7.953201596733E-2,7.048668875881E-1,7.048668875881E-1));
#5414=VECTOR('',#5413,7.093537926160E-1);
#5415=CARTESIAN_POINT('',(1.764391689197E0,4.E0,2.633928126559E1));
#5416=LINE('',#5415,#5414);
#5417=DIRECTION('',(0.E0,7.071067811865E-1,7.071067811865E-1));
#5418=VECTOR('',#5417,7.071067811865E-1);
#5419=CARTESIAN_POINT('',(-8.7E0,4.E0,2.633928126559E1));
#5420=LINE('',#5419,#5418);
#5421=DIRECTION('',(-2.357029151238E-3,7.071048169874E-1,7.071048169874E-1));
#5422=VECTOR('',#5421,7.071087453911E-1);
#5423=CARTESIAN_POINT('',(-4.444799686396E1,4.E0,2.633928126559E1));
#5424=LINE('',#5423,#5422);
#5425=DIRECTION('',(2.357029151238E-3,7.071048169874E-1,7.071048169874E-1));
#5426=VECTOR('',#5425,7.071087453911E-1);
#5427=CARTESIAN_POINT('',(-3.135257344949E1,4.E0,2.633928126559E1));
#5428=LINE('',#5427,#5426);
#5429=DIRECTION('',(0.E0,7.071067811865E-1,7.071067811865E-1));
#5430=VECTOR('',#5429,7.071067811865E-1);
#5431=CARTESIAN_POINT('',(-2.43E1,4.E0,2.633928126559E1));
#5432=LINE('',#5431,#5430);
#5433=DIRECTION('',(-1.121212121213E-1,9.936945374674E-1,0.E0));
#5434=VECTOR('',#5433,2.897595402629E0);
#5435=CARTESIAN_POINT('',(8.704073882422E0,1.620675276617E0,2.565E1));
#5436=LINE('',#5435,#5434);
#5437=DIRECTION('',(-1.121212121213E-1,9.936945374674E-1,0.E0));
#5438=VECTOR('',#5437,2.348320879302E0);
#5439=CARTESIAN_POINT('',(8.698904894240E0,1.666486370017E0,2.633928126559E1));
#5440=LINE('',#5439,#5438);
#5441=DIRECTION('',(-1.E0,7.164772112334E-12,7.165088107634E-12));
#5442=VECTOR('',#5441,2.529659701908E1);
#5443=CARTESIAN_POINT('',(3.373220532989E1,3.999999999819E0,2.633928126541E1));
#5444=LINE('',#5443,#5442);
#5445=DIRECTION('',(-8.719324431655E-9,1.E0,-2.831216873244E-10));
#5446=VECTOR('',#5445,6.401923786834E-1);
#5447=CARTESIAN_POINT('',(3.373220533547E1,3.359807621135E0,2.633928126559E1));
#5448=LINE('',#5447,#5446);
#5449=DIRECTION('',(-1.E0,0.E0,0.E0));
#5450=VECTOR('',#5449,6.E0);
#5451=CARTESIAN_POINT('',(3.373220533547E1,3.359807621135E0,2.633928126559E1));
#5452=LINE('',#5451,#5450);
#5453=DIRECTION('',(-1.E0,0.E0,0.E0));
#5454=VECTOR('',#5453,1.013220533547E1);
#5455=CARTESIAN_POINT('',(2.773220533547E1,3.359807621135E0,2.633928126559E1));
#5456=LINE('',#5455,#5454);
#5457=DIRECTION('',(-1.E0,0.E0,0.E0));
#5458=VECTOR('',#5457,6.E0);
#5459=CARTESIAN_POINT('',(1.76E1,3.359807621135E0,2.633928126559E1));
#5460=LINE('',#5459,#5458);
#5461=DIRECTION('',(0.E0,1.E0,0.E0));
#5462=VECTOR('',#5461,1.693321251118E0);
#5463=CARTESIAN_POINT('',(1.16E1,1.666486370017E0,2.633928126559E1));
#5464=LINE('',#5463,#5462);
#5465=DIRECTION('',(1.121212121213E-1,9.936945374674E-1,0.E0));
#5466=VECTOR('',#5465,2.348320879302E0);
#5467=CARTESIAN_POINT('',(1.501095105760E0,1.666486370017E0,2.633928126559E1));
#5468=LINE('',#5467,#5466);
#5469=DIRECTION('',(0.E0,-1.E0,0.E0));
#5470=VECTOR('',#5469,1.693321251118E0);
#5471=CARTESIAN_POINT('',(-1.4E0,3.359807621135E0,2.633928126559E1));
#5472=LINE('',#5471,#5470);
#5473=DIRECTION('',(-1.E0,0.E0,0.E0));
#5474=VECTOR('',#5473,4.1E0);
#5475=CARTESIAN_POINT('',(-1.4E0,3.359807621135E0,2.633928126559E1));
#5476=LINE('',#5475,#5474);
#5477=DIRECTION('',(0.E0,1.E0,0.E0));
#5478=VECTOR('',#5477,1.693321251118E0);
#5479=CARTESIAN_POINT('',(-5.5E0,1.666486370017E0,2.633928126559E1));
#5480=LINE('',#5479,#5478);
#5481=DIRECTION('',(0.E0,1.E0,0.E0));
#5482=VECTOR('',#5481,2.333513629983E0);
#5483=CARTESIAN_POINT('',(-8.7E0,1.666486370017E0,2.633928126559E1));
#5484=LINE('',#5483,#5482);
#5485=DIRECTION('',(-1.E0,0.E0,0.E0));
#5486=VECTOR('',#5485,1.046439168920E1);
#5487=CARTESIAN_POINT('',(1.764391689197E0,4.E0,2.633928126559E1));
#5488=LINE('',#5487,#5486);
#5489=DIRECTION('',(-3.333333333287E-3,9.999944444290E-1,0.E0));
#5490=VECTOR('',#5489,2.333526594056E0);
#5491=CARTESIAN_POINT('',(-4.444021844198E1,1.666486370017E0,2.633928126559E1));
#5492=LINE('',#5491,#5490);
#5493=DIRECTION('',(0.E0,-1.E0,0.E0));
#5494=VECTOR('',#5493,1.693321251118E0);
#5495=CARTESIAN_POINT('',(-4.515E1,3.359807621135E0,2.633928126559E1));
#5496=LINE('',#5495,#5494);
#5497=DIRECTION('',(-1.E0,0.E0,0.E0));
#5498=VECTOR('',#5497,5.419620108980E-1);
#5499=CARTESIAN_POINT('',(-4.515E1,3.359807621135E0,2.633928126559E1));
#5500=LINE('',#5499,#5498);
#5501=DIRECTION('',(1.127048291126E-8,1.E0,-1.891861978452E-10));
#5502=VECTOR('',#5501,6.401923787436E-1);
#5503=CARTESIAN_POINT('',(-4.569196201090E1,3.359807621135E0,2.633928126559E1));
#5504=LINE('',#5503,#5502);
#5505=DIRECTION('',(-1.E0,-9.736214791528E-11,-9.735964895098E-11));
#5506=VECTOR('',#5505,1.243965139719E0);
#5507=CARTESIAN_POINT('',(-4.444799686396E1,4.E0,2.633928126559E1));
#5508=LINE('',#5507,#5506);
#5509=DIRECTION('',(3.333333333287E-3,9.999944444290E-1,0.E0));
#5510=VECTOR('',#5509,2.333526594056E0);
#5511=CARTESIAN_POINT('',(-3.136035187147E1,1.666486370017E0,2.633928126559E1));
#5512=LINE('',#5511,#5510);
#5513=DIRECTION('',(-1.E0,0.E0,0.E0));
#5514=VECTOR('',#5513,7.052573449488E0);
#5515=CARTESIAN_POINT('',(-2.43E1,4.E0,2.633928126559E1));
#5516=LINE('',#5515,#5514);
#5517=DIRECTION('',(0.E0,1.E0,0.E0));
#5518=VECTOR('',#5517,2.333513629983E0);
#5519=CARTESIAN_POINT('',(-2.43E1,1.666486370017E0,2.633928126559E1));
#5520=LINE('',#5519,#5518);
#5521=DIRECTION('',(0.E0,-1.E0,0.E0));
#5522=VECTOR('',#5521,1.693321251118E0);
#5523=CARTESIAN_POINT('',(-2.75E1,3.359807621135E0,2.633928126559E1));
#5524=LINE('',#5523,#5522);
#5525=DIRECTION('',(-1.E0,0.E0,0.E0));
#5526=VECTOR('',#5525,3.15E0);
#5527=CARTESIAN_POINT('',(-2.75E1,3.359807621135E0,2.633928126559E1));
#5528=LINE('',#5527,#5526);
#5529=DIRECTION('',(0.E0,1.E0,0.E0));
#5530=VECTOR('',#5529,1.693321251118E0);
#5531=CARTESIAN_POINT('',(-3.065E1,1.666486370017E0,2.633928126559E1));
#5532=LINE('',#5531,#5530);
#5533=DIRECTION('',(0.E0,-1.E0,0.E0));
#5534=VECTOR('',#5533,2.333513629983E0);
#5535=CARTESIAN_POINT('',(3.717118267309E1,4.E0,2.349E1));
#5536=LINE('',#5535,#5534);
#5537=DIRECTION('',(0.E0,1.E0,0.E0));
#5538=VECTOR('',#5537,1.693321251118E0);
#5539=CARTESIAN_POINT('',(3.373220533547E1,1.666486370017E0,2.633928126559E1));
#5540=LINE('',#5539,#5538);
#5541=CARTESIAN_POINT('',(3.373220533547E1,4.E0,2.283928126559E1));
#5542=DIRECTION('',(0.E0,-1.E0,0.E0));
#5543=DIRECTION('',(9.825649536065E-1,0.E0,1.859196384038E-1));
#5544=AXIS2_PLACEMENT_3D('',#5541,#5542,#5543);
#5546=DIRECTION('',(0.E0,1.E0,0.E0));
#5547=VECTOR('',#5546,2.5E0);
#5548=CARTESIAN_POINT('',(1.653E1,8.E0,2.349E1));
#5549=LINE('',#5548,#5547);
#5550=DIRECTION('',(0.E0,1.E0,0.E0));
#5551=VECTOR('',#5550,2.5E0);
#5552=CARTESIAN_POINT('',(1.653E1,8.E0,7.010000000001E0));
#5553=LINE('',#5552,#5551);
#5554=CARTESIAN_POINT('',(3.614603323503E1,7.E0,2.349E1));
#5555=CARTESIAN_POINT('',(3.601277417431E1,7.128665775450E0,2.349E1));
#5556=CARTESIAN_POINT('',(3.575664202811E1,7.374536429521E0,2.349E1));
#5557=CARTESIAN_POINT('',(3.540320045044E1,7.708154446792E0,2.349E1));
#5558=CARTESIAN_POINT('',(3.518708409199E1,7.906859704908E0,2.349E1));
#5559=CARTESIAN_POINT('',(3.508371010005E1,8.E0,2.349E1));
#5561=DIRECTION('',(-3.097176944808E-10,-7.071067811865E-1,7.071067811865E-1));
#5562=VECTOR('',#5561,1.414213562342E0);
#5563=CARTESIAN_POINT('',(3.373220533372E1,8.000000000089E0,2.433928126550E1));
#5564=LINE('',#5563,#5562);
#5565=DIRECTION('',(1.E0,0.E0,0.E0));
#5566=VECTOR('',#5565,2.052023957801E1);
#5567=CARTESIAN_POINT('',(-4.469196201090E1,7.E0,2.533928126559E1));
#5568=LINE('',#5567,#5566);
#5569=DIRECTION('',(-1.E0,0.E0,0.E0));
#5570=VECTOR('',#5569,1.36E1);
#5571=CARTESIAN_POINT('',(-9.7E0,7.51E0,2.482928126559E1));
#5572=LINE('',#5571,#5570);
#5573=DIRECTION('',(1.E0,0.E0,0.E0));
#5574=VECTOR('',#5573,1.017827756711E1);
#5575=CARTESIAN_POINT('',(-8.828277567113E0,7.E0,2.533928126559E1));
#5576=LINE('',#5575,#5574);
#5577=DIRECTION('',(1.E0,0.E0,0.E0));
#5578=VECTOR('',#5577,7.5E0);
#5579=CARTESIAN_POINT('',(1.35E0,7.475468884347E0,2.486381238124E1));
#5580=LINE('',#5579,#5578);
#5581=DIRECTION('',(1.E0,4.469554493050E-12,-4.469625883701E-12));
#5582=VECTOR('',#5581,2.488220533328E1);
#5583=CARTESIAN_POINT('',(8.85E0,7.E0,2.533928126559E1));
#5584=LINE('',#5583,#5582);
#5585=DIRECTION('',(-4.818998735751E-1,6.195855517394E-1,-6.195855517394E-1));
#5586=VECTOR('',#5585,1.613982116259E0);
#5587=CARTESIAN_POINT('',(-4.469196201090E1,7.E0,2.533928126559E1));
#5588=LINE('',#5587,#5586);
#5589=DIRECTION('',(0.E0,-1.E0,0.E0));
#5590=VECTOR('',#5589,5.379324723383E0);
#5591=CARTESIAN_POINT('',(1.35E0,7.E0,2.533928126559E1));
#5592=LINE('',#5591,#5590);
#5593=DIRECTION('',(0.E0,1.E0,0.E0));
#5594=VECTOR('',#5593,4.889324723383E0);
#5595=CARTESIAN_POINT('',(-8.7E0,1.620675276617E0,2.533928126559E1));
#5596=LINE('',#5595,#5594);
#5597=DIRECTION('',(0.E0,-1.E0,0.E0));
#5598=VECTOR('',#5597,5.379324723383E0);
#5599=CARTESIAN_POINT('',(8.85E0,7.E0,2.533928126559E1));
#5600=LINE('',#5599,#5598);
#5601=DIRECTION('',(4.071207693774E-10,-1.E0,2.067436987313E-11));
#5602=VECTOR('',#5601,5.379324723494E0);
#5603=CARTESIAN_POINT('',(3.373220533328E1,7.000000000111E0,2.533928126548E1));
#5604=LINE('',#5603,#5602);
#5605=DIRECTION('',(0.E0,-1.E0,0.E0));
#5606=VECTOR('',#5605,5.379324723383E0);
#5607=CARTESIAN_POINT('',(-4.469196201090E1,7.E0,2.533928126559E1));
#5608=LINE('',#5607,#5606);
#5609=DIRECTION('',(-3.333333333290E-3,9.999944444290E-1,0.E0));
#5610=VECTOR('',#5609,2.879340719765E0);
#5611=CARTESIAN_POINT('',(-4.444006573749E1,1.620675276617E0,2.533928126559E1));
#5612=LINE('',#5611,#5610);
#5613=DIRECTION('',(-1.E0,0.E0,0.E0));
#5614=VECTOR('',#5613,1.309875676633E1);
#5615=CARTESIAN_POINT('',(-3.135090677356E1,4.5E0,2.533928126559E1));
#5616=LINE('',#5615,#5614);
#5617=DIRECTION('',(3.333333333289E-3,9.999944444290E-1,0.E0));
#5618=VECTOR('',#5617,2.879340719765E0);
#5619=CARTESIAN_POINT('',(-3.136050457596E1,1.620675276617E0,2.533928126559E1));
#5620=LINE('',#5619,#5618);
#5621=DIRECTION('',(0.E0,1.E0,0.E0));
#5622=VECTOR('',#5621,4.889324723383E0);
#5623=CARTESIAN_POINT('',(-2.43E1,1.620675276617E0,2.533928126559E1));
#5624=LINE('',#5623,#5622);
#5625=CARTESIAN_POINT('',(-9.7E0,6.51E0,2.758928126559E1));
#5626=DIRECTION('',(0.E0,0.E0,-1.E0));
#5627=DIRECTION('',(0.E0,1.E0,0.E0));
#5628=AXIS2_PLACEMENT_3D('',#5625,#5626,#5627);
#5630=CARTESIAN_POINT('',(-9.7E0,6.51E0,2.533928126559E1));
#5631=DIRECTION('',(0.E0,0.E0,1.E0));
#5632=DIRECTION('',(1.E0,0.E0,0.E0));
#5633=AXIS2_PLACEMENT_3D('',#5630,#5631,#5632);
#5635=CARTESIAN_POINT('',(-8.828277567113E0,7.E0,2.533928126559E1));
#5636=CARTESIAN_POINT('',(-8.912072314083E0,7.149072981004E0,2.519020828458E1));
#5637=CARTESIAN_POINT('',(-9.082025581863E0,7.326563792276E0,2.501271747331E1));
#5638=CARTESIAN_POINT('',(-9.393779686683E0,7.474494969796E0,2.486478629579E1));
#5639=CARTESIAN_POINT('',(-9.586568228712E0,7.51E0,2.482928126559E1));
#5640=CARTESIAN_POINT('',(-9.7E0,7.51E0,2.482928126559E1));
#5642=DIRECTION('',(0.E0,1.E0,0.E0));
#5643=VECTOR('',#5642,2.01E0);
#5644=CARTESIAN_POINT('',(-8.7E0,4.5E0,2.758928126559E1));
#5645=LINE('',#5644,#5643);
#5646=DIRECTION('',(0.E0,0.E0,-1.E0));
#5647=VECTOR('',#5646,2.25E0);
#5648=CARTESIAN_POINT('',(-8.7E0,6.51E0,2.758928126559E1));
#5649=LINE('',#5648,#5647);
#5650=DIRECTION('',(-7.233743877022E-2,6.411036448894E-1,7.640375720222E-1));
#5651=VECTOR('',#5650,7.145661043269E-2);
#5652=CARTESIAN_POINT('',(8.704073882422E0,1.620675276617E0,2.628468573045E1));
#5653=LINE('',#5652,#5651);
#5654=DIRECTION('',(-1.E0,0.E0,0.E0));
#5655=VECTOR('',#5654,2.901095105760E0);
#5656=CARTESIAN_POINT('',(1.16E1,1.666486370017E0,2.633928126559E1));
#5657=LINE('',#5656,#5655);
#5658=DIRECTION('',(0.E0,6.427876096865E-1,7.660444431190E-1));
#5659=VECTOR('',#5658,7.832443735994E-1);
#5660=CARTESIAN_POINT('',(1.16E1,1.666486370017E0,2.633928126559E1));
#5661=LINE('',#5660,#5659);
#5662=DIRECTION('',(0.E0,6.427876096865E-1,7.660444431190E-1));
#5663=VECTOR('',#5662,8.545137831360E-1);
#5664=CARTESIAN_POINT('',(1.76E1,1.620675276617E0,2.628468573045E1));
#5665=LINE('',#5664,#5663);
#5666=DIRECTION('',(-1.E0,0.E0,0.E0));
#5667=VECTOR('',#5666,8.895926117578E0);
#5668=CARTESIAN_POINT('',(1.76E1,1.620675276617E0,2.628468573045E1));
#5669=LINE('',#5668,#5667);
#5670=DIRECTION('',(7.233743877020E-2,6.411036448894E-1,7.640375720223E-1));
#5671=VECTOR('',#5670,7.145661043269E-2);
#5672=CARTESIAN_POINT('',(1.495926117578E0,1.620675276617E0,2.628468573045E1));
#5673=LINE('',#5672,#5671);
#5674=DIRECTION('',(-1.E0,0.E0,0.E0));
#5675=VECTOR('',#5674,1.019592611758E1);
#5676=CARTESIAN_POINT('',(1.495926117578E0,1.620675276617E0,2.628468573045E1));
#5677=LINE('',#5676,#5675);
#5678=DIRECTION('',(0.E0,6.427876096865E-1,7.660444431190E-1));
#5679=VECTOR('',#5678,7.126940953666E-2);
#5680=CARTESIAN_POINT('',(-8.7E0,1.620675276617E0,2.628468573045E1));
#5681=LINE('',#5680,#5679);
#5682=DIRECTION('',(-1.E0,0.E0,0.E0));
#5683=VECTOR('',#5682,3.2E0);
#5684=CARTESIAN_POINT('',(-5.5E0,1.666486370017E0,2.633928126559E1));
#5685=LINE('',#5684,#5683);
#5686=DIRECTION('',(0.E0,6.427876096865E-1,7.660444431190E-1));
#5687=VECTOR('',#5686,7.832443735994E-1);
#5688=CARTESIAN_POINT('',(-5.5E0,1.666486370017E0,2.633928126559E1));
#5689=LINE('',#5688,#5687);
#5690=DIRECTION('',(0.E0,6.427876096865E-1,7.660444431190E-1));
#5691=VECTOR('',#5690,7.832443735994E-1);
#5692=CARTESIAN_POINT('',(-1.4E0,1.666486370017E0,2.633928126559E1));
#5693=LINE('',#5692,#5691);
#5694=DIRECTION('',(-1.E0,0.E0,0.E0));
#5695=VECTOR('',#5694,2.901095105760E0);
#5696=CARTESIAN_POINT('',(1.501095105760E0,1.666486370017E0,2.633928126559E1));
#5697=LINE('',#5696,#5695);
#5698=DIRECTION('',(2.721536571638E-14,-6.427876096865E-1,-7.660444431190E-1));
#5699=VECTOR('',#5698,7.832443735994E-1);
#5700=CARTESIAN_POINT('',(3.373220533547E1,2.169946148723E0,2.693928126559E1));
#5701=LINE('',#5700,#5699);
#5702=DIRECTION('',(-9.969813702393E-14,6.427876096866E-1,7.660444431189E-1));
#5703=VECTOR('',#5702,7.126940953667E-2);
#5704=CARTESIAN_POINT('',(3.373220533547E1,1.620675276617E0,2.628468573045E1));
#5705=LINE('',#5704,#5703);
#5706=DIRECTION('',(-1.E0,0.E0,0.E0));
#5707=VECTOR('',#5706,6.E0);
#5708=CARTESIAN_POINT('',(3.373220533547E1,1.620675276617E0,2.628468573045E1));
#5709=LINE('',#5708,#5707);
#5710=DIRECTION('',(0.E0,6.427876096865E-1,7.660444431190E-1));
#5711=VECTOR('',#5710,8.545137831360E-1);
#5712=CARTESIAN_POINT('',(2.773220533547E1,1.620675276617E0,2.628468573045E1));
#5713=LINE('',#5712,#5711);
#5714=DIRECTION('',(-2.142632350885E-3,6.427861342066E-1,7.660426847104E-1));
#5715=VECTOR('',#5714,7.126957313164E-2);
#5716=CARTESIAN_POINT('',(-4.444006573749E1,1.620675276617E0,2.628468573045E1));
#5717=LINE('',#5716,#5715);
#5718=DIRECTION('',(-1.E0,0.E0,0.E0));
#5719=VECTOR('',#5718,1.251896273407E0);
#5720=CARTESIAN_POINT('',(-4.444006573749E1,1.620675276617E0,2.628468573045E1));
#5721=LINE('',#5720,#5719);
#5722=DIRECTION('',(0.E0,6.427876096865E-1,7.660444431190E-1));
#5723=VECTOR('',#5722,7.126940953666E-2);
#5724=CARTESIAN_POINT('',(-4.569196201090E1,1.620675276617E0,2.628468573045E1));
#5725=LINE('',#5724,#5723);
#5726=DIRECTION('',(0.E0,-6.427876096865E-1,-7.660444431190E-1));
#5727=VECTOR('',#5726,7.832443735994E-1);
#5728=CARTESIAN_POINT('',(-4.569196201090E1,2.169946148723E0,2.693928126559E1));
#5729=LINE('',#5728,#5727);
#5730=DIRECTION('',(0.E0,6.427876096865E-1,7.660444431190E-1));
#5731=VECTOR('',#5730,7.832443735994E-1);
#5732=CARTESIAN_POINT('',(-4.515E1,1.666486370017E0,2.633928126559E1));
#5733=LINE('',#5732,#5731);
#5734=DIRECTION('',(-1.E0,0.E0,0.E0));
#5735=VECTOR('',#5734,7.097815580164E-1);
#5736=CARTESIAN_POINT('',(-4.444021844198E1,1.666486370017E0,2.633928126559E1));
#5737=LINE('',#5736,#5735);
#5738=DIRECTION('',(2.142632350835E-3,6.427861342066E-1,7.660426847104E-1));
#5739=VECTOR('',#5738,7.126957313164E-2);
#5740=CARTESIAN_POINT('',(-3.136050457596E1,1.620675276617E0,2.628468573045E1));
#5741=LINE('',#5740,#5739);
#5742=DIRECTION('',(-1.E0,0.E0,0.E0));
#5743=VECTOR('',#5742,7.103518714679E-1);
#5744=CARTESIAN_POINT('',(-3.065E1,1.666486370017E0,2.633928126559E1));
#5745=LINE('',#5744,#5743);
#5746=DIRECTION('',(0.E0,6.427876096865E-1,7.660444431190E-1));
#5747=VECTOR('',#5746,7.832443735994E-1);
#5748=CARTESIAN_POINT('',(-3.065E1,1.666486370017E0,2.633928126559E1));
#5749=LINE('',#5748,#5747);
#5750=DIRECTION('',(0.E0,6.427876096865E-1,7.660444431190E-1));
#5751=VECTOR('',#5750,7.832443735994E-1);
#5752=CARTESIAN_POINT('',(-2.75E1,1.666486370017E0,2.633928126559E1));
#5753=LINE('',#5752,#5751);
#5754=DIRECTION('',(-1.E0,0.E0,0.E0));
#5755=VECTOR('',#5754,3.2E0);
#5756=CARTESIAN_POINT('',(-2.43E1,1.666486370017E0,2.633928126559E1));
#5757=LINE('',#5756,#5755);
#5758=DIRECTION('',(0.E0,6.427876096865E-1,7.660444431190E-1));
#5759=VECTOR('',#5758,7.126940953666E-2);
#5760=CARTESIAN_POINT('',(-2.43E1,1.620675276617E0,2.628468573045E1));
#5761=LINE('',#5760,#5759);
#5762=DIRECTION('',(-1.E0,0.E0,0.E0));
#5763=VECTOR('',#5762,7.060504575961E0);
#5764=CARTESIAN_POINT('',(-2.43E1,1.620675276617E0,2.628468573045E1));
#5765=LINE('',#5764,#5763);
#5766=DIRECTION('',(0.E0,5.E-1,-8.660254037844E-1));
#5767=VECTOR('',#5766,6.928203230275E-1);
#5768=CARTESIAN_POINT('',(1.76E1,3.013397459622E0,2.693928126559E1));
#5769=LINE('',#5768,#5767);
#5770=DIRECTION('',(-1.E0,0.E0,0.E0));
#5771=VECTOR('',#5770,6.E0);
#5772=CARTESIAN_POINT('',(1.76E1,3.013397459622E0,2.693928126559E1));
#5773=LINE('',#5772,#5771);
#5774=DIRECTION('',(0.E0,5.E-1,-8.660254037844E-1));
#5775=VECTOR('',#5774,6.928203230275E-1);
#5776=CARTESIAN_POINT('',(1.16E1,3.013397459622E0,2.693928126559E1));
#5777=LINE('',#5776,#5775);
#5778=DIRECTION('',(-1.E0,0.E0,0.E0));
#5779=VECTOR('',#5778,6.E0);
#5780=CARTESIAN_POINT('',(3.373220533547E1,3.013397459622E0,2.693928126559E1));
#5781=LINE('',#5780,#5779);
#5782=DIRECTION('',(-1.538370149107E-14,5.E-1,-8.660254037844E-1));
#5783=VECTOR('',#5782,6.928203230275E-1);
#5784=CARTESIAN_POINT('',(2.773220533547E1,3.013397459622E0,2.693928126559E1));
#5785=LINE('',#5784,#5783);
#5786=DIRECTION('',(-3.076740298214E-14,-5.E-1,8.660254037844E-1));
#5787=VECTOR('',#5786,6.928203230275E-1);
#5788=CARTESIAN_POINT('',(3.373220533547E1,3.359807621135E0,2.633928126559E1));
#5789=LINE('',#5788,#5787);
#5790=DIRECTION('',(-1.025580099405E-14,5.E-1,-8.660254037844E-1));
#5791=VECTOR('',#5790,6.928203230275E-1);
#5792=CARTESIAN_POINT('',(-4.515E1,3.013397459622E0,2.693928126559E1));
#5793=LINE('',#5792,#5791);
#5794=DIRECTION('',(-1.E0,0.E0,0.E0));
#5795=VECTOR('',#5794,5.419620108980E-1);
#5796=CARTESIAN_POINT('',(-4.515E1,3.013397459622E0,2.693928126559E1));
#5797=LINE('',#5796,#5795);
#5798=DIRECTION('',(0.E0,-5.E-1,8.660254037844E-1));
#5799=VECTOR('',#5798,6.928203230275E-1);
#5800=CARTESIAN_POINT('',(-4.569196201090E1,3.359807621135E0,2.633928126559E1));
#5801=LINE('',#5800,#5799);
#5802=DIRECTION('',(-1.025580099405E-14,5.E-1,-8.660254037844E-1));
#5803=VECTOR('',#5802,6.928203230275E-1);
#5804=CARTESIAN_POINT('',(-2.75E1,3.013397459622E0,2.693928126559E1));
#5805=LINE('',#5804,#5803);
#5806=DIRECTION('',(-1.E0,0.E0,0.E0));
#5807=VECTOR('',#5806,3.15E0);
#5808=CARTESIAN_POINT('',(-2.75E1,3.013397459622E0,2.693928126559E1));
#5809=LINE('',#5808,#5807);
#5810=DIRECTION('',(0.E0,5.E-1,-8.660254037844E-1));
#5811=VECTOR('',#5810,6.928203230275E-1);
#5812=CARTESIAN_POINT('',(-3.065E1,3.013397459622E0,2.693928126559E1));
#5813=LINE('',#5812,#5811);
#5814=DIRECTION('',(0.E0,5.E-1,-8.660254037844E-1));
#5815=VECTOR('',#5814,6.928203230275E-1);
#5816=CARTESIAN_POINT('',(-1.4E0,3.013397459622E0,2.693928126559E1));
#5817=LINE('',#5816,#5815);
#5818=DIRECTION('',(-1.E0,0.E0,0.E0));
#5819=VECTOR('',#5818,4.1E0);
#5820=CARTESIAN_POINT('',(-1.4E0,3.013397459622E0,2.693928126559E1));
#5821=LINE('',#5820,#5819);
#5822=DIRECTION('',(0.E0,5.E-1,-8.660254037844E-1));
#5823=VECTOR('',#5822,6.928203230275E-1);
#5824=CARTESIAN_POINT('',(-5.5E0,3.013397459622E0,2.693928126559E1));
#5825=LINE('',#5824,#5823);
#5826=DIRECTION('',(0.E0,1.E0,0.E0));
#5827=VECTOR('',#5826,8.434513108983E-1);
#5828=CARTESIAN_POINT('',(1.76E1,2.169946148723E0,2.693928126559E1));
#5829=LINE('',#5828,#5827);
#5830=DIRECTION('',(-1.E0,0.E0,0.E0));
#5831=VECTOR('',#5830,6.E0);
#5832=CARTESIAN_POINT('',(1.76E1,2.169946148723E0,2.693928126559E1));
#5833=LINE('',#5832,#5831);
#5834=DIRECTION('',(0.E0,1.E0,0.E0));
#5835=VECTOR('',#5834,8.434513108983E-1);
#5836=CARTESIAN_POINT('',(1.16E1,2.169946148723E0,2.693928126559E1));
#5837=LINE('',#5836,#5835);
#5838=DIRECTION('',(-1.E0,0.E0,0.E0));
#5839=VECTOR('',#5838,6.E0);
#5840=CARTESIAN_POINT('',(3.373220533547E1,2.169946148723E0,2.693928126559E1));
#5841=LINE('',#5840,#5839);
#5842=DIRECTION('',(0.E0,1.E0,0.E0));
#5843=VECTOR('',#5842,8.434513108983E-1);
#5844=CARTESIAN_POINT('',(2.773220533547E1,2.169946148723E0,2.693928126559E1));
#5845=LINE('',#5844,#5843);
#5846=DIRECTION('',(0.E0,-1.E0,0.E0));
#5847=VECTOR('',#5846,8.434513108983E-1);
#5848=CARTESIAN_POINT('',(3.373220533547E1,3.013397459622E0,2.693928126559E1));
#5849=LINE('',#5848,#5847);
#5850=DIRECTION('',(0.E0,1.E0,0.E0));
#5851=VECTOR('',#5850,8.434513108983E-1);
#5852=CARTESIAN_POINT('',(-4.515E1,2.169946148723E0,2.693928126559E1));
#5853=LINE('',#5852,#5851);
#5854=DIRECTION('',(-1.E0,0.E0,0.E0));
#5855=VECTOR('',#5854,5.419620108980E-1);
#5856=CARTESIAN_POINT('',(-4.515E1,2.169946148723E0,2.693928126559E1));
#5857=LINE('',#5856,#5855);
#5858=DIRECTION('',(0.E0,-1.E0,0.E0));
#5859=VECTOR('',#5858,8.434513108983E-1);
#5860=CARTESIAN_POINT('',(-4.569196201090E1,3.013397459622E0,2.693928126559E1));
#5861=LINE('',#5860,#5859);
#5862=DIRECTION('',(0.E0,1.E0,0.E0));
#5863=VECTOR('',#5862,8.434513108983E-1);
#5864=CARTESIAN_POINT('',(-2.75E1,2.169946148723E0,2.693928126559E1));
#5865=LINE('',#5864,#5863);
#5866=DIRECTION('',(-1.E0,0.E0,0.E0));
#5867=VECTOR('',#5866,3.15E0);
#5868=CARTESIAN_POINT('',(-2.75E1,2.169946148723E0,2.693928126559E1));
#5869=LINE('',#5868,#5867);
#5870=DIRECTION('',(0.E0,1.E0,0.E0));
#5871=VECTOR('',#5870,8.434513108983E-1);
#5872=CARTESIAN_POINT('',(-3.065E1,2.169946148723E0,2.693928126559E1));
#5873=LINE('',#5872,#5871);
#5874=DIRECTION('',(0.E0,1.E0,0.E0));
#5875=VECTOR('',#5874,8.434513108983E-1);
#5876=CARTESIAN_POINT('',(-1.4E0,2.169946148723E0,2.693928126559E1));
#5877=LINE('',#5876,#5875);
#5878=DIRECTION('',(-1.E0,0.E0,0.E0));
#5879=VECTOR('',#5878,4.1E0);
#5880=CARTESIAN_POINT('',(-1.4E0,2.169946148723E0,2.693928126559E1));
#5881=LINE('',#5880,#5879);
#5882=DIRECTION('',(0.E0,1.E0,0.E0));
#5883=VECTOR('',#5882,8.434513108983E-1);
#5884=CARTESIAN_POINT('',(-5.5E0,2.169946148723E0,2.693928126559E1));
#5885=LINE('',#5884,#5883);
#5886=DIRECTION('',(0.E0,1.E0,0.E0));
#5887=VECTOR('',#5886,1.739132344518E0);
#5888=CARTESIAN_POINT('',(2.773220533547E1,1.620675276617E0,2.628468573045E1));
#5889=LINE('',#5888,#5887);
#5890=DIRECTION('',(0.E0,1.E0,0.E0));
#5891=VECTOR('',#5890,1.739132344518E0);
#5892=CARTESIAN_POINT('',(1.76E1,1.620675276617E0,2.628468573045E1));
#5893=LINE('',#5892,#5891);
#5894=DIRECTION('',(1.301466748039E-13,0.E0,1.E0));
#5895=VECTOR('',#5894,5.459553513993E-2);
#5896=CARTESIAN_POINT('',(2.773220533547E1,3.359807621135E0,2.628468573045E1));
#5897=LINE('',#5896,#5895);
#5898=DIRECTION('',(1.E0,0.E0,0.E0));
#5899=VECTOR('',#5898,1.013220533547E1);
#5900=CARTESIAN_POINT('',(1.76E1,3.359807621135E0,2.628468573045E1));
#5901=LINE('',#5900,#5899);
#5902=DIRECTION('',(-6.507333740194E-14,0.E0,-1.E0));
#5903=VECTOR('',#5902,5.459553513993E-2);
#5904=CARTESIAN_POINT('',(1.76E1,3.359807621135E0,2.633928126559E1));
#5905=LINE('',#5904,#5903);
#5906=DIRECTION('',(3.253666870097E-14,0.E0,-1.E0));
#5907=VECTOR('',#5906,5.459553513993E-2);
#5908=CARTESIAN_POINT('',(1.059081622001E1,3.359807621135E0,-3.110612319927E1));
#5909=LINE('',#5908,#5907);
#5910=DIRECTION('',(-1.E0,0.E0,0.E0));
#5911=VECTOR('',#5910,1.314138911546E1);
#5912=CARTESIAN_POINT('',(2.373220533547E1,3.359807621135E0,-3.110612319927E1));
#5913=LINE('',#5912,#5911);
#5914=DIRECTION('',(0.E0,-1.626833435049E-14,1.E0));
#5915=VECTOR('',#5914,5.459553513993E-2);
#5916=CARTESIAN_POINT('',(2.373220533547E1,3.359807621135E0,-3.116071873441E1));
#5917=LINE('',#5916,#5915);
#5918=DIRECTION('',(-3.253666870097E-14,3.253666870097E-14,-1.E0));
#5919=VECTOR('',#5918,5.459553513993E-2);
#5920=CARTESIAN_POINT('',(-1.255057289544E1,3.359807621135E0,
-3.110612319927E1));
#5921=LINE('',#5920,#5919);
#5922=DIRECTION('',(-1.E0,0.E0,0.E0));
#5923=VECTOR('',#5922,1.314138911546E1);
#5924=CARTESIAN_POINT('',(5.908162200121E-1,3.359807621135E0,
-3.110612319927E1));
#5925=LINE('',#5924,#5923);
#5926=DIRECTION('',(2.440250152573E-14,-1.626833435049E-14,1.E0));
#5927=VECTOR('',#5926,5.459553513993E-2);
#5928=CARTESIAN_POINT('',(5.908162200121E-1,3.359807621135E0,
-3.116071873441E1));
#5929=LINE('',#5928,#5927);
#5930=DIRECTION('',(-1.301466748039E-13,0.E0,-1.E0));
#5931=VECTOR('',#5930,5.459553513993E-2);
#5932=CARTESIAN_POINT('',(-3.569196201090E1,3.359807621135E0,
-3.110612319927E1));
#5933=LINE('',#5932,#5931);
#5934=DIRECTION('',(-1.E0,0.E0,0.E0));
#5935=VECTOR('',#5934,1.314138911546E1);
#5936=CARTESIAN_POINT('',(-2.255057289544E1,3.359807621135E0,
-3.110612319927E1));
#5937=LINE('',#5936,#5935);
#5938=DIRECTION('',(1.301466748039E-13,-1.626833435049E-14,1.E0));
#5939=VECTOR('',#5938,5.459553513993E-2);
#5940=CARTESIAN_POINT('',(-2.255057289544E1,3.359807621135E0,
-3.116071873441E1));
#5941=LINE('',#5940,#5939);
#5942=DIRECTION('',(1.E0,0.E0,0.E0));
#5943=VECTOR('',#5942,1.E1);
#5944=CARTESIAN_POINT('',(-4.569196201090E1,3.359807621135E0,
-3.116071873441E1));
#5945=LINE('',#5944,#5943);
#5946=DIRECTION('',(1.E0,0.E0,0.E0));
#5947=VECTOR('',#5946,1.314138911546E1);
#5948=CARTESIAN_POINT('',(-3.569196201090E1,3.359807621135E0,
-3.116071873441E1));
#5949=LINE('',#5948,#5947);
#5950=DIRECTION('',(1.E0,0.E0,0.E0));
#5951=VECTOR('',#5950,1.E1);
#5952=CARTESIAN_POINT('',(-2.255057289544E1,3.359807621135E0,
-3.116071873441E1));
#5953=LINE('',#5952,#5951);
#5954=DIRECTION('',(1.E0,0.E0,0.E0));
#5955=VECTOR('',#5954,1.314138911546E1);
#5956=CARTESIAN_POINT('',(-1.255057289544E1,3.359807621135E0,
-3.116071873441E1));
#5957=LINE('',#5956,#5955);
#5958=DIRECTION('',(1.E0,0.E0,0.E0));
#5959=VECTOR('',#5958,1.E1);
#5960=CARTESIAN_POINT('',(5.908162200121E-1,3.359807621135E0,
-3.116071873441E1));
#5961=LINE('',#5960,#5959);
#5962=DIRECTION('',(1.E0,0.E0,0.E0));
#5963=VECTOR('',#5962,1.314138911546E1);
#5964=CARTESIAN_POINT('',(1.059081622001E1,3.359807621135E0,-3.116071873441E1));
#5965=LINE('',#5964,#5963);
#5966=DIRECTION('',(1.E0,0.E0,0.E0));
#5967=VECTOR('',#5966,1.E1);
#5968=CARTESIAN_POINT('',(2.373220533547E1,3.359807621135E0,-3.116071873441E1));
#5969=LINE('',#5968,#5967);
#5970=DIRECTION('',(1.E0,7.571206326160E-13,-7.569808485852E-13));
#5971=VECTOR('',#5970,7.942416733357E1);
#5972=CARTESIAN_POINT('',(-4.569196200532E1,3.999999999819E0,
-3.116071873423E1));
#5973=LINE('',#5972,#5971);
#5974=DIRECTION('',(8.719346629443E-9,1.E0,2.831161378774E-10));
#5975=VECTOR('',#5974,6.401923786834E-1);
#5976=CARTESIAN_POINT('',(-4.569196201090E1,3.359807621135E0,
-3.116071873441E1));
#5977=LINE('',#5976,#5975);
#5978=DIRECTION('',(0.E0,5.E-1,8.660254037844E-1));
#5979=VECTOR('',#5978,6.928203230275E-1);
#5980=CARTESIAN_POINT('',(5.908162200121E-1,3.013397459622E0,
-3.176071873441E1));
#5981=LINE('',#5980,#5979);
#5982=DIRECTION('',(1.E0,0.E0,0.E0));
#5983=VECTOR('',#5982,1.E1);
#5984=CARTESIAN_POINT('',(5.908162200121E-1,3.013397459622E0,
-3.176071873441E1));
#5985=LINE('',#5984,#5983);
#5986=DIRECTION('',(0.E0,5.E-1,8.660254037844E-1));
#5987=VECTOR('',#5986,6.928203230275E-1);
#5988=CARTESIAN_POINT('',(1.059081622001E1,3.013397459622E0,-3.176071873441E1));
#5989=LINE('',#5988,#5987);
#5990=DIRECTION('',(0.E0,5.E-1,8.660254037844E-1));
#5991=VECTOR('',#5990,6.928203230275E-1);
#5992=CARTESIAN_POINT('',(-2.255057289544E1,3.013397459622E0,
-3.176071873441E1));
#5993=LINE('',#5992,#5991);
#5994=DIRECTION('',(1.E0,0.E0,0.E0));
#5995=VECTOR('',#5994,1.E1);
#5996=CARTESIAN_POINT('',(-2.255057289544E1,3.013397459622E0,
-3.176071873441E1));
#5997=LINE('',#5996,#5995);
#5998=DIRECTION('',(0.E0,5.E-1,8.660254037844E-1));
#5999=VECTOR('',#5998,6.928203230275E-1);
#6000=CARTESIAN_POINT('',(-1.255057289544E1,3.013397459622E0,
-3.176071873441E1));
#6001=LINE('',#6000,#5999);
#6002=DIRECTION('',(1.025580099405E-14,5.E-1,8.660254037844E-1));
#6003=VECTOR('',#6002,6.928203230275E-1);
#6004=CARTESIAN_POINT('',(3.373220533547E1,3.013397459622E0,-3.176071873441E1));
#6005=LINE('',#6004,#6003);
#6006=DIRECTION('',(0.E0,5.E-1,8.660254037844E-1));
#6007=VECTOR('',#6006,6.928203230275E-1);
#6008=CARTESIAN_POINT('',(2.373220533547E1,3.013397459622E0,-3.176071873441E1));
#6009=LINE('',#6008,#6007);
#6010=DIRECTION('',(1.E0,0.E0,0.E0));
#6011=VECTOR('',#6010,1.E1);
#6012=CARTESIAN_POINT('',(2.373220533547E1,3.013397459622E0,-3.176071873441E1));
#6013=LINE('',#6012,#6011);
#6014=DIRECTION('',(1.025580099405E-14,-5.E-1,-8.660254037844E-1));
#6015=VECTOR('',#6014,6.928203230275E-1);
#6016=CARTESIAN_POINT('',(-4.569196201090E1,3.359807621135E0,
-3.116071873441E1));
#6017=LINE('',#6016,#6015);
#6018=DIRECTION('',(1.E0,0.E0,0.E0));
#6019=VECTOR('',#6018,1.E1);
#6020=CARTESIAN_POINT('',(-4.569196201090E1,3.013397459622E0,
-3.176071873441E1));
#6021=LINE('',#6020,#6019);
#6022=DIRECTION('',(-1.025580099405E-14,5.E-1,8.660254037844E-1));
#6023=VECTOR('',#6022,6.928203230275E-1);
#6024=CARTESIAN_POINT('',(-3.569196201090E1,3.013397459622E0,
-3.176071873441E1));
#6025=LINE('',#6024,#6023);
#6026=DIRECTION('',(0.E0,6.427876096865E-1,-7.660444431190E-1));
#6027=VECTOR('',#6026,8.545137831360E-1);
#6028=CARTESIAN_POINT('',(5.908162200121E-1,1.620675276617E0,
-3.110612319927E1));
#6029=LINE('',#6028,#6027);
#6030=DIRECTION('',(1.E0,0.E0,0.E0));
#6031=VECTOR('',#6030,1.E1);
#6032=CARTESIAN_POINT('',(5.908162200121E-1,1.620675276617E0,
-3.110612319927E1));
#6033=LINE('',#6032,#6031);
#6034=DIRECTION('',(0.E0,6.427876096865E-1,-7.660444431190E-1));
#6035=VECTOR('',#6034,8.545137831360E-1);
#6036=CARTESIAN_POINT('',(1.059081622001E1,1.620675276617E0,-3.110612319927E1));
#6037=LINE('',#6036,#6035);
#6038=DIRECTION('',(0.E0,6.427876096865E-1,-7.660444431190E-1));
#6039=VECTOR('',#6038,8.545137831360E-1);
#6040=CARTESIAN_POINT('',(-2.255057289544E1,1.620675276617E0,
-3.110612319927E1));
#6041=LINE('',#6040,#6039);
#6042=DIRECTION('',(1.E0,0.E0,0.E0));
#6043=VECTOR('',#6042,1.E1);
#6044=CARTESIAN_POINT('',(-2.255057289544E1,1.620675276617E0,
-3.110612319927E1));
#6045=LINE('',#6044,#6043);
#6046=DIRECTION('',(0.E0,6.427876096865E-1,-7.660444431190E-1));
#6047=VECTOR('',#6046,8.545137831360E-1);
#6048=CARTESIAN_POINT('',(-1.255057289544E1,1.620675276617E0,
-3.110612319927E1));
#6049=LINE('',#6048,#6047);
#6050=DIRECTION('',(0.E0,6.427876096865E-1,-7.660444431190E-1));
#6051=VECTOR('',#6050,7.832443735994E-1);
#6052=CARTESIAN_POINT('',(3.373220533547E1,1.666486370017E0,-3.116071873441E1));
#6053=LINE('',#6052,#6051);
#6054=DIRECTION('',(0.E0,6.427876096865E-1,-7.660444431190E-1));
#6055=VECTOR('',#6054,8.545137831360E-1);
#6056=CARTESIAN_POINT('',(2.373220533547E1,1.620675276617E0,-3.110612319927E1));
#6057=LINE('',#6056,#6055);
#6058=DIRECTION('',(1.E0,0.E0,0.E0));
#6059=VECTOR('',#6058,1.E1);
#6060=CARTESIAN_POINT('',(2.373220533547E1,1.620675276617E0,-3.110612319927E1));
#6061=LINE('',#6060,#6059);
#6062=DIRECTION('',(0.E0,-6.427876096865E-1,7.660444431190E-1));
#6063=VECTOR('',#6062,7.832443735994E-1);
#6064=CARTESIAN_POINT('',(-4.569196201090E1,2.169946148723E0,
-3.176071873441E1));
#6065=LINE('',#6064,#6063);
#6066=DIRECTION('',(-9.969813702393E-14,6.427876096865E-1,-7.660444431190E-1));
#6067=VECTOR('',#6066,7.126940953667E-2);
#6068=CARTESIAN_POINT('',(-4.569196201090E1,1.620675276617E0,
-3.110612319927E1));
#6069=LINE('',#6068,#6067);
#6070=DIRECTION('',(1.E0,0.E0,0.E0));
#6071=VECTOR('',#6070,1.E1);
#6072=CARTESIAN_POINT('',(-4.569196201090E1,1.620675276617E0,
-3.110612319927E1));
#6073=LINE('',#6072,#6071);
#6074=DIRECTION('',(0.E0,6.427876096865E-1,-7.660444431190E-1));
#6075=VECTOR('',#6074,8.545137831360E-1);
#6076=CARTESIAN_POINT('',(-3.569196201090E1,1.620675276617E0,
-3.110612319927E1));
#6077=LINE('',#6076,#6075);
#6078=DIRECTION('',(0.E0,1.E0,0.E0));
#6079=VECTOR('',#6078,1.739132344518E0);
#6080=CARTESIAN_POINT('',(1.059081622001E1,1.620675276617E0,-3.110612319927E1));
#6081=LINE('',#6080,#6079);
#6082=DIRECTION('',(0.E0,1.E0,0.E0));
#6083=VECTOR('',#6082,1.739132344518E0);
#6084=CARTESIAN_POINT('',(2.373220533547E1,1.620675276617E0,-3.110612319927E1));
#6085=LINE('',#6084,#6083);
#6086=DIRECTION('',(0.E0,1.E0,0.E0));
#6087=VECTOR('',#6086,8.434513108983E-1);
#6088=CARTESIAN_POINT('',(5.908162200121E-1,2.169946148723E0,
-3.176071873441E1));
#6089=LINE('',#6088,#6087);
#6090=DIRECTION('',(1.E0,0.E0,0.E0));
#6091=VECTOR('',#6090,1.E1);
#6092=CARTESIAN_POINT('',(5.908162200121E-1,2.169946148723E0,
-3.176071873441E1));
#6093=LINE('',#6092,#6091);
#6094=DIRECTION('',(0.E0,1.E0,0.E0));
#6095=VECTOR('',#6094,8.434513108983E-1);
#6096=CARTESIAN_POINT('',(1.059081622001E1,2.169946148723E0,-3.176071873441E1));
#6097=LINE('',#6096,#6095);
#6098=DIRECTION('',(0.E0,1.E0,0.E0));
#6099=VECTOR('',#6098,8.434513108983E-1);
#6100=CARTESIAN_POINT('',(-2.255057289544E1,2.169946148723E0,
-3.176071873441E1));
#6101=LINE('',#6100,#6099);
#6102=DIRECTION('',(1.E0,0.E0,0.E0));
#6103=VECTOR('',#6102,1.E1);
#6104=CARTESIAN_POINT('',(-2.255057289544E1,2.169946148723E0,
-3.176071873441E1));
#6105=LINE('',#6104,#6103);
#6106=DIRECTION('',(0.E0,1.E0,0.E0));
#6107=VECTOR('',#6106,8.434513108983E-1);
#6108=CARTESIAN_POINT('',(-1.255057289544E1,2.169946148723E0,
-3.176071873441E1));
#6109=LINE('',#6108,#6107);
#6110=DIRECTION('',(0.E0,-1.E0,0.E0));
#6111=VECTOR('',#6110,8.434513108983E-1);
#6112=CARTESIAN_POINT('',(3.373220533547E1,3.013397459622E0,-3.176071873441E1));
#6113=LINE('',#6112,#6111);
#6114=DIRECTION('',(0.E0,1.E0,0.E0));
#6115=VECTOR('',#6114,8.434513108983E-1);
#6116=CARTESIAN_POINT('',(2.373220533547E1,2.169946148723E0,-3.176071873441E1));
#6117=LINE('',#6116,#6115);
#6118=DIRECTION('',(1.E0,0.E0,0.E0));
#6119=VECTOR('',#6118,1.E1);
#6120=CARTESIAN_POINT('',(2.373220533547E1,2.169946148723E0,-3.176071873441E1));
#6121=LINE('',#6120,#6119);
#6122=DIRECTION('',(0.E0,-1.E0,0.E0));
#6123=VECTOR('',#6122,8.434513108983E-1);
#6124=CARTESIAN_POINT('',(-4.569196201090E1,3.013397459622E0,
-3.176071873441E1));
#6125=LINE('',#6124,#6123);
#6126=DIRECTION('',(1.E0,0.E0,0.E0));
#6127=VECTOR('',#6126,1.E1);
#6128=CARTESIAN_POINT('',(-4.569196201090E1,2.169946148723E0,
-3.176071873441E1));
#6129=LINE('',#6128,#6127);
#6130=DIRECTION('',(0.E0,1.E0,0.E0));
#6131=VECTOR('',#6130,8.434513108983E-1);
#6132=CARTESIAN_POINT('',(-3.569196201090E1,2.169946148723E0,
-3.176071873441E1));
#6133=LINE('',#6132,#6131);
#6134=DIRECTION('',(0.E0,1.E0,0.E0));
#6135=VECTOR('',#6134,1.739132344518E0);
#6136=CARTESIAN_POINT('',(-2.255057289544E1,1.620675276617E0,
-3.110612319927E1));
#6137=LINE('',#6136,#6135);
#6138=DIRECTION('',(0.E0,1.E0,0.E0));
#6139=VECTOR('',#6138,1.739132344518E0);
#6140=CARTESIAN_POINT('',(-3.569196201090E1,1.620675276617E0,
-3.110612319927E1));
#6141=LINE('',#6140,#6139);
#6142=DIRECTION('',(0.E0,1.E0,0.E0));
#6143=VECTOR('',#6142,1.739132344518E0);
#6144=CARTESIAN_POINT('',(-1.255057289544E1,1.620675276617E0,
-3.110612319927E1));
#6145=LINE('',#6144,#6143);
#6146=DIRECTION('',(0.E0,1.E0,0.E0));
#6147=VECTOR('',#6146,1.739132344518E0);
#6148=CARTESIAN_POINT('',(5.908162200121E-1,1.620675276617E0,
-3.110612319927E1));
#6149=LINE('',#6148,#6147);
#6150=DIRECTION('',(0.E0,1.E0,0.E0));
#6151=VECTOR('',#6150,1.693321251118E0);
#6152=CARTESIAN_POINT('',(3.373220533547E1,1.666486370017E0,-3.116071873441E1));
#6153=LINE('',#6152,#6151);
#6154=CARTESIAN_POINT('',(3.373220533547E1,4.E0,-2.766071873441E1));
#6155=DIRECTION('',(0.E0,-1.E0,0.E0));
#6156=DIRECTION('',(0.E0,0.E0,-1.E0));
#6157=AXIS2_PLACEMENT_3D('',#6154,#6155,#6156);
#6159=DIRECTION('',(-1.127048291126E-8,1.E0,1.891917472922E-10));
#6160=VECTOR('',#6159,6.401923787436E-1);
#6161=CARTESIAN_POINT('',(3.373220533547E1,3.359807621135E0,-3.116071873441E1));
#6162=LINE('',#6161,#6160);
#6163=DIRECTION('',(0.E0,-1.E0,0.E0));
#6164=VECTOR('',#6163,2.333513629983E0);
#6165=CARTESIAN_POINT('',(3.714204918582E1,4.E0,-2.845E1));
#6166=LINE('',#6165,#6164);
#6167=DIRECTION('',(5.344936382157E-9,-7.071067811866E-1,7.071067811865E-1));
#6168=VECTOR('',#6167,7.071067810968E-1);
#6169=CARTESIAN_POINT('',(3.373220532447E1,4.499999999815E0,-3.166071873423E1));
#6170=LINE('',#6169,#6168);
#6171=CARTESIAN_POINT('',(3.765356161663E1,4.5E0,-2.845E1));
#6172=CARTESIAN_POINT('',(3.759524730078E1,4.442832197817E0,-2.845E1));
#6173=CARTESIAN_POINT('',(3.747960897107E1,4.329566624929E0,-2.845E1));
#6174=CARTESIAN_POINT('',(3.730907679416E1,4.162858542939E0,-2.845E1));
#6175=CARTESIAN_POINT('',(3.719739595643E1,4.053921098685E0,-2.845E1));
#6176=CARTESIAN_POINT('',(3.714204918582E1,4.E0,-2.845E1));
#6178=DIRECTION('',(-4.135045742933E-9,-7.071067811865E-1,7.071067811865E-1));
#6179=VECTOR('',#6178,7.071067810523E-1);
#6180=CARTESIAN_POINT('',(-4.569196200239E1,4.499999999724E0,
-3.166071873414E1));
#6181=LINE('',#6180,#6179);
#6182=DIRECTION('',(7.071067811865E-1,-7.071067811866E-1,-5.344926333565E-9));
#6183=VECTOR('',#6182,7.071067810968E-1);
#6184=CARTESIAN_POINT('',(-4.969196201071E1,4.499999999815E0,
-2.766071872342E1));
#6185=LINE('',#6184,#6183);
#6186=DIRECTION('',(1.891917472922E-10,1.E0,1.127047736182E-8));
#6187=VECTOR('',#6186,6.401923787436E-1);
#6188=CARTESIAN_POINT('',(-4.919196201090E1,3.359807621135E0,
-2.766071873441E1));
#6189=LINE('',#6188,#6187);
#6190=DIRECTION('',(0.E0,1.E0,0.E0));
#6191=VECTOR('',#6190,1.693321251118E0);
#6192=CARTESIAN_POINT('',(-4.569196201090E1,1.666486370017E0,
-3.116071873441E1));
#6193=LINE('',#6192,#6191);
#6194=CARTESIAN_POINT('',(-4.569196201090E1,4.E0,-2.766071873441E1));
#6195=DIRECTION('',(0.E0,-1.E0,0.E0));
#6196=DIRECTION('',(-1.E0,0.E0,0.E0));
#6197=AXIS2_PLACEMENT_3D('',#6194,#6195,#6196);
#6199=DIRECTION('',(0.E0,1.E0,0.E0));
#6200=VECTOR('',#6199,1.693321251118E0);
#6201=CARTESIAN_POINT('',(-4.919196201090E1,1.666486370017E0,
-2.766071873441E1));
#6202=LINE('',#6201,#6200);
#6203=DIRECTION('',(0.E0,0.E0,-1.E0));
#6204=VECTOR('',#6203,4.750270444975E0);
#6205=CARTESIAN_POINT('',(-4.919196201090E1,1.666486370017E0,1.012E1));
#6206=LINE('',#6205,#6204);
#6207=DIRECTION('',(-7.660444431190E-1,6.427876096865E-1,0.E0));
#6208=VECTOR('',#6207,7.832443735994E-1);
#6209=CARTESIAN_POINT('',(-4.919196201090E1,1.666486370017E0,1.012E1));
#6210=LINE('',#6209,#6208);
#6211=DIRECTION('',(7.660444431190E-1,-6.427876096865E-1,0.E0));
#6212=VECTOR('',#6211,7.832443735993E-1);
#6213=CARTESIAN_POINT('',(-4.979196201090E1,2.169946148723E0,2.283928126559E1));
#6214=LINE('',#6213,#6212);
#6215=DIRECTION('',(-7.660444431190E-1,6.427876096865E-1,4.984906851196E-14));
#6216=VECTOR('',#6215,7.126940953667E-2);
#6217=CARTESIAN_POINT('',(-4.913736647576E1,1.620675276617E0,2.283928126559E1));
#6218=LINE('',#6217,#6216);
#6219=DIRECTION('',(0.E0,0.E0,-1.E0));
#6220=VECTOR('',#6219,5.05E1);
#6221=CARTESIAN_POINT('',(-4.913736647576E1,1.620675276617E0,2.283928126559E1));
#6222=LINE('',#6221,#6220);
#6223=DIRECTION('',(-7.660444431190E-1,6.427876096865E-1,0.E0));
#6224=VECTOR('',#6223,7.832443735993E-1);
#6225=CARTESIAN_POINT('',(-4.919196201090E1,1.666486370017E0,
-2.766071873441E1));
#6226=LINE('',#6225,#6224);
#6227=DIRECTION('',(-7.660444431190E-1,6.427876096865E-1,0.E0));
#6228=VECTOR('',#6227,7.832443735994E-1);
#6229=CARTESIAN_POINT('',(-4.919196201090E1,1.666486370017E0,-1.543E1));
#6230=LINE('',#6229,#6228);
#6231=DIRECTION('',(0.E0,0.E0,-1.E0));
#6232=VECTOR('',#6231,4.750270444975E0);
#6233=CARTESIAN_POINT('',(-4.919196201090E1,1.666486370017E0,
-1.067972955502E1));
#6234=LINE('',#6233,#6232);
#6235=DIRECTION('',(0.E0,0.E0,-1.E0));
#6236=VECTOR('',#6235,1.604945911005E1);
#6237=CARTESIAN_POINT('',(-4.919196201090E1,1.666486370017E0,5.369729555026E0));
#6238=LINE('',#6237,#6236);
#6239=DIRECTION('',(0.E0,1.E0,0.E0));
#6240=VECTOR('',#6239,8.434513108983E-1);
#6241=CARTESIAN_POINT('',(-4.979196201090E1,2.169946148723E0,1.012E1));
#6242=LINE('',#6241,#6240);
#6243=DIRECTION('',(0.E0,-1.E0,0.E0));
#6244=VECTOR('',#6243,8.434513108983E-1);
#6245=CARTESIAN_POINT('',(-4.979196201090E1,3.013397459622E0,2.283928126559E1));
#6246=LINE('',#6245,#6244);
#6247=DIRECTION('',(0.E0,0.E0,-1.E0));
#6248=VECTOR('',#6247,1.271928126559E1);
#6249=CARTESIAN_POINT('',(-4.979196201090E1,2.169946148723E0,2.283928126559E1));
#6250=LINE('',#6249,#6248);
#6251=DIRECTION('',(0.E0,1.E0,0.E0));
#6252=VECTOR('',#6251,8.434513108983E-1);
#6253=CARTESIAN_POINT('',(-4.979196201090E1,2.169946148723E0,-1.543E1));
#6254=LINE('',#6253,#6252);
#6255=DIRECTION('',(0.E0,0.E0,-1.E0));
#6256=VECTOR('',#6255,1.223071873441E1);
#6257=CARTESIAN_POINT('',(-4.979196201090E1,2.169946148723E0,-1.543E1));
#6258=LINE('',#6257,#6256);
#6259=DIRECTION('',(0.E0,1.E0,0.E0));
#6260=VECTOR('',#6259,8.434513108983E-1);
#6261=CARTESIAN_POINT('',(-4.979196201090E1,2.169946148723E0,
-2.766071873441E1));
#6262=LINE('',#6261,#6260);
#6263=DIRECTION('',(0.E0,1.E0,0.E0));
#6264=VECTOR('',#6263,1.693321251118E0);
#6265=CARTESIAN_POINT('',(-4.919196201090E1,1.666486370017E0,2.283928126559E1));
#6266=LINE('',#6265,#6264);
#6267=CARTESIAN_POINT('',(-4.569196201090E1,4.E0,2.283928126559E1));
#6268=DIRECTION('',(0.E0,-1.E0,0.E0));
#6269=DIRECTION('',(0.E0,0.E0,1.E0));
#6270=AXIS2_PLACEMENT_3D('',#6267,#6268,#6269);
#6272=DIRECTION('',(0.E0,1.E0,0.E0));
#6273=VECTOR('',#6272,1.693321251118E0);
#6274=CARTESIAN_POINT('',(-4.569196201090E1,1.666486370017E0,2.633928126559E1));
#6275=LINE('',#6274,#6273);
#6276=CARTESIAN_POINT('',(-4.569196201090E1,1.666486370017E0,2.283928126559E1));
#6277=DIRECTION('',(0.E0,-1.E0,0.E0));
#6278=DIRECTION('',(0.E0,0.E0,1.E0));
#6279=AXIS2_PLACEMENT_3D('',#6276,#6277,#6278);
#6281=CARTESIAN_POINT('',(-4.569196201090E1,1.620675276617E0,2.283928126559E1));
#6282=DIRECTION('',(0.E0,-1.E0,0.E0));
#6283=DIRECTION('',(0.E0,0.E0,1.E0));
#6284=AXIS2_PLACEMENT_3D('',#6281,#6282,#6283);
#6286=DIRECTION('',(-1.E0,0.E0,0.E0));
#6287=VECTOR('',#6286,5.E-1);
#6288=CARTESIAN_POINT('',(-4.919196201090E1,4.5E0,-1.543E1));
#6289=LINE('',#6288,#6287);
#6290=DIRECTION('',(-7.660444431190E-1,6.427876096865E-1,0.E0));
#6291=VECTOR('',#6290,7.126940953667E-2);
#6292=CARTESIAN_POINT('',(-4.913736647576E1,1.620675276617E0,
-2.766071873441E1));
#6293=LINE('',#6292,#6291);
#6294=CARTESIAN_POINT('',(-4.569196201090E1,1.620675276617E0,
-2.766071873441E1));
#6295=DIRECTION('',(0.E0,-1.E0,0.E0));
#6296=DIRECTION('',(-1.E0,0.E0,0.E0));
#6297=AXIS2_PLACEMENT_3D('',#6294,#6295,#6296);
#6299=CARTESIAN_POINT('',(-4.569196201090E1,1.666486370017E0,
-2.766071873441E1));
#6300=DIRECTION('',(0.E0,-1.E0,0.E0));
#6301=DIRECTION('',(-1.E0,0.E0,0.E0));
#6302=AXIS2_PLACEMENT_3D('',#6299,#6300,#6301);
#6304=DIRECTION('',(0.E0,-5.547001962252E-1,8.320502943378E-1));
#6305=VECTOR('',#6304,2.102913209613E0);
#6306=CARTESIAN_POINT('',(-4.919196201090E1,1.666486370017E0,
-1.067972955502E1));
#6307=LINE('',#6306,#6305);
#6308=DIRECTION('',(0.E0,0.E0,1.E0));
#6309=VECTOR('',#6308,1.255E1);
#6310=CARTESIAN_POINT('',(-4.919196201090E1,5.E-1,-8.929999999999E0));
#6311=LINE('',#6310,#6309);
#6312=DIRECTION('',(0.E0,5.547001962252E-1,8.320502943378E-1));
#6313=VECTOR('',#6312,2.102913209613E0);
#6314=CARTESIAN_POINT('',(-4.919196201090E1,5.E-1,3.620000000001E0));
#6315=LINE('',#6314,#6313);
#6316=DIRECTION('',(0.E0,5.547001962252E-1,-8.320502943378E-1));
#6317=VECTOR('',#6316,5.108189341315E0);
#6318=CARTESIAN_POINT('',(-4.919196201090E1,1.666486370017E0,
-1.067972955502E1));
#6319=LINE('',#6318,#6317);
#6320=DIRECTION('',(-1.E0,0.E0,0.E0));
#6321=VECTOR('',#6320,2.5E0);
#6322=CARTESIAN_POINT('',(-4.919196201090E1,4.5E0,-1.493E1));
#6323=LINE('',#6322,#6321);
#6324=DIRECTION('',(1.E0,0.E0,0.E0));
#6325=VECTOR('',#6324,2.5E0);
#6326=CARTESIAN_POINT('',(-5.169196201090E1,5.E-1,-8.929999999999E0));
#6327=LINE('',#6326,#6325);
#6328=DIRECTION('',(0.E0,-1.E0,0.E0));
#6329=VECTOR('',#6328,1.728159305411E0);
#6330=CARTESIAN_POINT('',(3.853E1,9.637716733959E0,-2.845E1));
#6331=LINE('',#6330,#6329);
#6332=DIRECTION('',(-1.E0,0.E0,0.E0));
#6333=VECTOR('',#6332,1.150065041597E0);
#6334=CARTESIAN_POINT('',(3.968006504160E1,7.909557428548E0,-2.845E1));
#6335=LINE('',#6334,#6333);
#6336=DIRECTION('',(0.E0,0.E0,-1.E0));
#6337=VECTOR('',#6336,4.1E0);
#6338=CARTESIAN_POINT('',(3.853E1,7.909557428548E0,-1.045E1));
#6339=LINE('',#6338,#6337);
#6340=DIRECTION('',(0.E0,0.E0,-1.E0));
#6341=VECTOR('',#6340,1.78E0);
#6342=CARTESIAN_POINT('',(3.853E1,7.909557428548E0,5.230000000001E0));
#6343=LINE('',#6342,#6341);
#6344=DIRECTION('',(0.E0,0.E0,-1.E0));
#6345=VECTOR('',#6344,6.000000000001E-1);
#6346=CARTESIAN_POINT('',(3.853E1,7.909557428548E0,-2.845E1));
#6347=LINE('',#6346,#6345);
#6348=DIRECTION('',(0.E0,-1.E0,0.E0));
#6349=VECTOR('',#6348,1.792647906920E0);
#6350=CARTESIAN_POINT('',(3.853E1,9.702205335468E0,-1.045E1));
#6351=LINE('',#6350,#6349);
#6352=DIRECTION('',(-1.E0,0.E0,0.E0));
#6353=VECTOR('',#6352,2.522053354677E-1);
#6354=CARTESIAN_POINT('',(3.878220533547E1,7.909557428548E0,-1.045E1));
#6355=LINE('',#6354,#6353);
#6356=DIRECTION('',(-4.290568145683E-1,9.032775043543E-1,0.E0));
#6357=VECTOR('',#6356,2.214158982548E0);
#6358=CARTESIAN_POINT('',(3.973220533547E1,5.909557428548E0,-1.045E1));
#6359=LINE('',#6358,#6357);
#6360=DIRECTION('',(1.E0,-1.272279770077E-11,-1.222469659696E-11));
#6361=VECTOR('',#6360,2.385826324178E0);
#6362=CARTESIAN_POINT('',(3.534637901128E1,4.500000000030E0,-1.045E1));
#6363=LINE('',#6362,#6361);
#6364=CARTESIAN_POINT('',(3.773220533550E1,4.500000000028E0,-1.045000000001E1));
#6365=CARTESIAN_POINT('',(3.769003499596E1,4.457829660494E0,-1.061332502272E1));
#6366=CARTESIAN_POINT('',(3.754821194040E1,4.316006604932E0,-1.085936410877E1));
#6367=CARTESIAN_POINT('',(3.734733451988E1,4.115129184417E0,-1.102258774241E1));
#6368=CARTESIAN_POINT('',(3.723220533547E1,4.E0,-1.108359823256E1));
#6370=CARTESIAN_POINT('',(3.723220533547E1,3.531754163478E0,-1.02E1));
#6371=DIRECTION('',(-1.E0,9.740550037768E-14,0.E0));
#6372=DIRECTION('',(4.263256414561E-14,4.682458365217E-1,-8.835982325583E-1));
#6373=AXIS2_PLACEMENT_3D('',#6370,#6371,#6372);
#6375=DIRECTION('',(1.E0,-2.455836741831E-11,0.E0));
#6376=VECTOR('',#6375,1.233424046424E0);
#6377=CARTESIAN_POINT('',(3.599878128904E1,3.531754163478E0,-1.12E1));
#6378=LINE('',#6377,#6376);
#6379=DIRECTION('',(-1.E0,0.E0,0.E0));
#6380=VECTOR('',#6379,1.541281261157E0);
#6381=CARTESIAN_POINT('',(3.777348659662E1,2.120675276617E0,-1.12E1));
#6382=LINE('',#6381,#6380);
#6383=CARTESIAN_POINT('',(3.323220533547E1,2.371556984937E0,-1.38E1));
#6384=DIRECTION('',(0.E0,0.E0,1.E0));
#6385=DIRECTION('',(1.E0,0.E0,0.E0));
#6386=AXIS2_PLACEMENT_3D('',#6383,#6384,#6385);
#6388=CARTESIAN_POINT('',(3.599878128907E1,3.531754163412E0,-1.38E1));
#6389=CARTESIAN_POINT('',(3.597207818852E1,3.595429681032E0,-1.38E1));
#6390=CARTESIAN_POINT('',(3.591364329565E1,3.722793965683E0,-1.381175780395E1));
#6391=CARTESIAN_POINT('',(3.580557474290E1,3.918913664446E0,-1.387034359072E1));
#6392=CARTESIAN_POINT('',(3.568844489587E1,4.098009921175E0,-1.396767381259E1));
#6393=CARTESIAN_POINT('',(3.557416326418E1,4.249118500130E0,-1.409447187009E1));
#6394=CARTESIAN_POINT('',(3.547333550250E1,4.367404822381E0,-1.424071688435E1));
#6395=CARTESIAN_POINT('',(3.539463174342E1,4.451650890335E0,-1.439587743037E1));
#6396=CARTESIAN_POINT('',(3.535974228462E1,4.486726315692E0,-1.449859124188E1));
#6397=CARTESIAN_POINT('',(3.534637901135E1,4.499999999963E0,-1.455E1));
#6399=CARTESIAN_POINT('',(3.323220533547E1,2.371556984937E0,-1.455E1));
#6400=DIRECTION('',(0.E0,0.E0,1.E0));
#6401=DIRECTION('',(7.047245586269E-1,7.094810050086E-1,0.E0));
#6402=AXIS2_PLACEMENT_3D('',#6399,#6400,#6401);
#6404=CARTESIAN_POINT('',(3.323220533547E1,2.371556984937E0,-1.045E1));
#6405=DIRECTION('',(0.E0,0.E0,-1.E0));
#6406=DIRECTION('',(3.303504247281E-1,9.438583563660E-1,0.E0));
#6407=AXIS2_PLACEMENT_3D('',#6404,#6405,#6406);
#6409=CARTESIAN_POINT('',(3.534637901128E1,4.500000000030E0,-1.045E1));
#6410=CARTESIAN_POINT('',(3.536197834441E1,4.484505246717E0,-1.051001092154E1));
#6411=CARTESIAN_POINT('',(3.540409436010E1,4.442144535174E0,-1.062943307117E1));
#6412=CARTESIAN_POINT('',(3.550330497530E1,4.334247038258E0,-1.080984099674E1));
#6413=CARTESIAN_POINT('',(3.562957363004E1,4.179560488653E0,-1.097325896213E1));
#6414=CARTESIAN_POINT('',(3.576674259288E1,3.983369742894E0,-1.110292474767E1));
#6415=CARTESIAN_POINT('',(3.589740951039E1,3.756741542403E0,-1.118361608224E1));
#6416=CARTESIAN_POINT('',(3.596707715516E1,3.607355014839E0,-1.12E1));
#6417=CARTESIAN_POINT('',(3.599878128904E1,3.531754163478E0,-1.12E1));
#6419=CARTESIAN_POINT('',(3.323220533547E1,2.371556984937E0,-1.12E1));
#6420=DIRECTION('',(0.E0,0.E0,-1.E0));
#6421=DIRECTION('',(9.221919845254E-1,3.867323928470E-1,0.E0));
#6422=AXIS2_PLACEMENT_3D('',#6419,#6420,#6421);
#6424=DIRECTION('',(1.E0,0.E0,0.E0));
#6425=VECTOR('',#6424,1.541281261157E0);
#6426=CARTESIAN_POINT('',(3.623220533547E1,2.120675276617E0,-1.38E1));
#6427=LINE('',#6426,#6425);
#6428=DIRECTION('',(1.E0,2.963609404891E-11,0.E0));
#6429=VECTOR('',#6428,1.233424046396E0);
#6430=CARTESIAN_POINT('',(3.599878128907E1,3.531754163412E0,-1.38E1));
#6431=LINE('',#6430,#6429);
#6432=CARTESIAN_POINT('',(3.723220533547E1,3.531754163412E0,-1.48E1));
#6433=DIRECTION('',(-1.E0,-1.978324431394E-13,0.E0));
#6434=DIRECTION('',(0.E0,3.631006606497E-11,1.E0));
#6435=AXIS2_PLACEMENT_3D('',#6432,#6433,#6434);
#6437=CARTESIAN_POINT('',(3.723220533547E1,4.E0,-1.391640176748E1));
#6438=CARTESIAN_POINT('',(3.734733451987E1,4.115129184404E0,-1.397741225763E1));
#6439=CARTESIAN_POINT('',(3.754821194036E1,4.316006604896E0,-1.414063589127E1));
#6440=CARTESIAN_POINT('',(3.769003499591E1,4.457829660438E0,-1.438667497731E1));
#6441=CARTESIAN_POINT('',(3.773220533543E1,4.499999999966E0,-1.455000000001E1));
#6443=DIRECTION('',(1.E0,1.537635873838E-11,-1.469584392689E-11));
#6444=VECTOR('',#6443,2.385826324130E0);
#6445=CARTESIAN_POINT('',(3.534637901135E1,4.499999999963E0,-1.455E1));
#6446=LINE('',#6445,#6444);
#6447=DIRECTION('',(4.290568145683E-1,-9.032775043543E-1,0.E0));
#6448=VECTOR('',#6447,2.214158982548E0);
#6449=CARTESIAN_POINT('',(3.878220533547E1,7.909557428548E0,-1.455E1));
#6450=LINE('',#6449,#6448);
#6451=DIRECTION('',(-1.E0,0.E0,0.E0));
#6452=VECTOR('',#6451,2.522053354677E-1);
#6453=CARTESIAN_POINT('',(3.878220533547E1,7.909557428548E0,-1.455E1));
#6454=LINE('',#6453,#6452);
#6455=DIRECTION('',(0.E0,-1.E0,0.E0));
#6456=VECTOR('',#6455,1.792647906920E0);
#6457=CARTESIAN_POINT('',(3.853E1,9.702205335468E0,-1.455E1));
#6458=LINE('',#6457,#6456);
#6459=DIRECTION('',(0.E0,1.E0,0.E0));
#6460=VECTOR('',#6459,2.5E0);
#6461=CARTESIAN_POINT('',(2.001E1,8.E0,-1.455E1));
#6462=LINE('',#6461,#6460);
#6463=DIRECTION('',(0.E0,0.E0,1.E0));
#6464=VECTOR('',#6463,4.1E0);
#6465=CARTESIAN_POINT('',(3.422325660965E1,5.203132054035E0,-1.455E1));
#6466=LINE('',#6465,#6464);
#6467=DIRECTION('',(-9.438583563660E-1,3.303504247281E-1,0.E0));
#6468=VECTOR('',#6467,8.466367035146E0);
#6469=CARTESIAN_POINT('',(3.422325660965E1,5.203132054035E0,-1.455E1));
#6470=LINE('',#6469,#6468);
#6471=DIRECTION('',(9.438583563660E-1,-3.303504247281E-1,0.E0));
#6472=VECTOR('',#6471,8.466367035146E0);
#6473=CARTESIAN_POINT('',(2.623220533547E1,8.E0,-1.045E1));
#6474=LINE('',#6473,#6472);
#6475=DIRECTION('',(0.E0,0.E0,1.E0));
#6476=VECTOR('',#6475,4.1E0);
#6477=CARTESIAN_POINT('',(3.973220533547E1,5.909557428548E0,-1.455E1));
#6478=LINE('',#6477,#6476);
#6479=DIRECTION('',(0.E0,1.E0,0.E0));
#6480=VECTOR('',#6479,1.409557428548E0);
#6481=CARTESIAN_POINT('',(3.973220533547E1,4.5E0,-1.455E1));
#6482=LINE('',#6481,#6480);
#6483=DIRECTION('',(0.E0,1.E0,0.E0));
#6484=VECTOR('',#6483,1.409557428548E0);
#6485=CARTESIAN_POINT('',(3.973220533547E1,4.5E0,-1.045E1));
#6486=LINE('',#6485,#6484);
#6487=DIRECTION('',(0.E0,0.E0,1.E0));
#6488=VECTOR('',#6487,1.78E0);
#6489=CARTESIAN_POINT('',(3.973220533547E1,5.909557428548E0,3.450000000001E0));
#6490=LINE('',#6489,#6488);
#6491=DIRECTION('',(0.E0,1.E0,0.E0));
#6492=VECTOR('',#6491,1.409557428548E0);
#6493=CARTESIAN_POINT('',(3.973220533547E1,4.5E0,3.450000000001E0));
#6494=LINE('',#6493,#6492);
#6495=DIRECTION('',(0.E0,1.E0,0.E0));
#6496=VECTOR('',#6495,4.E0);
#6497=CARTESIAN_POINT('',(3.973220533547E1,4.5E0,7.010000000001E0));
#6498=LINE('',#6497,#6496);
#6499=DIRECTION('',(0.E0,0.E0,-1.E0));
#6500=VECTOR('',#6499,1.78E0);
#6501=CARTESIAN_POINT('',(3.973220533547E1,8.5E0,7.010000000001E0));
#6502=LINE('',#6501,#6500);
#6503=DIRECTION('',(0.E0,0.E0,1.E0));
#6504=VECTOR('',#6503,4.1E0);
#6505=CARTESIAN_POINT('',(3.878220533547E1,7.909557428548E0,-1.455E1));
#6506=LINE('',#6505,#6504);
#6507=DIRECTION('',(0.E0,0.E0,1.E0));
#6508=VECTOR('',#6507,1.78E0);
#6509=CARTESIAN_POINT('',(3.878220533547E1,7.909557428548E0,3.450000000001E0));
#6510=LINE('',#6509,#6508);
#6511=DIRECTION('',(-1.E0,0.E0,-4.786421195982E-14));
#6512=VECTOR('',#6511,1.039147819773E0);
#6513=CARTESIAN_POINT('',(3.956914781977E1,7.909557428548E0,-2.905E1));
#6514=LINE('',#6513,#6512);
#6515=DIRECTION('',(0.E0,1.E0,0.E0));
#6516=VECTOR('',#6515,1.595551573850E0);
#6517=CARTESIAN_POINT('',(3.853E1,7.909557428548E0,-2.905E1));
#6518=LINE('',#6517,#6516);
#6519=CARTESIAN_POINT('',(3.373220533547E1,7.909557428548E0,-2.766071873441E1));
#6520=DIRECTION('',(0.E0,1.E0,0.E0));
#6521=DIRECTION('',(9.913099510215E-1,0.E0,-1.315468775978E-1));
#6522=AXIS2_PLACEMENT_3D('',#6519,#6520,#6521);
#6524=DIRECTION('',(0.E0,1.E0,0.E0));
#6525=VECTOR('',#6524,5.904425714523E-1);
#6526=CARTESIAN_POINT('',(3.956914781977E1,7.909557428548E0,-2.905E1));
#6527=LINE('',#6526,#6525);
#6528=CARTESIAN_POINT('',(3.373220533547E1,8.5E0,-2.766071873441E1));
#6529=DIRECTION('',(0.E0,1.E0,0.E0));
#6530=DIRECTION('',(9.728237473842E-1,0.E0,-2.315468775978E-1));
#6531=AXIS2_PLACEMENT_3D('',#6528,#6529,#6530);
#6533=DIRECTION('',(4.134097508747E-10,-1.E0,-5.151434834234E-12));
#6534=VECTOR('',#6533,4.000000000021E0);
#6535=CARTESIAN_POINT('',(3.373220533381E1,8.500000000021E0,-3.366071873439E1));
#6536=LINE('',#6535,#6534);
#6537=DIRECTION('',(0.E0,1.E0,0.E0));
#6538=VECTOR('',#6537,3.409557428548E0);
#6539=CARTESIAN_POINT('',(3.968006504160E1,4.5E0,-2.845E1));
#6540=LINE('',#6539,#6538);
#6541=CARTESIAN_POINT('',(3.853E1,9.505109002398E0,-2.905E1));
#6542=CARTESIAN_POINT('',(3.853E1,9.533220142180E0,-2.894893185598E1));
#6543=CARTESIAN_POINT('',(3.853E1,9.583477014827E0,-2.874787671229E1));
#6544=CARTESIAN_POINT('',(3.853E1,9.621656203681E0,-2.854893918812E1));
#6545=CARTESIAN_POINT('',(3.853E1,9.637716733959E0,-2.845E1));
#6547=CARTESIAN_POINT('',(3.765356161663E1,1.05E1,-2.845E1));
#6548=CARTESIAN_POINT('',(3.779398657115E1,1.036233593063E1,-2.845E1));
#6549=CARTESIAN_POINT('',(3.808045435729E1,1.008092710637E1,-2.845E1));
#6550=CARTESIAN_POINT('',(3.837825147875E1,9.787452610246E0,-2.845E1));
#6551=CARTESIAN_POINT('',(3.853E1,9.637716733959E0,-2.845E1));
#6553=CARTESIAN_POINT('',(3.853E1,9.505109002398E0,-2.905E1));
#6554=CARTESIAN_POINT('',(3.869441016865E1,9.347186391013E0,-2.905E1));
#6555=CARTESIAN_POINT('',(3.903196548053E1,9.021697428217E0,-2.905E1));
#6556=CARTESIAN_POINT('',(3.938713223682E1,8.677069081495E0,-2.905E1));
#6557=CARTESIAN_POINT('',(3.956914781977E1,8.5E0,-2.905E1));
#6559=DIRECTION('',(-6.495660912677E-11,-7.071067811865E-1,-7.071067811865E-1));
#6560=VECTOR('',#6559,2.828427124743E0);
#6561=CARTESIAN_POINT('',(3.373220533400E1,1.050000000002E1,-3.166071873439E1));
#6562=LINE('',#6561,#6560);
#6563=DIRECTION('',(5.977153579118E-11,-7.071067811865E-1,-7.071067811865E-1));
#6564=VECTOR('',#6563,2.828427124744E0);
#6565=CARTESIAN_POINT('',(-4.569196200955E1,1.050000000001E1,
-3.166071873440E1));
#6566=LINE('',#6565,#6564);
#6567=DIRECTION('',(-7.071067811865E-1,-7.071067811865E-1,6.495912127471E-11));
#6568=VECTOR('',#6567,2.828427124743E0);
#6569=CARTESIAN_POINT('',(-4.969196201088E1,1.050000000002E1,
-2.766071873294E1));
#6570=LINE('',#6569,#6568);
#6571=DIRECTION('',(3.804156989406E-10,1.E0,2.986055847023E-12));
#6572=VECTOR('',#6571,4.000000000012E0);
#6573=CARTESIAN_POINT('',(-4.569196201090E1,4.5E0,-3.366071873441E1));
#6574=LINE('',#6573,#6572);
#6575=CARTESIAN_POINT('',(-4.569196201090E1,8.5E0,-2.766071873441E1));
#6576=DIRECTION('',(0.E0,1.E0,0.E0));
#6577=DIRECTION('',(0.E0,0.E0,-1.E0));
#6578=AXIS2_PLACEMENT_3D('',#6575,#6576,#6577);
#6580=DIRECTION('',(-5.149658477395E-12,-1.E0,-4.134097508747E-10));
#6581=VECTOR('',#6580,4.000000000021E0);
#6582=CARTESIAN_POINT('',(-5.169196201088E1,8.500000000021E0,
-2.766071873276E1));
#6583=LINE('',#6582,#6581);
#6584=DIRECTION('',(-1.E0,-1.090091785014E-13,-1.090539093912E-13));
#6585=VECTOR('',#6584,7.942416734319E1);
#6586=CARTESIAN_POINT('',(3.373220533381E1,8.500000000021E0,-3.366071873439E1));
#6587=LINE('',#6586,#6585);
#6588=DIRECTION('',(-4.290568145683E-1,9.032775043543E-1,0.E0));
#6589=VECTOR('',#6588,2.214158982548E0);
#6590=CARTESIAN_POINT('',(3.973220533547E1,5.909557428548E0,5.230000000001E0));
#6591=LINE('',#6590,#6589);
#6592=DIRECTION('',(-1.E0,0.E0,0.E0));
#6593=VECTOR('',#6592,2.522053354677E-1);
#6594=CARTESIAN_POINT('',(3.878220533547E1,7.909557428548E0,5.230000000001E0));
#6595=LINE('',#6594,#6593);
#6596=DIRECTION('',(0.E0,1.E0,0.E0));
#6597=VECTOR('',#6596,2.590442571452E0);
#6598=CARTESIAN_POINT('',(3.973220533547E1,5.909557428548E0,5.230000000001E0));
#6599=LINE('',#6598,#6597);
#6600=DIRECTION('',(0.E0,1.E0,0.E0));
#6601=VECTOR('',#6600,1.792647906920E0);
#6602=CARTESIAN_POINT('',(3.853E1,7.909557428548E0,5.230000000001E0));
#6603=LINE('',#6602,#6601);
#6604=DIRECTION('',(-7.071067811865E-1,7.071067811865E-1,0.E0));
#6605=VECTOR('',#6604,1.700175090176E0);
#6606=CARTESIAN_POINT('',(3.973220533547E1,8.5E0,5.230000000001E0));
#6607=LINE('',#6606,#6605);
#6608=DIRECTION('',(7.071067811865E-1,-7.071067811865E-1,0.E0));
#6609=VECTOR('',#6608,2.828427124746E0);
#6610=CARTESIAN_POINT('',(3.773220533547E1,1.05E1,7.010000000001E0));
#6611=LINE('',#6610,#6609);
#6612=DIRECTION('',(7.071067811865E-1,-7.071067811865E-1,0.E0));
#6613=VECTOR('',#6612,1.128252034570E0);
#6614=CARTESIAN_POINT('',(3.773220533547E1,1.05E1,3.450000000001E0));
#6615=LINE('',#6614,#6613);
#6616=DIRECTION('',(0.E0,0.E0,1.E0));
#6617=VECTOR('',#6616,1.78E0);
#6618=CARTESIAN_POINT('',(3.853E1,9.702205335468E0,3.450000000001E0));
#6619=LINE('',#6618,#6617);
#6620=DIRECTION('',(0.E0,0.E0,1.E0));
#6621=VECTOR('',#6620,4.1E0);
#6622=CARTESIAN_POINT('',(3.853E1,9.702205335468E0,-1.455E1));
#6623=LINE('',#6622,#6621);
#6624=DIRECTION('',(7.071067811865E-1,-7.071067811865E-1,0.E0));
#6625=VECTOR('',#6624,1.128252034570E0);
#6626=CARTESIAN_POINT('',(3.773220533547E1,1.05E1,-1.045E1));
#6627=LINE('',#6626,#6625);
#6628=DIRECTION('',(7.071067811865E-1,-7.071067811865E-1,0.E0));
#6629=VECTOR('',#6628,1.128252034570E0);
#6630=CARTESIAN_POINT('',(3.773220533547E1,1.05E1,-1.455E1));
#6631=LINE('',#6630,#6629);
#6632=DIRECTION('',(0.E0,1.E0,0.E0));
#6633=VECTOR('',#6632,2.5E0);
#6634=CARTESIAN_POINT('',(2.001E1,8.E0,-2.845E1));
#6635=LINE('',#6634,#6633);
#6636=DIRECTION('',(0.E0,1.E0,0.E0));
#6637=VECTOR('',#6636,1.719465423128E-1);
#6638=CARTESIAN_POINT('',(3.723220533547E1,3.359807621135E0,6.260000000001E0));
#6639=LINE('',#6638,#6637);
#6640=DIRECTION('',(0.E0,0.E0,-1.E0));
#6641=VECTOR('',#6640,2.292803534931E0);
#6642=CARTESIAN_POINT('',(3.723220533547E1,4.E0,6.376401767472E0));
#6643=LINE('',#6642,#6641);
#6644=DIRECTION('',(4.132346752675E-14,1.E0,-1.033086688169E-14));
#6645=VECTOR('',#6644,1.719465423128E-1);
#6646=CARTESIAN_POINT('',(3.723220533547E1,3.359807621135E0,4.200000000001E0));
#6647=LINE('',#6646,#6645);
#6648=DIRECTION('',(0.E0,0.E0,1.E0));
#6649=VECTOR('',#6648,2.06E0);
#6650=CARTESIAN_POINT('',(3.723220533547E1,3.359807621135E0,4.200000000001E0));
#6651=LINE('',#6650,#6649);
#6652=DIRECTION('',(0.E0,1.E0,-1.033086688169E-14));
#6653=VECTOR('',#6652,1.719465423128E-1);
#6654=CARTESIAN_POINT('',(3.723220533547E1,3.359807621135E0,-1.12E1));
#6655=LINE('',#6654,#6653);
#6656=DIRECTION('',(0.E0,0.E0,-1.E0));
#6657=VECTOR('',#6656,2.832803534919E0);
#6658=CARTESIAN_POINT('',(3.723220533547E1,4.E0,-1.108359823256E1));
#6659=LINE('',#6658,#6657);
#6660=DIRECTION('',(0.E0,1.E0,0.E0));
#6661=VECTOR('',#6660,1.719465423128E-1);
#6662=CARTESIAN_POINT('',(3.723220533547E1,3.359807621135E0,-1.38E1));
#6663=LINE('',#6662,#6661);
#6664=DIRECTION('',(0.E0,0.E0,1.E0));
#6665=VECTOR('',#6664,2.6E0);
#6666=CARTESIAN_POINT('',(3.723220533547E1,3.359807621135E0,-1.38E1));
#6667=LINE('',#6666,#6665);
#6668=DIRECTION('',(2.013869720182E-12,3.032780019640E-12,-1.E0));
#6669=VECTOR('',#6668,3.559999999986E0);
#6670=CARTESIAN_POINT('',(3.773220533546E1,4.499999999989E0,7.009999999983E0));
#6671=LINE('',#6670,#6669);
#6672=DIRECTION('',(4.871550317607E-12,0.E0,-1.E0));
#6673=VECTOR('',#6672,4.100000000006E0);
#6674=CARTESIAN_POINT('',(3.773220533546E1,4.5E0,-1.045000000003E1));
#6675=LINE('',#6674,#6673);
#6676=DIRECTION('',(-8.660254037844E-1,5.E-1,0.E0));
#6677=VECTOR('',#6676,6.928203230276E-1);
#6678=CARTESIAN_POINT('',(3.783220533547E1,3.013397459622E0,-1.12E1));
#6679=LINE('',#6678,#6677);
#6680=DIRECTION('',(-8.660254037844E-1,5.E-1,0.E0));
#6681=VECTOR('',#6680,6.928203230276E-1);
#6682=CARTESIAN_POINT('',(3.783220533547E1,3.013397459622E0,-1.38E1));
#6683=LINE('',#6682,#6681);
#6684=DIRECTION('',(0.E0,0.E0,1.E0));
#6685=VECTOR('',#6684,2.6E0);
#6686=CARTESIAN_POINT('',(3.783220533547E1,3.013397459622E0,-1.38E1));
#6687=LINE('',#6686,#6685);
#6688=DIRECTION('',(-8.660254037844E-1,5.E-1,0.E0));
#6689=VECTOR('',#6688,6.928203230276E-1);
#6690=CARTESIAN_POINT('',(3.783220533547E1,3.013397459622E0,6.260000000001E0));
#6691=LINE('',#6690,#6689);
#6692=DIRECTION('',(-8.660254037844E-1,5.E-1,0.E0));
#6693=VECTOR('',#6692,6.928203230276E-1);
#6694=CARTESIAN_POINT('',(3.783220533547E1,3.013397459622E0,4.200000000001E0));
#6695=LINE('',#6694,#6693);
#6696=DIRECTION('',(0.E0,0.E0,1.E0));
#6697=VECTOR('',#6696,2.06E0);
#6698=CARTESIAN_POINT('',(3.783220533547E1,3.013397459622E0,4.200000000001E0));
#6699=LINE('',#6698,#6697);
#6700=DIRECTION('',(0.E0,1.E0,0.E0));
#6701=VECTOR('',#6700,8.434513108983E-1);
#6702=CARTESIAN_POINT('',(3.783220533547E1,2.169946148723E0,-1.12E1));
#6703=LINE('',#6702,#6701);
#6704=DIRECTION('',(0.E0,1.E0,0.E0));
#6705=VECTOR('',#6704,8.434513108983E-1);
#6706=CARTESIAN_POINT('',(3.783220533547E1,2.169946148723E0,-1.38E1));
#6707=LINE('',#6706,#6705);
#6708=DIRECTION('',(0.E0,0.E0,1.E0));
#6709=VECTOR('',#6708,2.6E0);
#6710=CARTESIAN_POINT('',(3.783220533547E1,2.169946148723E0,-1.38E1));
#6711=LINE('',#6710,#6709);
#6712=DIRECTION('',(0.E0,1.E0,0.E0));
#6713=VECTOR('',#6712,8.434513108983E-1);
#6714=CARTESIAN_POINT('',(3.783220533547E1,2.169946148723E0,6.260000000001E0));
#6715=LINE('',#6714,#6713);
#6716=DIRECTION('',(0.E0,1.E0,0.E0));
#6717=VECTOR('',#6716,8.434513108983E-1);
#6718=CARTESIAN_POINT('',(3.783220533547E1,2.169946148723E0,4.200000000001E0));
#6719=LINE('',#6718,#6717);
#6720=DIRECTION('',(0.E0,0.E0,1.E0));
#6721=VECTOR('',#6720,2.06E0);
#6722=CARTESIAN_POINT('',(3.783220533547E1,2.169946148723E0,4.200000000001E0));
#6723=LINE('',#6722,#6721);
#6724=DIRECTION('',(-6.444004775718E-1,-5.407162030609E-1,-5.407162030609E-1));
#6725=VECTOR('',#6724,9.246994951687E-1);
#6726=CARTESIAN_POINT('',(3.777348659662E1,2.120675276617E0,6.260000000001E0));
#6727=LINE('',#6726,#6725);
#6728=DIRECTION('',(7.660444431189E-1,6.427876096866E-1,0.E0));
#6729=VECTOR('',#6728,7.665186970581E-2);
#6730=CARTESIAN_POINT('',(3.777348659662E1,2.120675276617E0,6.260000000001E0));
#6731=LINE('',#6730,#6729);
#6732=DIRECTION('',(7.660444431189E-1,6.427876096866E-1,1.158717227784E-14));
#6733=VECTOR('',#6732,7.665186970581E-2);
#6734=CARTESIAN_POINT('',(3.777348659662E1,2.120675276617E0,4.200000000001E0));
#6735=LINE('',#6734,#6733);
#6736=DIRECTION('',(6.444004775718E-1,5.407162030609E-1,-5.407162030609E-1));
#6737=VECTOR('',#6736,9.246994951687E-1);
#6738=CARTESIAN_POINT('',(3.717760980033E1,1.620675276617E0,4.700000000001E0));
#6739=LINE('',#6738,#6737);
#6740=DIRECTION('',(0.E0,0.E0,1.E0));
#6741=VECTOR('',#6740,1.06E0);
#6742=CARTESIAN_POINT('',(3.717760980033E1,1.620675276617E0,4.700000000001E0));
#6743=LINE('',#6742,#6741);
#6744=DIRECTION('',(6.444004775718E-1,5.407162030609E-1,-5.407162030609E-1));
#6745=VECTOR('',#6744,9.246994951687E-1);
#6746=CARTESIAN_POINT('',(3.717760980033E1,1.620675276617E0,-1.33E1));
#6747=LINE('',#6746,#6745);
#6748=DIRECTION('',(0.E0,0.E0,1.E0));
#6749=VECTOR('',#6748,1.6E0);
#6750=CARTESIAN_POINT('',(3.717760980033E1,1.620675276617E0,-1.33E1));
#6751=LINE('',#6750,#6749);
#6752=DIRECTION('',(-6.444004775718E-1,-5.407162030609E-1,-5.407162030609E-1));
#6753=VECTOR('',#6752,9.246994951687E-1);
#6754=CARTESIAN_POINT('',(3.777348659662E1,2.120675276617E0,-1.12E1));
#6755=LINE('',#6754,#6753);
#6756=DIRECTION('',(7.660444431190E-1,6.427876096865E-1,2.317434455569E-14));
#6757=VECTOR('',#6756,7.665186970582E-2);
#6758=CARTESIAN_POINT('',(3.777348659662E1,2.120675276617E0,-1.12E1));
#6759=LINE('',#6758,#6757);
#6760=DIRECTION('',(7.660444431190E-1,6.427876096865E-1,0.E0));
#6761=VECTOR('',#6760,7.665186970582E-2);
#6762=CARTESIAN_POINT('',(3.777348659662E1,2.120675276617E0,-1.38E1));
#6763=LINE('',#6762,#6761);
#6764=DIRECTION('',(0.E0,1.E0,0.E0));
#6765=VECTOR('',#6764,2.5E0);
#6766=CARTESIAN_POINT('',(2.001E1,8.E0,-1.045E1));
#6767=LINE('',#6766,#6765);
#6768=CARTESIAN_POINT('',(3.708598633760E1,1.620675276617E0,-2.845E1));
#6769=CARTESIAN_POINT('',(3.709219502598E1,1.625746443251E0,-2.845E1));
#6770=CARTESIAN_POINT('',(3.710462607491E1,1.635901421728E0,-2.845E1));
#6771=CARTESIAN_POINT('',(3.712331374425E1,1.651171849641E0,-2.845E1));
#6772=CARTESIAN_POINT('',(3.713579948138E1,1.661377328205E0,-2.845E1));
#6773=CARTESIAN_POINT('',(3.714204918582E1,1.666486370017E0,-2.845E1));
#6775=CARTESIAN_POINT('',(3.373220533547E1,1.666486370017E0,-2.766071873441E1));
#6776=DIRECTION('',(0.E0,-1.E0,0.E0));
#6777=DIRECTION('',(0.E0,0.E0,-1.E0));
#6778=AXIS2_PLACEMENT_3D('',#6775,#6776,#6777);
#6780=DIRECTION('',(9.969813702393E-14,6.427876096865E-1,-7.660444431190E-1));
#6781=VECTOR('',#6780,7.126940953666E-2);
#6782=CARTESIAN_POINT('',(3.373220533547E1,1.620675276617E0,-3.110612319927E1));
#6783=LINE('',#6782,#6781);
#6784=CARTESIAN_POINT('',(3.373220533547E1,1.620675276617E0,-2.766071873441E1));
#6785=DIRECTION('',(0.E0,-1.E0,0.E0));
#6786=DIRECTION('',(0.E0,0.E0,-1.E0));
#6787=AXIS2_PLACEMENT_3D('',#6784,#6785,#6786);
#6789=DIRECTION('',(0.E0,-1.E0,0.E0));
#6790=VECTOR('',#6789,5.379324723383E0);
#6791=CARTESIAN_POINT('',(3.610434257513E1,7.E0,-2.845E1));
#6792=LINE('',#6791,#6790);
#6793=DIRECTION('',(5.768706604816E-10,-1.E0,-1.419678810362E-11));
#6794=VECTOR('',#6793,5.379324723459E0);
#6795=CARTESIAN_POINT('',(3.373220533236E1,7.000000000076E0,-3.016071873434E1));
#6796=LINE('',#6795,#6794);
#6797=CARTESIAN_POINT('',(3.373220533547E1,7.E0,-2.766071873441E1));
#6798=DIRECTION('',(0.E0,1.E0,0.E0));
#6799=DIRECTION('',(9.488548958650E-1,0.E0,-3.157125062347E-1));
#6800=AXIS2_PLACEMENT_3D('',#6797,#6798,#6799);
#6802=CARTESIAN_POINT('',(3.500775818964E1,8.E0,-2.845E1));
#6803=CARTESIAN_POINT('',(3.511160606801E1,7.911691028230E0,-2.845E1));
#6804=CARTESIAN_POINT('',(3.533081834450E1,7.719326654534E0,-2.845E1));
#6805=CARTESIAN_POINT('',(3.569509708407E1,7.385955811589E0,-2.845E1));
#6806=CARTESIAN_POINT('',(3.596362397214E1,7.133521535387E0,-2.845E1));
#6807=CARTESIAN_POINT('',(3.610434257513E1,7.E0,-2.845E1));
#6809=DIRECTION('',(-1.121212121213E-1,-9.936945374674E-1,0.E0));
#6810=VECTOR('',#6809,2.897595402629E0);
#6811=CARTESIAN_POINT('',(1.820808026357E0,4.5E0,2.565E1));
#6812=LINE('',#6811,#6810);
#6813=DIRECTION('',(0.E0,0.E0,-1.E0));
#6814=VECTOR('',#6813,1.189281265587E0);
#6815=CARTESIAN_POINT('',(1.820808026357E0,4.5E0,2.683928126559E1));
#6816=LINE('',#6815,#6814);
#6817=CARTESIAN_POINT('',(3.717118267309E1,1.666486370017E0,2.349E1));
#6818=CARTESIAN_POINT('',(3.716498951304E1,1.661380296033E0,2.349E1));
#6819=CARTESIAN_POINT('',(3.715261492789E1,1.651178776698E0,2.349E1));
#6820=CARTESIAN_POINT('',(3.713408817897E1,1.635908349711E0,2.349E1));
#6821=CARTESIAN_POINT('',(3.712176054645E1,1.625749413312E0,2.349E1));
#6822=CARTESIAN_POINT('',(3.711560260081E1,1.620675276617E0,2.349E1));
#6824=CARTESIAN_POINT('',(3.373220533547E1,1.620675276617E0,2.283928126559E1));
#6825=DIRECTION('',(0.E0,-1.E0,0.E0));
#6826=DIRECTION('',(9.820029258843E-1,0.E0,1.888657024306E-1));
#6827=AXIS2_PLACEMENT_3D('',#6824,#6825,#6826);
#6829=CARTESIAN_POINT('',(3.373220533547E1,1.666486370017E0,2.283928126559E1));
#6830=DIRECTION('',(0.E0,-1.E0,0.E0));
#6831=DIRECTION('',(9.825649536065E-1,0.E0,1.859196384038E-1));
#6832=AXIS2_PLACEMENT_3D('',#6829,#6830,#6831);
#6834=DIRECTION('',(0.E0,0.E0,-1.E0));
#6835=VECTOR('',#6834,1.5E0);
#6836=CARTESIAN_POINT('',(-4.444966353989E1,4.5E0,2.683928126559E1));
#6837=LINE('',#6836,#6835);
#6838=DIRECTION('',(0.E0,-1.E0,0.E0));
#6839=VECTOR('',#6838,2.01E0);
#6840=CARTESIAN_POINT('',(-2.43E1,6.51E0,2.758928126559E1));
#6841=LINE('',#6840,#6839);
#6842=DIRECTION('',(0.E0,0.E0,-1.E0));
#6843=VECTOR('',#6842,2.25E0);
#6844=CARTESIAN_POINT('',(-2.43E1,6.51E0,2.758928126559E1));
#6845=LINE('',#6844,#6843);
#6846=CARTESIAN_POINT('',(-2.33E1,6.51E0,2.758928126559E1));
#6847=DIRECTION('',(0.E0,0.E0,-1.E0));
#6848=DIRECTION('',(-1.E0,0.E0,0.E0));
#6849=AXIS2_PLACEMENT_3D('',#6846,#6847,#6848);
#6851=CARTESIAN_POINT('',(-2.33E1,7.51E0,2.482928126559E1));
#6852=CARTESIAN_POINT('',(-2.341343177129E1,7.51E0,2.482928126559E1));
#6853=CARTESIAN_POINT('',(-2.360622031332E1,7.474494969796E0,2.486478629579E1));
#6854=CARTESIAN_POINT('',(-2.391797441814E1,7.326563792276E0,2.501271747331E1));
#6855=CARTESIAN_POINT('',(-2.408792768592E1,7.149072981004E0,2.519020828458E1));
#6856=CARTESIAN_POINT('',(-2.417172243289E1,7.E0,2.533928126559E1));
#6858=CARTESIAN_POINT('',(-2.33E1,6.51E0,2.533928126559E1));
#6859=DIRECTION('',(0.E0,0.E0,1.E0));
#6860=DIRECTION('',(-8.717224328878E-1,4.900000000001E-1,0.E0));
#6861=AXIS2_PLACEMENT_3D('',#6858,#6859,#6860);
#6863=DIRECTION('',(-1.E0,0.E0,0.E0));
#6864=VECTOR('',#6863,1.36E1);
#6865=CARTESIAN_POINT('',(-9.7E0,7.51E0,2.758928126559E1));
#6866=LINE('',#6865,#6864);
#6867=DIRECTION('',(0.E0,0.E0,-1.E0));
#6868=VECTOR('',#6867,2.76E0);
#6869=CARTESIAN_POINT('',(-9.7E0,7.51E0,2.758928126559E1));
#6870=LINE('',#6869,#6868);
#6871=DIRECTION('',(0.E0,0.E0,-1.E0));
#6872=VECTOR('',#6871,2.76E0);
#6873=CARTESIAN_POINT('',(-2.33E1,7.51E0,2.758928126559E1));
#6874=LINE('',#6873,#6872);
#6875=DIRECTION('',(0.E0,7.071067811865E-1,-7.071067811865E-1));
#6876=VECTOR('',#6875,6.724145447295E-1);
#6877=CARTESIAN_POINT('',(8.85E0,7.E0,2.533928126559E1));
#6878=LINE('',#6877,#6876);
#6879=DIRECTION('',(0.E0,0.E0,-1.E0));
#6880=VECTOR('',#6879,7.861876187598E-1);
#6881=CARTESIAN_POINT('',(8.85E0,7.475468884347E0,2.565E1));
#6882=LINE('',#6881,#6880);
#6883=DIRECTION('',(0.E0,0.E0,1.E0));
#6884=VECTOR('',#6883,7.861876187598E-1);
#6885=CARTESIAN_POINT('',(1.35E0,7.475468884347E0,2.486381238124E1));
#6886=LINE('',#6885,#6884);
#6887=DIRECTION('',(1.E0,0.E0,0.E0));
#6888=VECTOR('',#6887,7.5E0);
#6889=CARTESIAN_POINT('',(1.35E0,7.475468884347E0,2.565E1));
#6890=LINE('',#6889,#6888);
#6891=DIRECTION('',(0.E0,-1.E0,0.E0));
#6892=VECTOR('',#6891,5.379324723383E0);
#6893=CARTESIAN_POINT('',(3.614603323503E1,7.E0,2.349E1));
#6894=LINE('',#6893,#6892);
#6895=CARTESIAN_POINT('',(3.373220533547E1,7.E0,2.283928126559E1));
#6896=DIRECTION('',(0.E0,1.E0,0.E0));
#6897=DIRECTION('',(0.E0,0.E0,1.E0));
#6898=AXIS2_PLACEMENT_3D('',#6895,#6896,#6897);
#6900=DIRECTION('',(-5.232045649264E-1,-5.232045649264E-1,-6.726915834767E-1));
#6901=VECTOR('',#6900,1.911298308609E0);
#6902=CARTESIAN_POINT('',(-4.719196201090E1,8.E0,2.212499555130E1));
#6903=LINE('',#6902,#6901);
#6904=DIRECTION('',(-5.232045649264E-1,-5.232045649264E-1,6.726915834767E-1));
#6905=VECTOR('',#6904,1.911298308609E0);
#6906=CARTESIAN_POINT('',(-4.719196201090E1,8.E0,-2.694643302013E1));
#6907=LINE('',#6906,#6905);
#6908=DIRECTION('',(0.E0,0.E0,1.E0));
#6909=VECTOR('',#6908,4.65E1);
#6910=CARTESIAN_POINT('',(-4.819196201090E1,7.E0,-2.566071873441E1));
#6911=LINE('',#6910,#6909);
#6912=DIRECTION('',(0.E0,-1.E0,0.E0));
#6913=VECTOR('',#6912,5.379324723383E0);
#6914=CARTESIAN_POINT('',(-4.819196201090E1,7.E0,-2.566071873441E1));
#6915=LINE('',#6914,#6913);
#6916=DIRECTION('',(0.E0,-1.E0,0.E0));
#6917=VECTOR('',#6916,5.379324723383E0);
#6918=CARTESIAN_POINT('',(-4.819196201090E1,7.E0,2.083928126559E1));
#6919=LINE('',#6918,#6917);
#6920=CARTESIAN_POINT('',(3.717118267309E1,4.E0,2.349E1));
#6921=CARTESIAN_POINT('',(3.722626372068E1,4.054120706968E0,2.349E1));
#6922=CARTESIAN_POINT('',(3.733731217215E1,4.163322805448E0,2.349E1));
#6923=CARTESIAN_POINT('',(3.750659027888E1,4.330030928969E0,2.349E1));
#6924=CARTESIAN_POINT('',(3.762118257481E1,4.443030638127E0,2.349E1));
#6925=CARTESIAN_POINT('',(3.767892107500E1,4.5E0,2.349E1));
#6927=DIRECTION('',(0.E0,1.E0,0.E0));
#6928=VECTOR('',#6927,4.E0);
#6929=CARTESIAN_POINT('',(3.969681472156E1,4.5E0,2.349E1));
#6930=LINE('',#6929,#6928);
#6931=DIRECTION('',(-3.804139225838E-10,1.E0,-2.986055847023E-12));
#6932=VECTOR('',#6931,4.000000000012E0);
#6933=CARTESIAN_POINT('',(3.373220533547E1,4.5E0,2.883928126559E1));
#6934=LINE('',#6933,#6932);
#6935=CARTESIAN_POINT('',(3.373220533547E1,8.5E0,2.283928126559E1));
#6936=DIRECTION('',(0.E0,1.E0,0.E0));
#6937=DIRECTION('',(0.E0,0.E0,1.E0));
#6938=AXIS2_PLACEMENT_3D('',#6935,#6936,#6937);
#6940=CARTESIAN_POINT('',(3.969681472156E1,8.5E0,2.349E1));
#6941=CARTESIAN_POINT('',(3.945682127787E1,8.738577857807E0,2.349E1));
#6942=CARTESIAN_POINT('',(3.898740155109E1,9.204892997840E0,2.349E1));
#6943=CARTESIAN_POINT('',(3.831411444549E1,9.872417451287E0,2.349E1));
#6944=CARTESIAN_POINT('',(3.788712250689E1,1.029457203294E1,2.349E1));
#6945=CARTESIAN_POINT('',(3.767892107500E1,1.05E1,2.349E1));
#6947=DIRECTION('',(-5.977656008705E-11,-7.071067811865E-1,7.071067811865E-1));
#6948=VECTOR('',#6947,2.828427124744E0);
#6949=CARTESIAN_POINT('',(3.373220533411E1,1.050000000001E1,2.683928126558E1));
#6950=LINE('',#6949,#6948);
#6951=DIRECTION('',(-7.071067811865E-1,-7.071067811865E-1,0.E0));
#6952=VECTOR('',#6951,7.071067811865E-1);
#6953=CARTESIAN_POINT('',(-3.335031983827E1,4.5E0,2.633928126559E1));
#6954=LINE('',#6953,#6952);
#6955=DIRECTION('',(7.071067811865E-1,7.071067811865E-1,0.E0));
#6956=VECTOR('',#6955,7.071067811865E-1);
#6957=CARTESIAN_POINT('',(-3.385031983827E1,4.E0,2.758928126559E1));
#6958=LINE('',#6957,#6956);
#6959=DIRECTION('',(1.E0,0.E0,0.E0));
#6960=VECTOR('',#6959,8.099360323455E0);
#6961=CARTESIAN_POINT('',(-4.194968016173E1,4.E0,2.633928126559E1));
#6962=LINE('',#6961,#6960);
#6963=DIRECTION('',(-1.E0,0.E0,0.E0));
#6964=VECTOR('',#6963,9.099360323455E0);
#6965=CARTESIAN_POINT('',(-3.335031983827E1,4.5E0,2.633928126559E1));
#6966=LINE('',#6965,#6964);
#6967=DIRECTION('',(0.E0,0.E0,1.E0));
#6968=VECTOR('',#6967,1.25E0);
#6969=CARTESIAN_POINT('',(-3.385031983827E1,4.E0,2.633928126559E1));
#6970=LINE('',#6969,#6968);
#6971=DIRECTION('',(0.E0,0.E0,-1.E0));
#6972=VECTOR('',#6971,1.25E0);
#6973=CARTESIAN_POINT('',(-4.194968016173E1,4.E0,2.758928126559E1));
#6974=LINE('',#6973,#6972);
#6975=DIRECTION('',(7.071067811865E-1,-7.071067811865E-1,0.E0));
#6976=VECTOR('',#6975,7.071067811865E-1);
#6977=CARTESIAN_POINT('',(-4.244968016173E1,4.5E0,2.758928126559E1));
#6978=LINE('',#6977,#6976);
#6979=DIRECTION('',(-7.071067811865E-1,7.071067811865E-1,0.E0));
#6980=VECTOR('',#6979,7.071067811865E-1);
#6981=CARTESIAN_POINT('',(-4.194968016173E1,4.E0,2.633928126559E1));
#6982=LINE('',#6981,#6980);
#6983=DIRECTION('',(-1.738415953789E-8,-1.E0,1.738415953789E-8));
#6984=VECTOR('',#6983,9.999987940294E-3);
#6985=CARTESIAN_POINT('',(-4.444968020643E1,4.509999987940E0,2.808928126541E1));
#6986=LINE('',#6985,#6984);
#6987=DIRECTION('',(-3.476827715830E-10,2.411914224737E-8,-1.E0));
#6988=VECTOR('',#6987,4.999999998262E-1);
#6989=CARTESIAN_POINT('',(-4.444968020643E1,4.509999987940E0,2.808928126541E1));
#6990=LINE('',#6989,#6988);
#6991=CARTESIAN_POINT('',(-4.144968020660E1,4.51E0,2.808928126559E1));
#6992=DIRECTION('',(0.E0,0.E0,1.E0));
#6993=DIRECTION('',(0.E0,1.E0,0.E0));
#6994=AXIS2_PLACEMENT_3D('',#6991,#6992,#6993);
#6996=DIRECTION('',(7.298258683684E-9,7.071067811865E-1,7.071067811865E-1));
#6997=VECTOR('',#6996,1.060660171570E0);
#6998=CARTESIAN_POINT('',(-4.144968019499E1,7.509999999778E0,2.808928126537E1));
#6999=LINE('',#6998,#6997);
#7000=DIRECTION('',(-7.108641757771E-9,7.071067811865E-1,7.071067811865E-1));
#7001=VECTOR('',#7000,1.060660171544E0);
#7002=CARTESIAN_POINT('',(-3.435089011816E1,7.509999999750E0,2.808928126534E1));
#7003=LINE('',#7002,#7001);
#7004=DIRECTION('',(-2.322292403854E-8,4.440519065536E-10,-1.E0));
#7005=VECTOR('',#7004,4.999999997780E-1);
#7006=CARTESIAN_POINT('',(-4.144968019499E1,7.509999999778E0,2.808928126537E1));
#7007=LINE('',#7006,#7005);
#7008=DIRECTION('',(-1.E0,3.907525074756E-12,3.907149724136E-12));
#7009=VECTOR('',#7008,7.098790076832E0);
#7010=CARTESIAN_POINT('',(-3.435089011816E1,7.509999999750E0,2.808928126534E1));
#7011=LINE('',#7010,#7009);
#7012=DIRECTION('',(2.261950272661E-8,4.995310834141E-10,-1.E0));
#7013=VECTOR('',#7012,4.999999997502E-1);
#7014=CARTESIAN_POINT('',(-3.435089011816E1,7.509999999750E0,2.808928126534E1));
#7015=LINE('',#7014,#7013);
#7016=CARTESIAN_POINT('',(-3.435089010685E1,4.51E0,2.808928126559E1));
#7017=DIRECTION('',(0.E0,0.E0,1.E0));
#7018=DIRECTION('',(1.E0,0.E0,0.E0));
#7019=AXIS2_PLACEMENT_3D('',#7016,#7017,#7018);
#7021=DIRECTION('',(7.071067811865E-1,-7.640168716297E-9,7.071067811865E-1));
#7022=VECTOR('',#7021,1.060660171615E0);
#7023=CARTESIAN_POINT('',(-3.135089010702E1,4.509999987844E0,2.808928126541E1));
#7024=LINE('',#7023,#7022);
#7025=DIRECTION('',(3.502904634251E-10,2.431086977025E-8,-1.E0));
#7026=VECTOR('',#7025,4.999999998249E-1);
#7027=CARTESIAN_POINT('',(-3.135089010702E1,4.509999987844E0,2.808928126541E1));
#7028=LINE('',#7027,#7026);
#7029=DIRECTION('',(-1.751418918325E-8,1.E0,-1.751383391145E-8));
#7030=VECTOR('',#7029,9.999987844427E-3);
#7031=CARTESIAN_POINT('',(-3.135089010685E1,4.5E0,2.808928126559E1));
#7032=LINE('',#7031,#7030);
#7033=DIRECTION('',(0.E0,1.E0,0.E0));
#7034=VECTOR('',#7033,3.E0);
#7035=CARTESIAN_POINT('',(1.155803798910E1,1.620675276617E0,-2.691071873441E1));
#7036=LINE('',#7035,#7034);
#7037=DIRECTION('',(0.E0,1.E0,0.E0));
#7038=VECTOR('',#7037,3.E0);
#7039=CARTESIAN_POINT('',(1.455803798910E1,1.620675276617E0,-2.691071873441E1));
#7040=LINE('',#7039,#7038);
#7041=CARTESIAN_POINT('',(1.305803798910E1,4.620675276617E0,-2.691071873441E1));
#7042=DIRECTION('',(0.E0,-1.E0,0.E0));
#7043=DIRECTION('',(-1.E0,0.E0,0.E0));
#7044=AXIS2_PLACEMENT_3D('',#7041,#7042,#7043);
#7046=CARTESIAN_POINT('',(1.305803798910E1,4.620675276617E0,-2.691071873441E1));
#7047=DIRECTION('',(0.E0,-1.E0,0.E0));
#7048=DIRECTION('',(1.E0,0.E0,0.E0));
#7049=AXIS2_PLACEMENT_3D('',#7046,#7047,#7048);
#7051=CARTESIAN_POINT('',(-4.039196201090E1,7.837730518240E0,
-2.932298821617E1));
#7052=CARTESIAN_POINT('',(-4.060386937044E1,7.837730518240E0,
-2.932298821617E1));
#7053=CARTESIAN_POINT('',(-4.078224197416E1,7.898437517397E0,
-2.926228121702E1));
#7054=CARTESIAN_POINT('',(-4.093804586784E1,8.E0,-2.916071873441E1));
#7056=CARTESIAN_POINT('',(-4.039196201090E1,8.E0,-2.832298821617E1));
#7057=DIRECTION('',(0.E0,1.E0,0.E0));
#7058=DIRECTION('',(-5.460838569393E-1,0.E0,-8.377305182398E-1));
#7059=AXIS2_PLACEMENT_3D('',#7056,#7057,#7058);
#7061=DIRECTION('',(0.E0,-1.E0,0.E0));
#7062=VECTOR('',#7061,1.65E0);
#7063=CARTESIAN_POINT('',(-4.139226537864E1,9.65E0,-2.759818585762E1));
#7064=LINE('',#7063,#7062);
#7065=DIRECTION('',(-4.185523293800E-4,0.E0,9.999999124070E-1));
#7066=VECTOR('',#7065,7.248024220386E-1);
#7067=CARTESIAN_POINT('',(-4.139196201090E1,9.65E0,-2.832298821617E1));
#7068=LINE('',#7067,#7066);
#7069=DIRECTION('',(0.E0,-1.E0,0.E0));
#7070=VECTOR('',#7069,1.65E0);
#7071=CARTESIAN_POINT('',(-4.139196201090E1,9.65E0,-2.832298821617E1));
#7072=LINE('',#7071,#7070);
#7073=DIRECTION('',(4.185523293800E-4,0.E0,-9.999999124070E-1));
#7074=VECTOR('',#7073,7.248024220386E-1);
#7075=CARTESIAN_POINT('',(-4.139226537864E1,8.E0,-2.759818585762E1));
#7076=LINE('',#7075,#7074);
#7077=DIRECTION('',(7.138062095064E-4,-9.999996603204E-1,4.121162072055E-4));
#7078=VECTOR('',#7077,8.500002887278E-1);
#7079=CARTESIAN_POINT('',(-4.2E1,1.05E1,-2.724871130596E1));
#7080=LINE('',#7079,#7078);
#7081=DIRECTION('',(8.664580281279E-1,0.E0,-4.992499228771E-1));
#7082=VECTOR('',#7081,7.007008604758E-1);
#7083=CARTESIAN_POINT('',(-4.199939326452E1,9.65E0,-2.724836100707E1));
#7084=LINE('',#7083,#7082);
#7085=DIRECTION('',(-8.661892932279E-1,0.E0,4.997160276570E-1));
#7086=VECTOR('',#7085,3.701051095617E0);
#7087=CARTESIAN_POINT('',(-4.139226537864E1,8.E0,-2.759818585762E1));
#7088=LINE('',#7087,#7086);
#7089=DIRECTION('',(0.E0,-1.E0,0.E0));
#7090=VECTOR('',#7089,8.5E-1);
#7091=CARTESIAN_POINT('',(-3.940192378865E1,1.05E1,-2.574871130596E1));
#7092=LINE('',#7091,#7090);
#7093=CARTESIAN_POINT('',(8.598076211353E0,9.65E0,-2.832298821617E1));
#7094=DIRECTION('',(0.E0,-1.E0,0.E0));
#7095=DIRECTION('',(0.E0,0.E0,-1.E0));
#7096=AXIS2_PLACEMENT_3D('',#7093,#7094,#7095);
#7098=DIRECTION('',(-1.E0,0.E0,0.E0));
#7099=VECTOR('',#7098,4.899003822225E1);
#7100=CARTESIAN_POINT('',(8.598076211353E0,9.65E0,-2.932298821617E1));
#7101=LINE('',#7100,#7099);
#7102=CARTESIAN_POINT('',(-4.039196201090E1,9.65E0,-2.832298821617E1));
#7103=DIRECTION('',(0.E0,-1.E0,0.E0));
#7104=DIRECTION('',(-1.E0,0.E0,0.E0));
#7105=AXIS2_PLACEMENT_3D('',#7102,#7103,#7104);
#7107=DIRECTION('',(8.660254037844E-1,0.E0,5.E-1));
#7108=VECTOR('',#7107,2.999299402210E0);
#7109=CARTESIAN_POINT('',(-4.199939326452E1,9.65E0,-2.724836100707E1));
#7110=LINE('',#7109,#7108);
#7111=DIRECTION('',(0.E0,0.E0,-1.E0));
#7112=VECTOR('',#7111,1.779925715523E-1);
#7113=CARTESIAN_POINT('',(-3.940192378865E1,9.65E0,-2.557071873441E1));
#7114=LINE('',#7113,#7112);
#7115=DIRECTION('',(-1.E0,0.E0,0.E0));
#7116=VECTOR('',#7115,1.803847577293E0);
#7117=CARTESIAN_POINT('',(-3.759807621135E1,9.65E0,-2.557071873441E1));
#7118=LINE('',#7117,#7116);
#7119=DIRECTION('',(0.E0,0.E0,-1.E0));
#7120=VECTOR('',#7119,1.779925715523E-1);
#7121=CARTESIAN_POINT('',(-3.759807621135E1,9.65E0,-2.557071873441E1));
#7122=LINE('',#7121,#7120);
#7123=DIRECTION('',(-8.660254037844E-1,0.E0,5.E-1));
#7124=VECTOR('',#7123,3.E0);
#7125=CARTESIAN_POINT('',(-3.5E1,9.65E0,-2.724871130596E1));
#7126=LINE('',#7125,#7124);
#7127=DIRECTION('',(-8.660254037844E-1,0.E0,-5.E-1));
#7128=VECTOR('',#7127,3.E0);
#7129=CARTESIAN_POINT('',(-3.240192378865E1,9.65E0,-2.574871130596E1));
#7130=LINE('',#7129,#7128);
#7131=DIRECTION('',(0.E0,0.E0,-1.E0));
#7132=VECTOR('',#7131,1.779925715523E-1);
#7133=CARTESIAN_POINT('',(-3.240192378865E1,9.65E0,-2.557071873441E1));
#7134=LINE('',#7133,#7132);
#7135=DIRECTION('',(-1.E0,0.E0,0.E0));
#7136=VECTOR('',#7135,1.803847577293E0);
#7137=CARTESIAN_POINT('',(-3.059807621135E1,9.65E0,-2.557071873441E1));
#7138=LINE('',#7137,#7136);
#7139=DIRECTION('',(0.E0,0.E0,-1.E0));
#7140=VECTOR('',#7139,1.779925715523E-1);
#7141=CARTESIAN_POINT('',(-3.059807621135E1,9.65E0,-2.557071873441E1));
#7142=LINE('',#7141,#7140);
#7143=DIRECTION('',(-8.660254037844E-1,0.E0,5.E-1));
#7144=VECTOR('',#7143,3.E0);
#7145=CARTESIAN_POINT('',(-2.8E1,9.65E0,-2.724871130596E1));
#7146=LINE('',#7145,#7144);
#7147=DIRECTION('',(-8.660254037844E-1,0.E0,-5.E-1));
#7148=VECTOR('',#7147,3.E0);
#7149=CARTESIAN_POINT('',(-2.540192378865E1,9.65E0,-2.574871130596E1));
#7150=LINE('',#7149,#7148);
#7151=DIRECTION('',(0.E0,0.E0,-1.E0));
#7152=VECTOR('',#7151,1.779925715523E-1);
#7153=CARTESIAN_POINT('',(-2.540192378865E1,9.65E0,-2.557071873441E1));
#7154=LINE('',#7153,#7152);
#7155=DIRECTION('',(-1.E0,0.E0,0.E0));
#7156=VECTOR('',#7155,1.803847577293E0);
#7157=CARTESIAN_POINT('',(-2.359807621135E1,9.65E0,-2.557071873441E1));
#7158=LINE('',#7157,#7156);
#7159=DIRECTION('',(0.E0,0.E0,-1.E0));
#7160=VECTOR('',#7159,1.779925715523E-1);
#7161=CARTESIAN_POINT('',(-2.359807621135E1,9.65E0,-2.557071873441E1));
#7162=LINE('',#7161,#7160);
#7163=DIRECTION('',(-8.660254037844E-1,0.E0,5.E-1));
#7164=VECTOR('',#7163,3.E0);
#7165=CARTESIAN_POINT('',(-2.1E1,9.65E0,-2.724871130596E1));
#7166=LINE('',#7165,#7164);
#7167=DIRECTION('',(-8.660254037844E-1,0.E0,-5.E-1));
#7168=VECTOR('',#7167,3.E0);
#7169=CARTESIAN_POINT('',(-1.840192378865E1,9.65E0,-2.574871130596E1));
#7170=LINE('',#7169,#7168);
#7171=DIRECTION('',(0.E0,0.E0,-1.E0));
#7172=VECTOR('',#7171,1.779925715523E-1);
#7173=CARTESIAN_POINT('',(-1.840192378865E1,9.65E0,-2.557071873441E1));
#7174=LINE('',#7173,#7172);
#7175=DIRECTION('',(-1.E0,0.E0,0.E0));
#7176=VECTOR('',#7175,1.803847577293E0);
#7177=CARTESIAN_POINT('',(-1.659807621135E1,9.65E0,-2.557071873441E1));
#7178=LINE('',#7177,#7176);
#7179=DIRECTION('',(0.E0,0.E0,-1.E0));
#7180=VECTOR('',#7179,1.779925715523E-1);
#7181=CARTESIAN_POINT('',(-1.659807621135E1,9.65E0,-2.557071873441E1));
#7182=LINE('',#7181,#7180);
#7183=DIRECTION('',(-8.660254037844E-1,0.E0,5.E-1));
#7184=VECTOR('',#7183,3.E0);
#7185=CARTESIAN_POINT('',(-1.4E1,9.65E0,-2.724871130596E1));
#7186=LINE('',#7185,#7184);
#7187=DIRECTION('',(-8.660254037844E-1,0.E0,-5.E-1));
#7188=VECTOR('',#7187,3.E0);
#7189=CARTESIAN_POINT('',(-1.140192378865E1,9.65E0,-2.574871130596E1));
#7190=LINE('',#7189,#7188);
#7191=DIRECTION('',(0.E0,0.E0,-1.E0));
#7192=VECTOR('',#7191,1.779925715523E-1);
#7193=CARTESIAN_POINT('',(-1.140192378865E1,9.65E0,-2.557071873441E1));
#7194=LINE('',#7193,#7192);
#7195=DIRECTION('',(-1.E0,0.E0,0.E0));
#7196=VECTOR('',#7195,1.803847577293E0);
#7197=CARTESIAN_POINT('',(-9.598076211353E0,9.65E0,-2.557071873441E1));
#7198=LINE('',#7197,#7196);
#7199=DIRECTION('',(0.E0,0.E0,-1.E0));
#7200=VECTOR('',#7199,1.779925715523E-1);
#7201=CARTESIAN_POINT('',(-9.598076211353E0,9.65E0,-2.557071873441E1));
#7202=LINE('',#7201,#7200);
#7203=DIRECTION('',(-8.660254037844E-1,0.E0,5.E-1));
#7204=VECTOR('',#7203,3.E0);
#7205=CARTESIAN_POINT('',(-7.E0,9.65E0,-2.724871130596E1));
#7206=LINE('',#7205,#7204);
#7207=DIRECTION('',(-8.660254037844E-1,0.E0,-5.E-1));
#7208=VECTOR('',#7207,3.E0);
#7209=CARTESIAN_POINT('',(-4.401923788647E0,9.65E0,-2.574871130596E1));
#7210=LINE('',#7209,#7208);
#7211=DIRECTION('',(0.E0,0.E0,-1.E0));
#7212=VECTOR('',#7211,1.779925715523E-1);
#7213=CARTESIAN_POINT('',(-4.401923788647E0,9.65E0,-2.557071873441E1));
#7214=LINE('',#7213,#7212);
#7215=DIRECTION('',(-1.E0,0.E0,0.E0));
#7216=VECTOR('',#7215,1.803847577293E0);
#7217=CARTESIAN_POINT('',(-2.598076211353E0,9.65E0,-2.557071873441E1));
#7218=LINE('',#7217,#7216);
#7219=DIRECTION('',(0.E0,0.E0,-1.E0));
#7220=VECTOR('',#7219,1.779925715523E-1);
#7221=CARTESIAN_POINT('',(-2.598076211353E0,9.65E0,-2.557071873441E1));
#7222=LINE('',#7221,#7220);
#7223=DIRECTION('',(-8.660254037844E-1,0.E0,5.E-1));
#7224=VECTOR('',#7223,3.E0);
#7225=CARTESIAN_POINT('',(0.E0,9.65E0,-2.724871130596E1));
#7226=LINE('',#7225,#7224);
#7227=DIRECTION('',(-8.660254037844E-1,0.E0,-5.E-1));
#7228=VECTOR('',#7227,3.E0);
#7229=CARTESIAN_POINT('',(2.598076211353E0,9.65E0,-2.574871130596E1));
#7230=LINE('',#7229,#7228);
#7231=DIRECTION('',(0.E0,0.E0,-1.E0));
#7232=VECTOR('',#7231,1.779925715523E-1);
#7233=CARTESIAN_POINT('',(2.598076211353E0,9.65E0,-2.557071873441E1));
#7234=LINE('',#7233,#7232);
#7235=DIRECTION('',(-1.E0,0.E0,0.E0));
#7236=VECTOR('',#7235,1.803847577293E0);
#7237=CARTESIAN_POINT('',(4.401923788647E0,9.65E0,-2.557071873441E1));
#7238=LINE('',#7237,#7236);
#7239=DIRECTION('',(0.E0,0.E0,-1.E0));
#7240=VECTOR('',#7239,1.779925715523E-1);
#7241=CARTESIAN_POINT('',(4.401923788647E0,9.65E0,-2.557071873441E1));
#7242=LINE('',#7241,#7240);
#7243=DIRECTION('',(-8.660254037844E-1,0.E0,5.E-1));
#7244=VECTOR('',#7243,3.E0);
#7245=CARTESIAN_POINT('',(7.E0,9.65E0,-2.724871130596E1));
#7246=LINE('',#7245,#7244);
#7247=DIRECTION('',(-8.660254037844E-1,0.E0,-5.E-1));
#7248=VECTOR('',#7247,3.E0);
#7249=CARTESIAN_POINT('',(9.598076211353E0,9.65E0,-2.574871130596E1));
#7250=LINE('',#7249,#7248);
#7251=CARTESIAN_POINT('',(8.598076211353E0,8.E0,-2.832298821617E1));
#7252=DIRECTION('',(0.E0,1.E0,0.E0));
#7253=DIRECTION('',(1.E0,0.E0,0.E0));
#7254=AXIS2_PLACEMENT_3D('',#7251,#7252,#7253);
#7256=CARTESIAN_POINT('',(9.144160068293E0,8.E0,-2.916071873441E1));
#7257=CARTESIAN_POINT('',(8.988356174617E0,7.898437517397E0,-2.926228121702E1));
#7258=CARTESIAN_POINT('',(8.809983570899E0,7.837730518240E0,-2.932298821617E1));
#7259=CARTESIAN_POINT('',(8.598076211353E0,7.837730518240E0,-2.932298821617E1));
#7261=DIRECTION('',(0.E0,-1.E0,0.E0));
#7262=VECTOR('',#7261,1.812269481760E0);
#7263=CARTESIAN_POINT('',(8.598076211353E0,9.65E0,-2.932298821617E1));
#7264=LINE('',#7263,#7262);
#7265=DIRECTION('',(-1.E0,0.E0,0.E0));
#7266=VECTOR('',#7265,4.899003822225E1);
#7267=CARTESIAN_POINT('',(8.598076211353E0,7.837730518240E0,-2.932298821617E1));
#7268=LINE('',#7267,#7266);
#7269=DIRECTION('',(0.E0,-1.E0,0.E0));
#7270=VECTOR('',#7269,1.812269481760E0);
#7271=CARTESIAN_POINT('',(-4.039196201090E1,9.65E0,-2.932298821617E1));
#7272=LINE('',#7271,#7270);
#7273=DIRECTION('',(0.E0,-1.E0,0.E0));
#7274=VECTOR('',#7273,1.65E0);
#7275=CARTESIAN_POINT('',(9.598076211353E0,9.65E0,-2.832298821617E1));
#7276=LINE('',#7275,#7274);
#7277=DIRECTION('',(0.E0,0.E0,1.E0));
#7278=VECTOR('',#7277,2.574276910208E0);
#7279=CARTESIAN_POINT('',(9.598076211353E0,9.65E0,-2.832298821617E1));
#7280=LINE('',#7279,#7278);
#7281=DIRECTION('',(0.E0,-1.E0,0.E0));
#7282=VECTOR('',#7281,2.5E0);
#7283=CARTESIAN_POINT('',(9.598076211353E0,1.05E1,-2.274871130596E1));
#7284=LINE('',#7283,#7282);
#7285=DIRECTION('',(0.E0,0.E0,-1.E0));
#7286=VECTOR('',#7285,5.574276910208E0);
#7287=CARTESIAN_POINT('',(9.598076211353E0,8.E0,-2.274871130596E1));
#7288=LINE('',#7287,#7286);
#7289=DIRECTION('',(0.E0,-1.E0,0.E0));
#7290=VECTOR('',#7289,8.5E-1);
#7291=CARTESIAN_POINT('',(9.598076211353E0,1.05E1,-2.574871130596E1));
#7292=LINE('',#7291,#7290);
#7293=DIRECTION('',(0.E0,-1.E0,0.E0));
#7294=VECTOR('',#7293,8.5E-1);
#7295=CARTESIAN_POINT('',(7.E0,1.05E1,-2.724871130596E1));
#7296=LINE('',#7295,#7294);
#7297=DIRECTION('',(0.E0,-1.E0,0.E0));
#7298=VECTOR('',#7297,8.5E-1);
#7299=CARTESIAN_POINT('',(4.401923788647E0,1.05E1,-2.574871130596E1));
#7300=LINE('',#7299,#7298);
#7301=DIRECTION('',(0.E0,7.970921481540E-1,-6.038576879955E-1));
#7302=VECTOR('',#7301,2.070024154448E0);
#7303=CARTESIAN_POINT('',(2.598076211353E0,8.E0,-2.432071873441E1));
#7304=LINE('',#7303,#7302);
#7305=DIRECTION('',(0.E0,7.970921481540E-1,-6.038576879955E-1));
#7306=VECTOR('',#7305,2.070024154448E0);
#7307=CARTESIAN_POINT('',(4.401923788647E0,8.E0,-2.432071873441E1));
#7308=LINE('',#7307,#7306);
#7309=DIRECTION('',(0.E0,7.970921481540E-1,-6.038576879955E-1));
#7310=VECTOR('',#7309,2.070024154448E0);
#7311=CARTESIAN_POINT('',(-4.401923788647E0,8.E0,-2.432071873441E1));
#7312=LINE('',#7311,#7310);
#7313=DIRECTION('',(0.E0,7.970921481540E-1,-6.038576879955E-1));
#7314=VECTOR('',#7313,2.070024154448E0);
#7315=CARTESIAN_POINT('',(-2.598076211353E0,8.E0,-2.432071873441E1));
#7316=LINE('',#7315,#7314);
#7317=DIRECTION('',(0.E0,7.970921481540E-1,-6.038576879955E-1));
#7318=VECTOR('',#7317,2.070024154448E0);
#7319=CARTESIAN_POINT('',(-1.140192378865E1,8.E0,-2.432071873441E1));
#7320=LINE('',#7319,#7318);
#7321=DIRECTION('',(0.E0,7.970921481540E-1,-6.038576879955E-1));
#7322=VECTOR('',#7321,2.070024154448E0);
#7323=CARTESIAN_POINT('',(-9.598076211353E0,8.E0,-2.432071873441E1));
#7324=LINE('',#7323,#7322);
#7325=DIRECTION('',(0.E0,7.970921481540E-1,-6.038576879955E-1));
#7326=VECTOR('',#7325,2.070024154448E0);
#7327=CARTESIAN_POINT('',(-1.840192378865E1,8.E0,-2.432071873441E1));
#7328=LINE('',#7327,#7326);
#7329=DIRECTION('',(0.E0,7.970921481540E-1,-6.038576879955E-1));
#7330=VECTOR('',#7329,2.070024154448E0);
#7331=CARTESIAN_POINT('',(-1.659807621135E1,8.E0,-2.432071873441E1));
#7332=LINE('',#7331,#7330);
#7333=DIRECTION('',(0.E0,7.970921481540E-1,-6.038576879955E-1));
#7334=VECTOR('',#7333,2.070024154448E0);
#7335=CARTESIAN_POINT('',(-2.540192378865E1,8.E0,-2.432071873441E1));
#7336=LINE('',#7335,#7334);
#7337=DIRECTION('',(0.E0,7.970921481540E-1,-6.038576879955E-1));
#7338=VECTOR('',#7337,2.070024154448E0);
#7339=CARTESIAN_POINT('',(-2.359807621135E1,8.E0,-2.432071873441E1));
#7340=LINE('',#7339,#7338);
#7341=DIRECTION('',(0.E0,7.970921481540E-1,-6.038576879955E-1));
#7342=VECTOR('',#7341,2.070024154448E0);
#7343=CARTESIAN_POINT('',(-3.240192378865E1,8.E0,-2.432071873441E1));
#7344=LINE('',#7343,#7342);
#7345=DIRECTION('',(0.E0,7.970921481540E-1,-6.038576879955E-1));
#7346=VECTOR('',#7345,2.070024154448E0);
#7347=CARTESIAN_POINT('',(-3.059807621135E1,8.E0,-2.432071873441E1));
#7348=LINE('',#7347,#7346);
#7349=DIRECTION('',(0.E0,7.970921481540E-1,-6.038576879955E-1));
#7350=VECTOR('',#7349,2.070024154448E0);
#7351=CARTESIAN_POINT('',(-3.940192378865E1,8.E0,-2.432071873441E1));
#7352=LINE('',#7351,#7350);
#7353=DIRECTION('',(0.E0,7.970921481540E-1,-6.038576879955E-1));
#7354=VECTOR('',#7353,2.070024154448E0);
#7355=CARTESIAN_POINT('',(-3.759807621135E1,8.E0,-2.432071873441E1));
#7356=LINE('',#7355,#7354);
#7357=DIRECTION('',(0.E0,-1.E0,0.E0));
#7358=VECTOR('',#7357,2.5E0);
#7359=CARTESIAN_POINT('',(2.598076211353E0,1.05E1,-2.274871130596E1));
#7360=LINE('',#7359,#7358);
#7361=DIRECTION('',(0.E0,-1.E0,0.E0));
#7362=VECTOR('',#7361,2.5E0);
#7363=CARTESIAN_POINT('',(0.E0,1.05E1,-2.124871130596E1));
#7364=LINE('',#7363,#7362);
#7365=DIRECTION('',(0.E0,-1.E0,0.E0));
#7366=VECTOR('',#7365,2.5E0);
#7367=CARTESIAN_POINT('',(-2.598076211353E0,1.05E1,-2.274871130596E1));
#7368=LINE('',#7367,#7366);
#7369=DIRECTION('',(0.E0,-1.E0,0.E0));
#7370=VECTOR('',#7369,8.5E-1);
#7371=CARTESIAN_POINT('',(-2.598076211353E0,1.05E1,-2.574871130596E1));
#7372=LINE('',#7371,#7370);
#7373=DIRECTION('',(0.E0,-1.E0,0.E0));
#7374=VECTOR('',#7373,8.5E-1);
#7375=CARTESIAN_POINT('',(0.E0,1.05E1,-2.724871130596E1));
#7376=LINE('',#7375,#7374);
#7377=DIRECTION('',(0.E0,-1.E0,0.E0));
#7378=VECTOR('',#7377,8.5E-1);
#7379=CARTESIAN_POINT('',(2.598076211353E0,1.05E1,-2.574871130596E1));
#7380=LINE('',#7379,#7378);
#7381=DIRECTION('',(0.E0,-1.E0,0.E0));
#7382=VECTOR('',#7381,2.5E0);
#7383=CARTESIAN_POINT('',(-4.401923788647E0,1.05E1,-2.274871130596E1));
#7384=LINE('',#7383,#7382);
#7385=DIRECTION('',(0.E0,-1.E0,0.E0));
#7386=VECTOR('',#7385,2.5E0);
#7387=CARTESIAN_POINT('',(-7.E0,1.05E1,-2.124871130596E1));
#7388=LINE('',#7387,#7386);
#7389=DIRECTION('',(0.E0,-1.E0,0.E0));
#7390=VECTOR('',#7389,2.5E0);
#7391=CARTESIAN_POINT('',(-9.598076211353E0,1.05E1,-2.274871130596E1));
#7392=LINE('',#7391,#7390);
#7393=DIRECTION('',(0.E0,-1.E0,0.E0));
#7394=VECTOR('',#7393,8.5E-1);
#7395=CARTESIAN_POINT('',(-9.598076211353E0,1.05E1,-2.574871130596E1));
#7396=LINE('',#7395,#7394);
#7397=DIRECTION('',(0.E0,-1.E0,0.E0));
#7398=VECTOR('',#7397,8.5E-1);
#7399=CARTESIAN_POINT('',(-7.E0,1.05E1,-2.724871130596E1));
#7400=LINE('',#7399,#7398);
#7401=DIRECTION('',(0.E0,-1.E0,0.E0));
#7402=VECTOR('',#7401,8.5E-1);
#7403=CARTESIAN_POINT('',(-4.401923788647E0,1.05E1,-2.574871130596E1));
#7404=LINE('',#7403,#7402);
#7405=DIRECTION('',(0.E0,-1.E0,0.E0));
#7406=VECTOR('',#7405,2.5E0);
#7407=CARTESIAN_POINT('',(-1.140192378865E1,1.05E1,-2.274871130596E1));
#7408=LINE('',#7407,#7406);
#7409=DIRECTION('',(0.E0,-1.E0,0.E0));
#7410=VECTOR('',#7409,2.5E0);
#7411=CARTESIAN_POINT('',(-1.4E1,1.05E1,-2.124871130596E1));
#7412=LINE('',#7411,#7410);
#7413=DIRECTION('',(0.E0,-1.E0,0.E0));
#7414=VECTOR('',#7413,2.5E0);
#7415=CARTESIAN_POINT('',(-1.659807621135E1,1.05E1,-2.274871130596E1));
#7416=LINE('',#7415,#7414);
#7417=DIRECTION('',(0.E0,-1.E0,0.E0));
#7418=VECTOR('',#7417,8.5E-1);
#7419=CARTESIAN_POINT('',(-1.659807621135E1,1.05E1,-2.574871130596E1));
#7420=LINE('',#7419,#7418);
#7421=DIRECTION('',(0.E0,-1.E0,0.E0));
#7422=VECTOR('',#7421,8.5E-1);
#7423=CARTESIAN_POINT('',(-1.4E1,1.05E1,-2.724871130596E1));
#7424=LINE('',#7423,#7422);
#7425=DIRECTION('',(0.E0,-1.E0,0.E0));
#7426=VECTOR('',#7425,8.5E-1);
#7427=CARTESIAN_POINT('',(-1.140192378865E1,1.05E1,-2.574871130596E1));
#7428=LINE('',#7427,#7426);
#7429=DIRECTION('',(0.E0,-1.E0,0.E0));
#7430=VECTOR('',#7429,2.5E0);
#7431=CARTESIAN_POINT('',(-1.840192378865E1,1.05E1,-2.274871130596E1));
#7432=LINE('',#7431,#7430);
#7433=DIRECTION('',(0.E0,-1.E0,0.E0));
#7434=VECTOR('',#7433,2.5E0);
#7435=CARTESIAN_POINT('',(-2.1E1,1.05E1,-2.124871130596E1));
#7436=LINE('',#7435,#7434);
#7437=DIRECTION('',(0.E0,-1.E0,0.E0));
#7438=VECTOR('',#7437,2.5E0);
#7439=CARTESIAN_POINT('',(-2.359807621135E1,1.05E1,-2.274871130596E1));
#7440=LINE('',#7439,#7438);
#7441=DIRECTION('',(0.E0,-1.E0,0.E0));
#7442=VECTOR('',#7441,8.5E-1);
#7443=CARTESIAN_POINT('',(-2.359807621135E1,1.05E1,-2.574871130596E1));
#7444=LINE('',#7443,#7442);
#7445=DIRECTION('',(0.E0,-1.E0,0.E0));
#7446=VECTOR('',#7445,8.5E-1);
#7447=CARTESIAN_POINT('',(-2.1E1,1.05E1,-2.724871130596E1));
#7448=LINE('',#7447,#7446);
#7449=DIRECTION('',(0.E0,-1.E0,0.E0));
#7450=VECTOR('',#7449,8.5E-1);
#7451=CARTESIAN_POINT('',(-1.840192378865E1,1.05E1,-2.574871130596E1));
#7452=LINE('',#7451,#7450);
#7453=DIRECTION('',(0.E0,-1.E0,0.E0));
#7454=VECTOR('',#7453,2.5E0);
#7455=CARTESIAN_POINT('',(-2.540192378865E1,1.05E1,-2.274871130596E1));
#7456=LINE('',#7455,#7454);
#7457=DIRECTION('',(0.E0,-1.E0,0.E0));
#7458=VECTOR('',#7457,2.5E0);
#7459=CARTESIAN_POINT('',(-2.8E1,1.05E1,-2.124871130596E1));
#7460=LINE('',#7459,#7458);
#7461=DIRECTION('',(0.E0,-1.E0,0.E0));
#7462=VECTOR('',#7461,2.5E0);
#7463=CARTESIAN_POINT('',(-3.059807621135E1,1.05E1,-2.274871130596E1));
#7464=LINE('',#7463,#7462);
#7465=DIRECTION('',(0.E0,-1.E0,0.E0));
#7466=VECTOR('',#7465,8.5E-1);
#7467=CARTESIAN_POINT('',(-3.059807621135E1,1.05E1,-2.574871130596E1));
#7468=LINE('',#7467,#7466);
#7469=DIRECTION('',(0.E0,-1.E0,0.E0));
#7470=VECTOR('',#7469,8.5E-1);
#7471=CARTESIAN_POINT('',(-2.8E1,1.05E1,-2.724871130596E1));
#7472=LINE('',#7471,#7470);
#7473=DIRECTION('',(0.E0,-1.E0,0.E0));
#7474=VECTOR('',#7473,8.5E-1);
#7475=CARTESIAN_POINT('',(-2.540192378865E1,1.05E1,-2.574871130596E1));
#7476=LINE('',#7475,#7474);
#7477=DIRECTION('',(0.E0,-1.E0,0.E0));
#7478=VECTOR('',#7477,2.5E0);
#7479=CARTESIAN_POINT('',(-3.240192378865E1,1.05E1,-2.274871130596E1));
#7480=LINE('',#7479,#7478);
#7481=DIRECTION('',(0.E0,-1.E0,0.E0));
#7482=VECTOR('',#7481,2.5E0);
#7483=CARTESIAN_POINT('',(-3.5E1,1.05E1,-2.124871130596E1));
#7484=LINE('',#7483,#7482);
#7485=DIRECTION('',(0.E0,-1.E0,0.E0));
#7486=VECTOR('',#7485,2.5E0);
#7487=CARTESIAN_POINT('',(-3.759807621135E1,1.05E1,-2.274871130596E1));
#7488=LINE('',#7487,#7486);
#7489=DIRECTION('',(0.E0,-1.E0,0.E0));
#7490=VECTOR('',#7489,8.5E-1);
#7491=CARTESIAN_POINT('',(-3.759807621135E1,1.05E1,-2.574871130596E1));
#7492=LINE('',#7491,#7490);
#7493=DIRECTION('',(0.E0,-1.E0,0.E0));
#7494=VECTOR('',#7493,8.5E-1);
#7495=CARTESIAN_POINT('',(-3.5E1,1.05E1,-2.724871130596E1));
#7496=LINE('',#7495,#7494);
#7497=DIRECTION('',(0.E0,-1.E0,0.E0));
#7498=VECTOR('',#7497,8.5E-1);
#7499=CARTESIAN_POINT('',(-3.240192378865E1,1.05E1,-2.574871130596E1));
#7500=LINE('',#7499,#7498);
#7501=DIRECTION('',(0.E0,-1.E0,0.E0));
#7502=VECTOR('',#7501,2.5E0);
#7503=CARTESIAN_POINT('',(-3.940192378865E1,1.05E1,-2.274871130596E1));
#7504=LINE('',#7503,#7502);
#7505=DIRECTION('',(0.E0,-1.E0,0.E0));
#7506=VECTOR('',#7505,2.5E0);
#7507=CARTESIAN_POINT('',(-4.2E1,1.05E1,-2.124871130596E1));
#7508=LINE('',#7507,#7506);
#7509=DIRECTION('',(0.E0,-1.E0,0.E0));
#7510=VECTOR('',#7509,2.5E0);
#7511=CARTESIAN_POINT('',(-4.459807621135E1,1.05E1,-2.274871130596E1));
#7512=LINE('',#7511,#7510);
#7513=DIRECTION('',(0.E0,-1.E0,0.E0));
#7514=VECTOR('',#7513,2.5E0);
#7515=CARTESIAN_POINT('',(-4.459807621135E1,1.05E1,-2.574871130596E1));
#7516=LINE('',#7515,#7514);
#7517=DIRECTION('',(0.E0,-1.E0,0.E0));
#7518=VECTOR('',#7517,2.5E0);
#7519=CARTESIAN_POINT('',(4.401923788647E0,1.05E1,-2.274871130596E1));
#7520=LINE('',#7519,#7518);
#7521=DIRECTION('',(0.E0,-1.E0,0.E0));
#7522=VECTOR('',#7521,2.5E0);
#7523=CARTESIAN_POINT('',(7.E0,1.05E1,-2.124871130596E1));
#7524=LINE('',#7523,#7522);
#7525=CARTESIAN_POINT('',(-5.169196201090E1,4.5E0,2.283928126559E1));
#7526=CARTESIAN_POINT('',(-4.569196201090E1,4.5E0,2.883928126559E1));
#7527=VERTEX_POINT('',#7525);
#7528=VERTEX_POINT('',#7526);
#7529=CARTESIAN_POINT('',(3.373220533547E1,4.5E0,-3.366071873441E1));
#7530=CARTESIAN_POINT('',(-4.569196201090E1,4.5E0,-3.366071873441E1));
#7531=VERTEX_POINT('',#7529);
#7532=VERTEX_POINT('',#7530);
#7533=CARTESIAN_POINT('',(-5.169196201090E1,4.5E0,-2.766071873441E1));
#7534=VERTEX_POINT('',#7533);
#7535=CARTESIAN_POINT('',(-5.169196201089E1,8.500000000012E0,2.283928126407E1));
#7536=VERTEX_POINT('',#7535);
#7537=CARTESIAN_POINT('',(-4.569196200938E1,8.500000000012E0,
-3.366071873440E1));
#7538=VERTEX_POINT('',#7537);
#7539=CARTESIAN_POINT('',(3.773220533547E1,1.05E1,7.010000000001E0));
#7540=CARTESIAN_POINT('',(1.653E1,1.05E1,7.010000000001E0));
#7541=VERTEX_POINT('',#7539);
#7542=VERTEX_POINT('',#7540);
#7543=CARTESIAN_POINT('',(1.653E1,1.05E1,2.349E1));
#7544=VERTEX_POINT('',#7543);
#7545=CARTESIAN_POINT('',(3.767892107500E1,1.05E1,2.349E1));
#7546=VERTEX_POINT('',#7545);
#7547=CARTESIAN_POINT('',(3.773220533547E1,1.05E1,-1.045E1));
#7548=CARTESIAN_POINT('',(2.001E1,1.05E1,-1.045E1));
#7549=VERTEX_POINT('',#7547);
#7550=VERTEX_POINT('',#7548);
#7551=CARTESIAN_POINT('',(2.001E1,1.05E1,3.450000000001E0));
#7552=VERTEX_POINT('',#7551);
#7553=CARTESIAN_POINT('',(3.773220533547E1,1.05E1,3.450000000001E0));
#7554=VERTEX_POINT('',#7553);
#7555=CARTESIAN_POINT('',(3.765356161663E1,1.05E1,-2.845E1));
#7556=CARTESIAN_POINT('',(2.001E1,1.05E1,-2.845E1));
#7557=VERTEX_POINT('',#7555);
#7558=VERTEX_POINT('',#7556);
#7559=CARTESIAN_POINT('',(2.001E1,1.05E1,-1.455E1));
#7560=VERTEX_POINT('',#7559);
#7561=CARTESIAN_POINT('',(3.773220533547E1,1.05E1,-1.455E1));
#7562=VERTEX_POINT('',#7561);
#7563=CARTESIAN_POINT('',(3.969681472156E1,4.5E0,2.349E1));
#7564=CARTESIAN_POINT('',(3.767892107500E1,4.5E0,2.349E1));
#7565=VERTEX_POINT('',#7563);
#7566=VERTEX_POINT('',#7564);
#7567=CARTESIAN_POINT('',(3.968006504160E1,4.5E0,-2.845E1));
#7568=CARTESIAN_POINT('',(3.765356161663E1,4.5E0,-2.845E1));
#7569=VERTEX_POINT('',#7567);
#7570=VERTEX_POINT('',#7568);
#7571=CARTESIAN_POINT('',(1.653E1,8.E0,7.010000000001E0));
#7572=CARTESIAN_POINT('',(1.653E1,8.E0,2.349E1));
#7573=VERTEX_POINT('',#7571);
#7574=VERTEX_POINT('',#7572);
#7575=CARTESIAN_POINT('',(3.508371010005E1,8.E0,2.349E1));
#7576=VERTEX_POINT('',#7575);
#7577=CARTESIAN_POINT('',(2.001E1,8.E0,-1.045E1));
#7578=CARTESIAN_POINT('',(2.001E1,8.E0,3.450000000001E0));
#7579=VERTEX_POINT('',#7577);
#7580=VERTEX_POINT('',#7578);
#7581=CARTESIAN_POINT('',(3.500775818964E1,8.E0,-2.845E1));
#7582=CARTESIAN_POINT('',(2.001E1,8.E0,-2.845E1));
#7583=VERTEX_POINT('',#7581);
#7584=VERTEX_POINT('',#7582);
#7585=CARTESIAN_POINT('',(2.001E1,8.E0,-1.455E1));
#7586=VERTEX_POINT('',#7585);
#7587=CARTESIAN_POINT('',(-4.139196201090E1,9.65E0,-2.832298821617E1));
#7588=CARTESIAN_POINT('',(-4.139196201090E1,8.E0,-2.832298821617E1));
#7589=VERTEX_POINT('',#7587);
#7590=VERTEX_POINT('',#7588);
#7591=CARTESIAN_POINT('',(-4.039196201090E1,9.65E0,-2.932298821617E1));
#7592=VERTEX_POINT('',#7591);
#7593=CARTESIAN_POINT('',(-4.039196201090E1,7.837730518240E0,
-2.932298821617E1));
#7594=VERTEX_POINT('',#7593);
#7595=CARTESIAN_POINT('',(-2.68E1,4.5E0,2.758928126559E1));
#7596=CARTESIAN_POINT('',(-2.43E1,4.5E0,2.758928126559E1));
#7597=VERTEX_POINT('',#7595);
#7598=VERTEX_POINT('',#7596);
#7599=CARTESIAN_POINT('',(-8.7E0,4.5E0,2.758928126559E1));
#7600=CARTESIAN_POINT('',(-6.2E0,4.5E0,2.758928126559E1));
#7601=VERTEX_POINT('',#7599);
#7602=VERTEX_POINT('',#7600);
#7603=CARTESIAN_POINT('',(-8.7E0,6.51E0,2.758928126559E1));
#7604=VERTEX_POINT('',#7603);
#7605=CARTESIAN_POINT('',(-9.7E0,7.51E0,2.758928126559E1));
#7606=CARTESIAN_POINT('',(-2.33E1,7.51E0,2.758928126559E1));
#7607=VERTEX_POINT('',#7605);
#7608=VERTEX_POINT('',#7606);
#7609=CARTESIAN_POINT('',(-2.43E1,6.51E0,2.758928126559E1));
#7610=VERTEX_POINT('',#7609);
#7611=CARTESIAN_POINT('',(-8.7E0,4.5E0,2.683928126559E1));
#7612=VERTEX_POINT('',#7611);
#7613=CARTESIAN_POINT('',(-2.43E1,4.5E0,2.683928126559E1));
#7614=VERTEX_POINT('',#7613);
#7615=CARTESIAN_POINT('',(-2.43E1,6.51E0,2.533928126559E1));
#7616=VERTEX_POINT('',#7615);
#7617=CARTESIAN_POINT('',(-2.33E1,7.51E0,2.482928126559E1));
#7618=VERTEX_POINT('',#7617);
#7619=CARTESIAN_POINT('',(-9.7E0,7.51E0,2.482928126559E1));
#7620=VERTEX_POINT('',#7619);
#7621=CARTESIAN_POINT('',(-8.7E0,6.51E0,2.533928126559E1));
#7622=VERTEX_POINT('',#7621);
#7623=CARTESIAN_POINT('',(-6.2E0,9.75E0,2.758928126559E1));
#7624=VERTEX_POINT('',#7623);
#7625=CARTESIAN_POINT('',(-2.68E1,9.75E0,2.758928126559E1));
#7626=VERTEX_POINT('',#7625);
#7627=CARTESIAN_POINT('',(-4.144968020660E1,7.51E0,2.758928126559E1));
#7628=CARTESIAN_POINT('',(-4.444968020660E1,4.51E0,2.758928126559E1));
#7629=VERTEX_POINT('',#7627);
#7630=VERTEX_POINT('',#7628);
#7631=CARTESIAN_POINT('',(-3.135089010685E1,4.51E0,2.758928126559E1));
#7632=CARTESIAN_POINT('',(-3.435089010685E1,7.51E0,2.758928126559E1));
#7633=VERTEX_POINT('',#7631);
#7634=VERTEX_POINT('',#7632);
#7635=CARTESIAN_POINT('',(-3.135089010685E1,4.5E0,2.758928126559E1));
#7636=VERTEX_POINT('',#7635);
#7637=CARTESIAN_POINT('',(-4.444968020660E1,4.5E0,2.758928126559E1));
#7638=VERTEX_POINT('',#7637);
#7639=CARTESIAN_POINT('',(-5.169196201090E1,5.E-1,-8.929999999999E0));
#7640=CARTESIAN_POINT('',(-5.169196201090E1,5.E-1,3.620000000001E0));
#7641=VERTEX_POINT('',#7639);
#7642=VERTEX_POINT('',#7640);
#7643=CARTESIAN_POINT('',(-4.919196201090E1,5.E-1,-8.929999999999E0));
#7644=CARTESIAN_POINT('',(-4.919196201090E1,5.E-1,3.620000000001E0));
#7645=VERTEX_POINT('',#7643);
#7646=VERTEX_POINT('',#7644);
#7647=CARTESIAN_POINT('',(-5.169196201090E1,4.5E0,-1.493E1));
#7648=VERTEX_POINT('',#7647);
#7649=CARTESIAN_POINT('',(-5.169196201090E1,4.5E0,9.620000000001E0));
#7650=VERTEX_POINT('',#7649);
#7651=CARTESIAN_POINT('',(-2.598076211353E0,1.05E1,-1.5E0));
#7652=CARTESIAN_POINT('',(-2.598076211353E0,1.05E1,1.5E0));
#7653=VERTEX_POINT('',#7651);
#7654=VERTEX_POINT('',#7652);
#7655=CARTESIAN_POINT('',(0.E0,1.05E1,3.E0));
#7656=VERTEX_POINT('',#7655);
#7657=CARTESIAN_POINT('',(2.598076211353E0,1.05E1,1.5E0));
#7658=VERTEX_POINT('',#7657);
#7659=CARTESIAN_POINT('',(2.598076211353E0,1.05E1,-1.5E0));
#7660=VERTEX_POINT('',#7659);
#7661=CARTESIAN_POINT('',(0.E0,1.05E1,-3.E0));
#7662=VERTEX_POINT('',#7661);
#7663=CARTESIAN_POINT('',(-2.598076211353E0,8.E0,-1.5E0));
#7664=CARTESIAN_POINT('',(-2.598076211353E0,8.E0,1.5E0));
#7665=VERTEX_POINT('',#7663);
#7666=VERTEX_POINT('',#7664);
#7667=CARTESIAN_POINT('',(0.E0,8.E0,3.E0));
#7668=VERTEX_POINT('',#7667);
#7669=CARTESIAN_POINT('',(2.598076211353E0,8.E0,1.5E0));
#7670=VERTEX_POINT('',#7669);
#7671=CARTESIAN_POINT('',(2.598076211353E0,8.E0,-1.5E0));
#7672=VERTEX_POINT('',#7671);
#7673=CARTESIAN_POINT('',(0.E0,8.E0,-3.E0));
#7674=VERTEX_POINT('',#7673);
#7675=CARTESIAN_POINT('',(4.401923788647E0,1.05E1,-1.5E0));
#7676=CARTESIAN_POINT('',(4.401923788647E0,1.05E1,1.5E0));
#7677=VERTEX_POINT('',#7675);
#7678=VERTEX_POINT('',#7676);
#7679=CARTESIAN_POINT('',(7.E0,1.05E1,3.E0));
#7680=VERTEX_POINT('',#7679);
#7681=CARTESIAN_POINT('',(9.598076211353E0,1.05E1,1.5E0));
#7682=VERTEX_POINT('',#7681);
#7683=CARTESIAN_POINT('',(9.598076211353E0,1.05E1,-1.5E0));
#7684=VERTEX_POINT('',#7683);
#7685=CARTESIAN_POINT('',(7.E0,1.05E1,-3.E0));
#7686=VERTEX_POINT('',#7685);
#7687=CARTESIAN_POINT('',(4.401923788647E0,8.E0,-1.5E0));
#7688=CARTESIAN_POINT('',(4.401923788647E0,8.E0,1.5E0));
#7689=VERTEX_POINT('',#7687);
#7690=VERTEX_POINT('',#7688);
#7691=CARTESIAN_POINT('',(7.E0,8.E0,3.E0));
#7692=VERTEX_POINT('',#7691);
#7693=CARTESIAN_POINT('',(9.598076211353E0,8.E0,1.5E0));
#7694=VERTEX_POINT('',#7693);
#7695=CARTESIAN_POINT('',(9.598076211353E0,8.E0,-1.5E0));
#7696=VERTEX_POINT('',#7695);
#7697=CARTESIAN_POINT('',(7.E0,8.E0,-3.E0));
#7698=VERTEX_POINT('',#7697);
#7699=CARTESIAN_POINT('',(9.019237886467E-1,1.05E1,-7.562177826491E0));
#7700=CARTESIAN_POINT('',(9.019237886467E-1,1.05E1,-4.562177826491E0));
#7701=VERTEX_POINT('',#7699);
#7702=VERTEX_POINT('',#7700);
#7703=CARTESIAN_POINT('',(3.5E0,1.05E1,-3.062177826491E0));
#7704=VERTEX_POINT('',#7703);
#7705=CARTESIAN_POINT('',(6.098076211353E0,1.05E1,-4.562177826491E0));
#7706=VERTEX_POINT('',#7705);
#7707=CARTESIAN_POINT('',(6.098076211353E0,1.05E1,-7.562177826491E0));
#7708=VERTEX_POINT('',#7707);
#7709=CARTESIAN_POINT('',(3.5E0,1.05E1,-9.062177826491E0));
#7710=VERTEX_POINT('',#7709);
#7711=CARTESIAN_POINT('',(9.019237886467E-1,8.E0,-7.562177826491E0));
#7712=CARTESIAN_POINT('',(9.019237886467E-1,8.E0,-4.562177826491E0));
#7713=VERTEX_POINT('',#7711);
#7714=VERTEX_POINT('',#7712);
#7715=CARTESIAN_POINT('',(3.5E0,8.E0,-3.062177826491E0));
#7716=VERTEX_POINT('',#7715);
#7717=CARTESIAN_POINT('',(6.098076211353E0,8.E0,-4.562177826491E0));
#7718=VERTEX_POINT('',#7717);
#7719=CARTESIAN_POINT('',(6.098076211353E0,8.E0,-7.562177826491E0));
#7720=VERTEX_POINT('',#7719);
#7721=CARTESIAN_POINT('',(3.5E0,8.E0,-9.062177826491E0));
#7722=VERTEX_POINT('',#7721);
#7723=CARTESIAN_POINT('',(-6.098076211353E0,1.05E1,-7.562177826491E0));
#7724=CARTESIAN_POINT('',(-6.098076211353E0,1.05E1,-4.562177826491E0));
#7725=VERTEX_POINT('',#7723);
#7726=VERTEX_POINT('',#7724);
#7727=CARTESIAN_POINT('',(-3.5E0,1.05E1,-3.062177826491E0));
#7728=VERTEX_POINT('',#7727);
#7729=CARTESIAN_POINT('',(-9.019237886467E-1,1.05E1,-4.562177826491E0));
#7730=VERTEX_POINT('',#7729);
#7731=CARTESIAN_POINT('',(-9.019237886467E-1,1.05E1,-7.562177826491E0));
#7732=VERTEX_POINT('',#7731);
#7733=CARTESIAN_POINT('',(-3.5E0,1.05E1,-9.062177826491E0));
#7734=VERTEX_POINT('',#7733);
#7735=CARTESIAN_POINT('',(-6.098076211353E0,8.E0,-7.562177826491E0));
#7736=CARTESIAN_POINT('',(-6.098076211353E0,8.E0,-4.562177826491E0));
#7737=VERTEX_POINT('',#7735);
#7738=VERTEX_POINT('',#7736);
#7739=CARTESIAN_POINT('',(-3.5E0,8.E0,-3.062177826491E0));
#7740=VERTEX_POINT('',#7739);
#7741=CARTESIAN_POINT('',(-9.019237886467E-1,8.E0,-4.562177826491E0));
#7742=VERTEX_POINT('',#7741);
#7743=CARTESIAN_POINT('',(-9.019237886467E-1,8.E0,-7.562177826491E0));
#7744=VERTEX_POINT('',#7743);
#7745=CARTESIAN_POINT('',(-3.5E0,8.E0,-9.062177826491E0));
#7746=VERTEX_POINT('',#7745);
#7747=CARTESIAN_POINT('',(-9.598076211353E0,1.05E1,-1.5E0));
#7748=CARTESIAN_POINT('',(-9.598076211353E0,1.05E1,1.5E0));
#7749=VERTEX_POINT('',#7747);
#7750=VERTEX_POINT('',#7748);
#7751=CARTESIAN_POINT('',(-7.E0,1.05E1,3.E0));
#7752=VERTEX_POINT('',#7751);
#7753=CARTESIAN_POINT('',(-4.401923788647E0,1.05E1,1.5E0));
#7754=VERTEX_POINT('',#7753);
#7755=CARTESIAN_POINT('',(-4.401923788647E0,1.05E1,-1.5E0));
#7756=VERTEX_POINT('',#7755);
#7757=CARTESIAN_POINT('',(-7.E0,1.05E1,-3.E0));
#7758=VERTEX_POINT('',#7757);
#7759=CARTESIAN_POINT('',(-9.598076211353E0,8.E0,-1.5E0));
#7760=CARTESIAN_POINT('',(-9.598076211353E0,8.E0,1.5E0));
#7761=VERTEX_POINT('',#7759);
#7762=VERTEX_POINT('',#7760);
#7763=CARTESIAN_POINT('',(-7.E0,8.E0,3.E0));
#7764=VERTEX_POINT('',#7763);
#7765=CARTESIAN_POINT('',(-4.401923788647E0,8.E0,1.5E0));
#7766=VERTEX_POINT('',#7765);
#7767=CARTESIAN_POINT('',(-4.401923788647E0,8.E0,-1.5E0));
#7768=VERTEX_POINT('',#7767);
#7769=CARTESIAN_POINT('',(-7.E0,8.E0,-3.E0));
#7770=VERTEX_POINT('',#7769);
#7771=CARTESIAN_POINT('',(-6.098076211353E0,1.05E1,4.562177826491E0));
#7772=CARTESIAN_POINT('',(-6.098076211353E0,1.05E1,7.562177826491E0));
#7773=VERTEX_POINT('',#7771);
#7774=VERTEX_POINT('',#7772);
#7775=CARTESIAN_POINT('',(-3.5E0,1.05E1,9.062177826491E0));
#7776=VERTEX_POINT('',#7775);
#7777=CARTESIAN_POINT('',(-9.019237886467E-1,1.05E1,7.562177826491E0));
#7778=VERTEX_POINT('',#7777);
#7779=CARTESIAN_POINT('',(-9.019237886467E-1,1.05E1,4.562177826491E0));
#7780=VERTEX_POINT('',#7779);
#7781=CARTESIAN_POINT('',(-3.5E0,1.05E1,3.062177826491E0));
#7782=VERTEX_POINT('',#7781);
#7783=CARTESIAN_POINT('',(-6.098076211353E0,8.E0,4.562177826491E0));
#7784=CARTESIAN_POINT('',(-6.098076211353E0,8.E0,7.562177826491E0));
#7785=VERTEX_POINT('',#7783);
#7786=VERTEX_POINT('',#7784);
#7787=CARTESIAN_POINT('',(-3.5E0,8.E0,9.062177826491E0));
#7788=VERTEX_POINT('',#7787);
#7789=CARTESIAN_POINT('',(-9.019237886467E-1,8.E0,7.562177826491E0));
#7790=VERTEX_POINT('',#7789);
#7791=CARTESIAN_POINT('',(-9.019237886467E-1,8.E0,4.562177826491E0));
#7792=VERTEX_POINT('',#7791);
#7793=CARTESIAN_POINT('',(-3.5E0,8.E0,3.062177826491E0));
#7794=VERTEX_POINT('',#7793);
#7795=CARTESIAN_POINT('',(9.019237886467E-1,1.05E1,4.562177826491E0));
#7796=CARTESIAN_POINT('',(9.019237886467E-1,1.05E1,7.562177826491E0));
#7797=VERTEX_POINT('',#7795);
#7798=VERTEX_POINT('',#7796);
#7799=CARTESIAN_POINT('',(3.5E0,1.05E1,9.062177826491E0));
#7800=VERTEX_POINT('',#7799);
#7801=CARTESIAN_POINT('',(6.098076211353E0,1.05E1,7.562177826491E0));
#7802=VERTEX_POINT('',#7801);
#7803=CARTESIAN_POINT('',(6.098076211353E0,1.05E1,4.562177826491E0));
#7804=VERTEX_POINT('',#7803);
#7805=CARTESIAN_POINT('',(3.5E0,1.05E1,3.062177826491E0));
#7806=VERTEX_POINT('',#7805);
#7807=CARTESIAN_POINT('',(9.019237886467E-1,8.E0,4.562177826491E0));
#7808=CARTESIAN_POINT('',(9.019237886467E-1,8.E0,7.562177826491E0));
#7809=VERTEX_POINT('',#7807);
#7810=VERTEX_POINT('',#7808);
#7811=CARTESIAN_POINT('',(3.5E0,8.E0,9.062177826491E0));
#7812=VERTEX_POINT('',#7811);
#7813=CARTESIAN_POINT('',(6.098076211353E0,8.E0,7.562177826491E0));
#7814=VERTEX_POINT('',#7813);
#7815=CARTESIAN_POINT('',(6.098076211353E0,8.E0,4.562177826491E0));
#7816=VERTEX_POINT('',#7815);
#7817=CARTESIAN_POINT('',(3.5E0,8.E0,3.062177826491E0));
#7818=VERTEX_POINT('',#7817);
#7819=CARTESIAN_POINT('',(7.901923788647E0,1.05E1,-7.562177826491E0));
#7820=CARTESIAN_POINT('',(7.901923788647E0,1.05E1,-4.562177826491E0));
#7821=VERTEX_POINT('',#7819);
#7822=VERTEX_POINT('',#7820);
#7823=CARTESIAN_POINT('',(1.05E1,1.05E1,-3.062177826491E0));
#7824=VERTEX_POINT('',#7823);
#7825=CARTESIAN_POINT('',(1.309807621135E1,1.05E1,-4.562177826491E0));
#7826=VERTEX_POINT('',#7825);
#7827=CARTESIAN_POINT('',(1.309807621135E1,1.05E1,-7.562177826491E0));
#7828=VERTEX_POINT('',#7827);
#7829=CARTESIAN_POINT('',(1.05E1,1.05E1,-9.062177826491E0));
#7830=VERTEX_POINT('',#7829);
#7831=CARTESIAN_POINT('',(7.901923788647E0,8.E0,-7.562177826491E0));
#7832=CARTESIAN_POINT('',(7.901923788647E0,8.E0,-4.562177826491E0));
#7833=VERTEX_POINT('',#7831);
#7834=VERTEX_POINT('',#7832);
#7835=CARTESIAN_POINT('',(1.05E1,8.E0,-3.062177826491E0));
#7836=VERTEX_POINT('',#7835);
#7837=CARTESIAN_POINT('',(1.309807621135E1,8.E0,-4.562177826491E0));
#7838=VERTEX_POINT('',#7837);
#7839=CARTESIAN_POINT('',(1.309807621135E1,8.E0,-7.562177826491E0));
#7840=VERTEX_POINT('',#7839);
#7841=CARTESIAN_POINT('',(1.05E1,8.E0,-9.062177826491E0));
#7842=VERTEX_POINT('',#7841);
#7843=CARTESIAN_POINT('',(4.401923788647E0,1.05E1,-1.362435565298E1));
#7844=CARTESIAN_POINT('',(4.401923788647E0,1.05E1,-1.062435565298E1));
#7845=VERTEX_POINT('',#7843);
#7846=VERTEX_POINT('',#7844);
#7847=CARTESIAN_POINT('',(7.E0,1.05E1,-9.124355652982E0));
#7848=VERTEX_POINT('',#7847);
#7849=CARTESIAN_POINT('',(9.598076211353E0,1.05E1,-1.062435565298E1));
#7850=VERTEX_POINT('',#7849);
#7851=CARTESIAN_POINT('',(9.598076211353E0,1.05E1,-1.362435565298E1));
#7852=VERTEX_POINT('',#7851);
#7853=CARTESIAN_POINT('',(7.E0,1.05E1,-1.512435565298E1));
#7854=VERTEX_POINT('',#7853);
#7855=CARTESIAN_POINT('',(4.401923788647E0,8.E0,-1.362435565298E1));
#7856=CARTESIAN_POINT('',(4.401923788647E0,8.E0,-1.062435565298E1));
#7857=VERTEX_POINT('',#7855);
#7858=VERTEX_POINT('',#7856);
#7859=CARTESIAN_POINT('',(7.E0,8.E0,-9.124355652982E0));
#7860=VERTEX_POINT('',#7859);
#7861=CARTESIAN_POINT('',(9.598076211353E0,8.E0,-1.062435565298E1));
#7862=VERTEX_POINT('',#7861);
#7863=CARTESIAN_POINT('',(9.598076211353E0,8.E0,-1.362435565298E1));
#7864=VERTEX_POINT('',#7863);
#7865=CARTESIAN_POINT('',(7.E0,8.E0,-1.512435565298E1));
#7866=VERTEX_POINT('',#7865);
#7867=CARTESIAN_POINT('',(-2.598076211353E0,1.05E1,-1.362435565298E1));
#7868=CARTESIAN_POINT('',(-2.598076211353E0,1.05E1,-1.062435565298E1));
#7869=VERTEX_POINT('',#7867);
#7870=VERTEX_POINT('',#7868);
#7871=CARTESIAN_POINT('',(0.E0,1.05E1,-9.124355652982E0));
#7872=VERTEX_POINT('',#7871);
#7873=CARTESIAN_POINT('',(2.598076211353E0,1.05E1,-1.062435565298E1));
#7874=VERTEX_POINT('',#7873);
#7875=CARTESIAN_POINT('',(2.598076211353E0,1.05E1,-1.362435565298E1));
#7876=VERTEX_POINT('',#7875);
#7877=CARTESIAN_POINT('',(0.E0,1.05E1,-1.512435565298E1));
#7878=VERTEX_POINT('',#7877);
#7879=CARTESIAN_POINT('',(-2.598076211353E0,8.E0,-1.362435565298E1));
#7880=CARTESIAN_POINT('',(-2.598076211353E0,8.E0,-1.062435565298E1));
#7881=VERTEX_POINT('',#7879);
#7882=VERTEX_POINT('',#7880);
#7883=CARTESIAN_POINT('',(0.E0,8.E0,-9.124355652982E0));
#7884=VERTEX_POINT('',#7883);
#7885=CARTESIAN_POINT('',(2.598076211353E0,8.E0,-1.062435565298E1));
#7886=VERTEX_POINT('',#7885);
#7887=CARTESIAN_POINT('',(2.598076211353E0,8.E0,-1.362435565298E1));
#7888=VERTEX_POINT('',#7887);
#7889=CARTESIAN_POINT('',(0.E0,8.E0,-1.512435565298E1));
#7890=VERTEX_POINT('',#7889);
#7891=CARTESIAN_POINT('',(-9.598076211353E0,1.05E1,-1.362435565298E1));
#7892=CARTESIAN_POINT('',(-9.598076211353E0,1.05E1,-1.062435565298E1));
#7893=VERTEX_POINT('',#7891);
#7894=VERTEX_POINT('',#7892);
#7895=CARTESIAN_POINT('',(-7.E0,1.05E1,-9.124355652982E0));
#7896=VERTEX_POINT('',#7895);
#7897=CARTESIAN_POINT('',(-4.401923788647E0,1.05E1,-1.062435565298E1));
#7898=VERTEX_POINT('',#7897);
#7899=CARTESIAN_POINT('',(-4.401923788647E0,1.05E1,-1.362435565298E1));
#7900=VERTEX_POINT('',#7899);
#7901=CARTESIAN_POINT('',(-7.E0,1.05E1,-1.512435565298E1));
#7902=VERTEX_POINT('',#7901);
#7903=CARTESIAN_POINT('',(-9.598076211353E0,8.E0,-1.362435565298E1));
#7904=CARTESIAN_POINT('',(-9.598076211353E0,8.E0,-1.062435565298E1));
#7905=VERTEX_POINT('',#7903);
#7906=VERTEX_POINT('',#7904);
#7907=CARTESIAN_POINT('',(-7.E0,8.E0,-9.124355652982E0));
#7908=VERTEX_POINT('',#7907);
#7909=CARTESIAN_POINT('',(-4.401923788647E0,8.E0,-1.062435565298E1));
#7910=VERTEX_POINT('',#7909);
#7911=CARTESIAN_POINT('',(-4.401923788647E0,8.E0,-1.362435565298E1));
#7912=VERTEX_POINT('',#7911);
#7913=CARTESIAN_POINT('',(-7.E0,8.E0,-1.512435565298E1));
#7914=VERTEX_POINT('',#7913);
#7915=CARTESIAN_POINT('',(-1.309807621135E1,1.05E1,-7.562177826491E0));
#7916=CARTESIAN_POINT('',(-1.309807621135E1,1.05E1,-4.562177826491E0));
#7917=VERTEX_POINT('',#7915);
#7918=VERTEX_POINT('',#7916);
#7919=CARTESIAN_POINT('',(-1.05E1,1.05E1,-3.062177826491E0));
#7920=VERTEX_POINT('',#7919);
#7921=CARTESIAN_POINT('',(-7.901923788647E0,1.05E1,-4.562177826491E0));
#7922=VERTEX_POINT('',#7921);
#7923=CARTESIAN_POINT('',(-7.901923788647E0,1.05E1,-7.562177826491E0));
#7924=VERTEX_POINT('',#7923);
#7925=CARTESIAN_POINT('',(-1.05E1,1.05E1,-9.062177826491E0));
#7926=VERTEX_POINT('',#7925);
#7927=CARTESIAN_POINT('',(-1.309807621135E1,8.E0,-7.562177826491E0));
#7928=CARTESIAN_POINT('',(-1.309807621135E1,8.E0,-4.562177826491E0));
#7929=VERTEX_POINT('',#7927);
#7930=VERTEX_POINT('',#7928);
#7931=CARTESIAN_POINT('',(-1.05E1,8.E0,-3.062177826491E0));
#7932=VERTEX_POINT('',#7931);
#7933=CARTESIAN_POINT('',(-7.901923788647E0,8.E0,-4.562177826491E0));
#7934=VERTEX_POINT('',#7933);
#7935=CARTESIAN_POINT('',(-7.901923788647E0,8.E0,-7.562177826491E0));
#7936=VERTEX_POINT('',#7935);
#7937=CARTESIAN_POINT('',(-1.05E1,8.E0,-9.062177826491E0));
#7938=VERTEX_POINT('',#7937);
#7939=CARTESIAN_POINT('',(-1.659807621135E1,1.05E1,-1.5E0));
#7940=CARTESIAN_POINT('',(-1.659807621135E1,1.05E1,1.5E0));
#7941=VERTEX_POINT('',#7939);
#7942=VERTEX_POINT('',#7940);
#7943=CARTESIAN_POINT('',(-1.4E1,1.05E1,3.E0));
#7944=VERTEX_POINT('',#7943);
#7945=CARTESIAN_POINT('',(-1.140192378865E1,1.05E1,1.5E0));
#7946=VERTEX_POINT('',#7945);
#7947=CARTESIAN_POINT('',(-1.140192378865E1,1.05E1,-1.5E0));
#7948=VERTEX_POINT('',#7947);
#7949=CARTESIAN_POINT('',(-1.4E1,1.05E1,-3.E0));
#7950=VERTEX_POINT('',#7949);
#7951=CARTESIAN_POINT('',(-1.659807621135E1,8.E0,-1.5E0));
#7952=CARTESIAN_POINT('',(-1.659807621135E1,8.E0,1.5E0));
#7953=VERTEX_POINT('',#7951);
#7954=VERTEX_POINT('',#7952);
#7955=CARTESIAN_POINT('',(-1.4E1,8.E0,3.E0));
#7956=VERTEX_POINT('',#7955);
#7957=CARTESIAN_POINT('',(-1.140192378865E1,8.E0,1.5E0));
#7958=VERTEX_POINT('',#7957);
#7959=CARTESIAN_POINT('',(-1.140192378865E1,8.E0,-1.5E0));
#7960=VERTEX_POINT('',#7959);
#7961=CARTESIAN_POINT('',(-1.4E1,8.E0,-3.E0));
#7962=VERTEX_POINT('',#7961);
#7963=CARTESIAN_POINT('',(-1.309807621135E1,1.05E1,4.562177826491E0));
#7964=CARTESIAN_POINT('',(-1.309807621135E1,1.05E1,7.562177826491E0));
#7965=VERTEX_POINT('',#7963);
#7966=VERTEX_POINT('',#7964);
#7967=CARTESIAN_POINT('',(-1.05E1,1.05E1,9.062177826491E0));
#7968=VERTEX_POINT('',#7967);
#7969=CARTESIAN_POINT('',(-7.901923788647E0,1.05E1,7.562177826491E0));
#7970=VERTEX_POINT('',#7969);
#7971=CARTESIAN_POINT('',(-7.901923788647E0,1.05E1,4.562177826491E0));
#7972=VERTEX_POINT('',#7971);
#7973=CARTESIAN_POINT('',(-1.05E1,1.05E1,3.062177826491E0));
#7974=VERTEX_POINT('',#7973);
#7975=CARTESIAN_POINT('',(-1.309807621135E1,8.E0,4.562177826491E0));
#7976=CARTESIAN_POINT('',(-1.309807621135E1,8.E0,7.562177826491E0));
#7977=VERTEX_POINT('',#7975);
#7978=VERTEX_POINT('',#7976);
#7979=CARTESIAN_POINT('',(-1.05E1,8.E0,9.062177826491E0));
#7980=VERTEX_POINT('',#7979);
#7981=CARTESIAN_POINT('',(-7.901923788647E0,8.E0,7.562177826491E0));
#7982=VERTEX_POINT('',#7981);
#7983=CARTESIAN_POINT('',(-7.901923788647E0,8.E0,4.562177826491E0));
#7984=VERTEX_POINT('',#7983);
#7985=CARTESIAN_POINT('',(-1.05E1,8.E0,3.062177826491E0));
#7986=VERTEX_POINT('',#7985);
#7987=CARTESIAN_POINT('',(-9.598076211353E0,1.05E1,1.062435565298E1));
#7988=CARTESIAN_POINT('',(-9.598076211353E0,1.05E1,1.362435565298E1));
#7989=VERTEX_POINT('',#7987);
#7990=VERTEX_POINT('',#7988);
#7991=CARTESIAN_POINT('',(-7.E0,1.05E1,1.512435565298E1));
#7992=VERTEX_POINT('',#7991);
#7993=CARTESIAN_POINT('',(-4.401923788647E0,1.05E1,1.362435565298E1));
#7994=VERTEX_POINT('',#7993);
#7995=CARTESIAN_POINT('',(-4.401923788647E0,1.05E1,1.062435565298E1));
#7996=VERTEX_POINT('',#7995);
#7997=CARTESIAN_POINT('',(-7.E0,1.05E1,9.124355652982E0));
#7998=VERTEX_POINT('',#7997);
#7999=CARTESIAN_POINT('',(-9.598076211353E0,8.E0,1.062435565298E1));
#8000=CARTESIAN_POINT('',(-9.598076211353E0,8.E0,1.362435565298E1));
#8001=VERTEX_POINT('',#7999);
#8002=VERTEX_POINT('',#8000);
#8003=CARTESIAN_POINT('',(-7.E0,8.E0,1.512435565298E1));
#8004=VERTEX_POINT('',#8003);
#8005=CARTESIAN_POINT('',(-4.401923788647E0,8.E0,1.362435565298E1));
#8006=VERTEX_POINT('',#8005);
#8007=CARTESIAN_POINT('',(-4.401923788647E0,8.E0,1.062435565298E1));
#8008=VERTEX_POINT('',#8007);
#8009=CARTESIAN_POINT('',(-7.E0,8.E0,9.124355652982E0));
#8010=VERTEX_POINT('',#8009);
#8011=CARTESIAN_POINT('',(-2.598076211353E0,1.05E1,1.062435565298E1));
#8012=CARTESIAN_POINT('',(-2.598076211353E0,1.05E1,1.362435565298E1));
#8013=VERTEX_POINT('',#8011);
#8014=VERTEX_POINT('',#8012);
#8015=CARTESIAN_POINT('',(0.E0,1.05E1,1.512435565298E1));
#8016=VERTEX_POINT('',#8015);
#8017=CARTESIAN_POINT('',(2.598076211353E0,1.05E1,1.362435565298E1));
#8018=VERTEX_POINT('',#8017);
#8019=CARTESIAN_POINT('',(2.598076211353E0,1.05E1,1.062435565298E1));
#8020=VERTEX_POINT('',#8019);
#8021=CARTESIAN_POINT('',(0.E0,1.05E1,9.124355652982E0));
#8022=VERTEX_POINT('',#8021);
#8023=CARTESIAN_POINT('',(-2.598076211353E0,8.E0,1.062435565298E1));
#8024=CARTESIAN_POINT('',(-2.598076211353E0,8.E0,1.362435565298E1));
#8025=VERTEX_POINT('',#8023);
#8026=VERTEX_POINT('',#8024);
#8027=CARTESIAN_POINT('',(0.E0,8.E0,1.512435565298E1));
#8028=VERTEX_POINT('',#8027);
#8029=CARTESIAN_POINT('',(2.598076211353E0,8.E0,1.362435565298E1));
#8030=VERTEX_POINT('',#8029);
#8031=CARTESIAN_POINT('',(2.598076211353E0,8.E0,1.062435565298E1));
#8032=VERTEX_POINT('',#8031);
#8033=CARTESIAN_POINT('',(0.E0,8.E0,9.124355652982E0));
#8034=VERTEX_POINT('',#8033);
#8035=CARTESIAN_POINT('',(4.401923788647E0,1.05E1,1.062435565298E1));
#8036=CARTESIAN_POINT('',(4.401923788647E0,1.05E1,1.362435565298E1));
#8037=VERTEX_POINT('',#8035);
#8038=VERTEX_POINT('',#8036);
#8039=CARTESIAN_POINT('',(7.E0,1.05E1,1.512435565298E1));
#8040=VERTEX_POINT('',#8039);
#8041=CARTESIAN_POINT('',(9.598076211353E0,1.05E1,1.362435565298E1));
#8042=VERTEX_POINT('',#8041);
#8043=CARTESIAN_POINT('',(9.598076211353E0,1.05E1,1.062435565298E1));
#8044=VERTEX_POINT('',#8043);
#8045=CARTESIAN_POINT('',(7.E0,1.05E1,9.124355652982E0));
#8046=VERTEX_POINT('',#8045);
#8047=CARTESIAN_POINT('',(4.401923788647E0,8.E0,1.062435565298E1));
#8048=CARTESIAN_POINT('',(4.401923788647E0,8.E0,1.362435565298E1));
#8049=VERTEX_POINT('',#8047);
#8050=VERTEX_POINT('',#8048);
#8051=CARTESIAN_POINT('',(7.E0,8.E0,1.512435565298E1));
#8052=VERTEX_POINT('',#8051);
#8053=CARTESIAN_POINT('',(9.598076211353E0,8.E0,1.362435565298E1));
#8054=VERTEX_POINT('',#8053);
#8055=CARTESIAN_POINT('',(9.598076211353E0,8.E0,1.062435565298E1));
#8056=VERTEX_POINT('',#8055);
#8057=CARTESIAN_POINT('',(7.E0,8.E0,9.124355652982E0));
#8058=VERTEX_POINT('',#8057);
#8059=CARTESIAN_POINT('',(7.901923788647E0,1.05E1,4.562177826491E0));
#8060=CARTESIAN_POINT('',(7.901923788647E0,1.05E1,7.562177826491E0));
#8061=VERTEX_POINT('',#8059);
#8062=VERTEX_POINT('',#8060);
#8063=CARTESIAN_POINT('',(1.05E1,1.05E1,9.062177826491E0));
#8064=VERTEX_POINT('',#8063);
#8065=CARTESIAN_POINT('',(1.309807621135E1,1.05E1,7.562177826491E0));
#8066=VERTEX_POINT('',#8065);
#8067=CARTESIAN_POINT('',(1.309807621135E1,1.05E1,4.562177826491E0));
#8068=VERTEX_POINT('',#8067);
#8069=CARTESIAN_POINT('',(1.05E1,1.05E1,3.062177826491E0));
#8070=VERTEX_POINT('',#8069);
#8071=CARTESIAN_POINT('',(7.901923788647E0,8.E0,4.562177826491E0));
#8072=CARTESIAN_POINT('',(7.901923788647E0,8.E0,7.562177826491E0));
#8073=VERTEX_POINT('',#8071);
#8074=VERTEX_POINT('',#8072);
#8075=CARTESIAN_POINT('',(1.05E1,8.E0,9.062177826491E0));
#8076=VERTEX_POINT('',#8075);
#8077=CARTESIAN_POINT('',(1.309807621135E1,8.E0,7.562177826491E0));
#8078=VERTEX_POINT('',#8077);
#8079=CARTESIAN_POINT('',(1.309807621135E1,8.E0,4.562177826491E0));
#8080=VERTEX_POINT('',#8079);
#8081=CARTESIAN_POINT('',(1.05E1,8.E0,3.062177826491E0));
#8082=VERTEX_POINT('',#8081);
#8083=CARTESIAN_POINT('',(7.901923788647E0,1.05E1,-1.968653347947E1));
#8084=CARTESIAN_POINT('',(7.901923788647E0,1.05E1,-1.668653347947E1));
#8085=VERTEX_POINT('',#8083);
#8086=VERTEX_POINT('',#8084);
#8087=CARTESIAN_POINT('',(1.05E1,1.05E1,-1.518653347947E1));
#8088=VERTEX_POINT('',#8087);
#8089=CARTESIAN_POINT('',(1.309807621135E1,1.05E1,-1.668653347947E1));
#8090=VERTEX_POINT('',#8089);
#8091=CARTESIAN_POINT('',(1.309807621135E1,1.05E1,-1.968653347947E1));
#8092=VERTEX_POINT('',#8091);
#8093=CARTESIAN_POINT('',(1.05E1,1.05E1,-2.118653347947E1));
#8094=VERTEX_POINT('',#8093);
#8095=CARTESIAN_POINT('',(7.901923788647E0,8.E0,-1.968653347947E1));
#8096=CARTESIAN_POINT('',(7.901923788647E0,8.E0,-1.668653347947E1));
#8097=VERTEX_POINT('',#8095);
#8098=VERTEX_POINT('',#8096);
#8099=CARTESIAN_POINT('',(1.05E1,8.E0,-1.518653347947E1));
#8100=VERTEX_POINT('',#8099);
#8101=CARTESIAN_POINT('',(1.309807621135E1,8.E0,-1.668653347947E1));
#8102=VERTEX_POINT('',#8101);
#8103=CARTESIAN_POINT('',(1.309807621135E1,8.E0,-1.968653347947E1));
#8104=VERTEX_POINT('',#8103);
#8105=CARTESIAN_POINT('',(1.05E1,8.E0,-2.118653347947E1));
#8106=VERTEX_POINT('',#8105);
#8107=CARTESIAN_POINT('',(9.019237886467E-1,1.05E1,-1.968653347947E1));
#8108=CARTESIAN_POINT('',(9.019237886467E-1,1.05E1,-1.668653347947E1));
#8109=VERTEX_POINT('',#8107);
#8110=VERTEX_POINT('',#8108);
#8111=CARTESIAN_POINT('',(3.5E0,1.05E1,-1.518653347947E1));
#8112=VERTEX_POINT('',#8111);
#8113=CARTESIAN_POINT('',(6.098076211353E0,1.05E1,-1.668653347947E1));
#8114=VERTEX_POINT('',#8113);
#8115=CARTESIAN_POINT('',(6.098076211353E0,1.05E1,-1.968653347947E1));
#8116=VERTEX_POINT('',#8115);
#8117=CARTESIAN_POINT('',(3.5E0,1.05E1,-2.118653347947E1));
#8118=VERTEX_POINT('',#8117);
#8119=CARTESIAN_POINT('',(9.019237886467E-1,8.E0,-1.968653347947E1));
#8120=CARTESIAN_POINT('',(9.019237886467E-1,8.E0,-1.668653347947E1));
#8121=VERTEX_POINT('',#8119);
#8122=VERTEX_POINT('',#8120);
#8123=CARTESIAN_POINT('',(3.5E0,8.E0,-1.518653347947E1));
#8124=VERTEX_POINT('',#8123);
#8125=CARTESIAN_POINT('',(6.098076211353E0,8.E0,-1.668653347947E1));
#8126=VERTEX_POINT('',#8125);
#8127=CARTESIAN_POINT('',(6.098076211353E0,8.E0,-1.968653347947E1));
#8128=VERTEX_POINT('',#8127);
#8129=CARTESIAN_POINT('',(3.5E0,8.E0,-2.118653347947E1));
#8130=VERTEX_POINT('',#8129);
#8131=CARTESIAN_POINT('',(-6.098076211353E0,1.05E1,-1.968653347947E1));
#8132=CARTESIAN_POINT('',(-6.098076211353E0,1.05E1,-1.668653347947E1));
#8133=VERTEX_POINT('',#8131);
#8134=VERTEX_POINT('',#8132);
#8135=CARTESIAN_POINT('',(-3.5E0,1.05E1,-1.518653347947E1));
#8136=VERTEX_POINT('',#8135);
#8137=CARTESIAN_POINT('',(-9.019237886467E-1,1.05E1,-1.668653347947E1));
#8138=VERTEX_POINT('',#8137);
#8139=CARTESIAN_POINT('',(-9.019237886467E-1,1.05E1,-1.968653347947E1));
#8140=VERTEX_POINT('',#8139);
#8141=CARTESIAN_POINT('',(-3.5E0,1.05E1,-2.118653347947E1));
#8142=VERTEX_POINT('',#8141);
#8143=CARTESIAN_POINT('',(-6.098076211353E0,8.E0,-1.968653347947E1));
#8144=CARTESIAN_POINT('',(-6.098076211353E0,8.E0,-1.668653347947E1));
#8145=VERTEX_POINT('',#8143);
#8146=VERTEX_POINT('',#8144);
#8147=CARTESIAN_POINT('',(-3.5E0,8.E0,-1.518653347947E1));
#8148=VERTEX_POINT('',#8147);
#8149=CARTESIAN_POINT('',(-9.019237886467E-1,8.E0,-1.668653347947E1));
#8150=VERTEX_POINT('',#8149);
#8151=CARTESIAN_POINT('',(-9.019237886467E-1,8.E0,-1.968653347947E1));
#8152=VERTEX_POINT('',#8151);
#8153=CARTESIAN_POINT('',(-3.5E0,8.E0,-2.118653347947E1));
#8154=VERTEX_POINT('',#8153);
#8155=CARTESIAN_POINT('',(-1.309807621135E1,1.05E1,-1.968653347947E1));
#8156=CARTESIAN_POINT('',(-1.309807621135E1,1.05E1,-1.668653347947E1));
#8157=VERTEX_POINT('',#8155);
#8158=VERTEX_POINT('',#8156);
#8159=CARTESIAN_POINT('',(-1.05E1,1.05E1,-1.518653347947E1));
#8160=VERTEX_POINT('',#8159);
#8161=CARTESIAN_POINT('',(-7.901923788647E0,1.05E1,-1.668653347947E1));
#8162=VERTEX_POINT('',#8161);
#8163=CARTESIAN_POINT('',(-7.901923788647E0,1.05E1,-1.968653347947E1));
#8164=VERTEX_POINT('',#8163);
#8165=CARTESIAN_POINT('',(-1.05E1,1.05E1,-2.118653347947E1));
#8166=VERTEX_POINT('',#8165);
#8167=CARTESIAN_POINT('',(-1.309807621135E1,8.E0,-1.968653347947E1));
#8168=CARTESIAN_POINT('',(-1.309807621135E1,8.E0,-1.668653347947E1));
#8169=VERTEX_POINT('',#8167);
#8170=VERTEX_POINT('',#8168);
#8171=CARTESIAN_POINT('',(-1.05E1,8.E0,-1.518653347947E1));
#8172=VERTEX_POINT('',#8171);
#8173=CARTESIAN_POINT('',(-7.901923788647E0,8.E0,-1.668653347947E1));
#8174=VERTEX_POINT('',#8173);
#8175=CARTESIAN_POINT('',(-7.901923788647E0,8.E0,-1.968653347947E1));
#8176=VERTEX_POINT('',#8175);
#8177=CARTESIAN_POINT('',(-1.05E1,8.E0,-2.118653347947E1));
#8178=VERTEX_POINT('',#8177);
#8179=CARTESIAN_POINT('',(-1.659807621135E1,1.05E1,-1.362435565298E1));
#8180=CARTESIAN_POINT('',(-1.659807621135E1,1.05E1,-1.062435565298E1));
#8181=VERTEX_POINT('',#8179);
#8182=VERTEX_POINT('',#8180);
#8183=CARTESIAN_POINT('',(-1.4E1,1.05E1,-9.124355652982E0));
#8184=VERTEX_POINT('',#8183);
#8185=CARTESIAN_POINT('',(-1.140192378865E1,1.05E1,-1.062435565298E1));
#8186=VERTEX_POINT('',#8185);
#8187=CARTESIAN_POINT('',(-1.140192378865E1,1.05E1,-1.362435565298E1));
#8188=VERTEX_POINT('',#8187);
#8189=CARTESIAN_POINT('',(-1.4E1,1.05E1,-1.512435565298E1));
#8190=VERTEX_POINT('',#8189);
#8191=CARTESIAN_POINT('',(-1.659807621135E1,8.E0,-1.362435565298E1));
#8192=CARTESIAN_POINT('',(-1.659807621135E1,8.E0,-1.062435565298E1));
#8193=VERTEX_POINT('',#8191);
#8194=VERTEX_POINT('',#8192);
#8195=CARTESIAN_POINT('',(-1.4E1,8.E0,-9.124355652982E0));
#8196=VERTEX_POINT('',#8195);
#8197=CARTESIAN_POINT('',(-1.140192378865E1,8.E0,-1.062435565298E1));
#8198=VERTEX_POINT('',#8197);
#8199=CARTESIAN_POINT('',(-1.140192378865E1,8.E0,-1.362435565298E1));
#8200=VERTEX_POINT('',#8199);
#8201=CARTESIAN_POINT('',(-1.4E1,8.E0,-1.512435565298E1));
#8202=VERTEX_POINT('',#8201);
#8203=CARTESIAN_POINT('',(-2.009807621135E1,1.05E1,-7.562177826491E0));
#8204=CARTESIAN_POINT('',(-2.009807621135E1,1.05E1,-4.562177826491E0));
#8205=VERTEX_POINT('',#8203);
#8206=VERTEX_POINT('',#8204);
#8207=CARTESIAN_POINT('',(-1.75E1,1.05E1,-3.062177826491E0));
#8208=VERTEX_POINT('',#8207);
#8209=CARTESIAN_POINT('',(-1.490192378865E1,1.05E1,-4.562177826491E0));
#8210=VERTEX_POINT('',#8209);
#8211=CARTESIAN_POINT('',(-1.490192378865E1,1.05E1,-7.562177826491E0));
#8212=VERTEX_POINT('',#8211);
#8213=CARTESIAN_POINT('',(-1.75E1,1.05E1,-9.062177826491E0));
#8214=VERTEX_POINT('',#8213);
#8215=CARTESIAN_POINT('',(-2.009807621135E1,8.E0,-7.562177826491E0));
#8216=CARTESIAN_POINT('',(-2.009807621135E1,8.E0,-4.562177826491E0));
#8217=VERTEX_POINT('',#8215);
#8218=VERTEX_POINT('',#8216);
#8219=CARTESIAN_POINT('',(-1.75E1,8.E0,-3.062177826491E0));
#8220=VERTEX_POINT('',#8219);
#8221=CARTESIAN_POINT('',(-1.490192378865E1,8.E0,-4.562177826491E0));
#8222=VERTEX_POINT('',#8221);
#8223=CARTESIAN_POINT('',(-1.490192378865E1,8.E0,-7.562177826491E0));
#8224=VERTEX_POINT('',#8223);
#8225=CARTESIAN_POINT('',(-1.75E1,8.E0,-9.062177826491E0));
#8226=VERTEX_POINT('',#8225);
#8227=CARTESIAN_POINT('',(-2.359807621135E1,1.05E1,-1.5E0));
#8228=CARTESIAN_POINT('',(-2.359807621135E1,1.05E1,1.5E0));
#8229=VERTEX_POINT('',#8227);
#8230=VERTEX_POINT('',#8228);
#8231=CARTESIAN_POINT('',(-2.1E1,1.05E1,3.E0));
#8232=VERTEX_POINT('',#8231);
#8233=CARTESIAN_POINT('',(-1.840192378865E1,1.05E1,1.5E0));
#8234=VERTEX_POINT('',#8233);
#8235=CARTESIAN_POINT('',(-1.840192378865E1,1.05E1,-1.5E0));
#8236=VERTEX_POINT('',#8235);
#8237=CARTESIAN_POINT('',(-2.1E1,1.05E1,-3.E0));
#8238=VERTEX_POINT('',#8237);
#8239=CARTESIAN_POINT('',(-2.359807621135E1,8.E0,-1.5E0));
#8240=CARTESIAN_POINT('',(-2.359807621135E1,8.E0,1.5E0));
#8241=VERTEX_POINT('',#8239);
#8242=VERTEX_POINT('',#8240);
#8243=CARTESIAN_POINT('',(-2.1E1,8.E0,3.E0));
#8244=VERTEX_POINT('',#8243);
#8245=CARTESIAN_POINT('',(-1.840192378865E1,8.E0,1.5E0));
#8246=VERTEX_POINT('',#8245);
#8247=CARTESIAN_POINT('',(-1.840192378865E1,8.E0,-1.5E0));
#8248=VERTEX_POINT('',#8247);
#8249=CARTESIAN_POINT('',(-2.1E1,8.E0,-3.E0));
#8250=VERTEX_POINT('',#8249);
#8251=CARTESIAN_POINT('',(-2.009807621135E1,1.05E1,4.562177826491E0));
#8252=CARTESIAN_POINT('',(-2.009807621135E1,1.05E1,7.562177826491E0));
#8253=VERTEX_POINT('',#8251);
#8254=VERTEX_POINT('',#8252);
#8255=CARTESIAN_POINT('',(-1.75E1,1.05E1,9.062177826491E0));
#8256=VERTEX_POINT('',#8255);
#8257=CARTESIAN_POINT('',(-1.490192378865E1,1.05E1,7.562177826491E0));
#8258=VERTEX_POINT('',#8257);
#8259=CARTESIAN_POINT('',(-1.490192378865E1,1.05E1,4.562177826491E0));
#8260=VERTEX_POINT('',#8259);
#8261=CARTESIAN_POINT('',(-1.75E1,1.05E1,3.062177826491E0));
#8262=VERTEX_POINT('',#8261);
#8263=CARTESIAN_POINT('',(-2.009807621135E1,8.E0,4.562177826491E0));
#8264=CARTESIAN_POINT('',(-2.009807621135E1,8.E0,7.562177826491E0));
#8265=VERTEX_POINT('',#8263);
#8266=VERTEX_POINT('',#8264);
#8267=CARTESIAN_POINT('',(-1.75E1,8.E0,9.062177826491E0));
#8268=VERTEX_POINT('',#8267);
#8269=CARTESIAN_POINT('',(-1.490192378865E1,8.E0,7.562177826491E0));
#8270=VERTEX_POINT('',#8269);
#8271=CARTESIAN_POINT('',(-1.490192378865E1,8.E0,4.562177826491E0));
#8272=VERTEX_POINT('',#8271);
#8273=CARTESIAN_POINT('',(-1.75E1,8.E0,3.062177826491E0));
#8274=VERTEX_POINT('',#8273);
#8275=CARTESIAN_POINT('',(-1.659807621135E1,1.05E1,1.062435565298E1));
#8276=CARTESIAN_POINT('',(-1.659807621135E1,1.05E1,1.362435565298E1));
#8277=VERTEX_POINT('',#8275);
#8278=VERTEX_POINT('',#8276);
#8279=CARTESIAN_POINT('',(-1.4E1,1.05E1,1.512435565298E1));
#8280=VERTEX_POINT('',#8279);
#8281=CARTESIAN_POINT('',(-1.140192378865E1,1.05E1,1.362435565298E1));
#8282=VERTEX_POINT('',#8281);
#8283=CARTESIAN_POINT('',(-1.140192378865E1,1.05E1,1.062435565298E1));
#8284=VERTEX_POINT('',#8283);
#8285=CARTESIAN_POINT('',(-1.4E1,1.05E1,9.124355652982E0));
#8286=VERTEX_POINT('',#8285);
#8287=CARTESIAN_POINT('',(-1.659807621135E1,8.E0,1.062435565298E1));
#8288=CARTESIAN_POINT('',(-1.659807621135E1,8.E0,1.362435565298E1));
#8289=VERTEX_POINT('',#8287);
#8290=VERTEX_POINT('',#8288);
#8291=CARTESIAN_POINT('',(-1.4E1,8.E0,1.512435565298E1));
#8292=VERTEX_POINT('',#8291);
#8293=CARTESIAN_POINT('',(-1.140192378865E1,8.E0,1.362435565298E1));
#8294=VERTEX_POINT('',#8293);
#8295=CARTESIAN_POINT('',(-1.140192378865E1,8.E0,1.062435565298E1));
#8296=VERTEX_POINT('',#8295);
#8297=CARTESIAN_POINT('',(-1.4E1,8.E0,9.124355652982E0));
#8298=VERTEX_POINT('',#8297);
#8299=CARTESIAN_POINT('',(-1.309807621135E1,1.05E1,1.668653347947E1));
#8300=CARTESIAN_POINT('',(-1.309807621135E1,1.05E1,1.968653347947E1));
#8301=VERTEX_POINT('',#8299);
#8302=VERTEX_POINT('',#8300);
#8303=CARTESIAN_POINT('',(-1.05E1,1.05E1,2.118653347947E1));
#8304=VERTEX_POINT('',#8303);
#8305=CARTESIAN_POINT('',(-7.901923788647E0,1.05E1,1.968653347947E1));
#8306=VERTEX_POINT('',#8305);
#8307=CARTESIAN_POINT('',(-7.901923788647E0,1.05E1,1.668653347947E1));
#8308=VERTEX_POINT('',#8307);
#8309=CARTESIAN_POINT('',(-1.05E1,1.05E1,1.518653347947E1));
#8310=VERTEX_POINT('',#8309);
#8311=CARTESIAN_POINT('',(-1.309807621135E1,8.E0,1.668653347947E1));
#8312=CARTESIAN_POINT('',(-1.309807621135E1,8.E0,1.968653347947E1));
#8313=VERTEX_POINT('',#8311);
#8314=VERTEX_POINT('',#8312);
#8315=CARTESIAN_POINT('',(-1.05E1,8.E0,2.118653347947E1));
#8316=VERTEX_POINT('',#8315);
#8317=CARTESIAN_POINT('',(-7.901923788647E0,8.E0,1.968653347947E1));
#8318=VERTEX_POINT('',#8317);
#8319=CARTESIAN_POINT('',(-7.901923788647E0,8.E0,1.668653347947E1));
#8320=VERTEX_POINT('',#8319);
#8321=CARTESIAN_POINT('',(-1.05E1,8.E0,1.518653347947E1));
#8322=VERTEX_POINT('',#8321);
#8323=CARTESIAN_POINT('',(-6.098076211353E0,1.05E1,1.668653347947E1));
#8324=CARTESIAN_POINT('',(-6.098076211353E0,1.05E1,1.968653347947E1));
#8325=VERTEX_POINT('',#8323);
#8326=VERTEX_POINT('',#8324);
#8327=CARTESIAN_POINT('',(-3.5E0,1.05E1,2.118653347947E1));
#8328=VERTEX_POINT('',#8327);
#8329=CARTESIAN_POINT('',(-9.019237886467E-1,1.05E1,1.968653347947E1));
#8330=VERTEX_POINT('',#8329);
#8331=CARTESIAN_POINT('',(-9.019237886467E-1,1.05E1,1.668653347947E1));
#8332=VERTEX_POINT('',#8331);
#8333=CARTESIAN_POINT('',(-3.5E0,1.05E1,1.518653347947E1));
#8334=VERTEX_POINT('',#8333);
#8335=CARTESIAN_POINT('',(-6.098076211353E0,8.E0,1.668653347947E1));
#8336=CARTESIAN_POINT('',(-6.098076211353E0,8.E0,1.968653347947E1));
#8337=VERTEX_POINT('',#8335);
#8338=VERTEX_POINT('',#8336);
#8339=CARTESIAN_POINT('',(-3.5E0,8.E0,2.118653347947E1));
#8340=VERTEX_POINT('',#8339);
#8341=CARTESIAN_POINT('',(-9.019237886467E-1,8.E0,1.968653347947E1));
#8342=VERTEX_POINT('',#8341);
#8343=CARTESIAN_POINT('',(-9.019237886467E-1,8.E0,1.668653347947E1));
#8344=VERTEX_POINT('',#8343);
#8345=CARTESIAN_POINT('',(-3.5E0,8.E0,1.518653347947E1));
#8346=VERTEX_POINT('',#8345);
#8347=CARTESIAN_POINT('',(9.019237886467E-1,1.05E1,1.668653347947E1));
#8348=CARTESIAN_POINT('',(9.019237886467E-1,1.05E1,1.968653347947E1));
#8349=VERTEX_POINT('',#8347);
#8350=VERTEX_POINT('',#8348);
#8351=CARTESIAN_POINT('',(3.5E0,1.05E1,2.118653347947E1));
#8352=VERTEX_POINT('',#8351);
#8353=CARTESIAN_POINT('',(6.098076211353E0,1.05E1,1.968653347947E1));
#8354=VERTEX_POINT('',#8353);
#8355=CARTESIAN_POINT('',(6.098076211353E0,1.05E1,1.668653347947E1));
#8356=VERTEX_POINT('',#8355);
#8357=CARTESIAN_POINT('',(3.5E0,1.05E1,1.518653347947E1));
#8358=VERTEX_POINT('',#8357);
#8359=CARTESIAN_POINT('',(9.019237886467E-1,8.E0,1.668653347947E1));
#8360=CARTESIAN_POINT('',(9.019237886467E-1,8.E0,1.968653347947E1));
#8361=VERTEX_POINT('',#8359);
#8362=VERTEX_POINT('',#8360);
#8363=CARTESIAN_POINT('',(3.5E0,8.E0,2.118653347947E1));
#8364=VERTEX_POINT('',#8363);
#8365=CARTESIAN_POINT('',(6.098076211353E0,8.E0,1.968653347947E1));
#8366=VERTEX_POINT('',#8365);
#8367=CARTESIAN_POINT('',(6.098076211353E0,8.E0,1.668653347947E1));
#8368=VERTEX_POINT('',#8367);
#8369=CARTESIAN_POINT('',(3.5E0,8.E0,1.518653347947E1));
#8370=VERTEX_POINT('',#8369);
#8371=CARTESIAN_POINT('',(7.901923788647E0,1.05E1,1.668653347947E1));
#8372=CARTESIAN_POINT('',(7.901923788647E0,1.05E1,1.968653347947E1));
#8373=VERTEX_POINT('',#8371);
#8374=VERTEX_POINT('',#8372);
#8375=CARTESIAN_POINT('',(1.05E1,1.05E1,2.118653347947E1));
#8376=VERTEX_POINT('',#8375);
#8377=CARTESIAN_POINT('',(1.309807621135E1,1.05E1,1.968653347947E1));
#8378=VERTEX_POINT('',#8377);
#8379=CARTESIAN_POINT('',(1.309807621135E1,1.05E1,1.668653347947E1));
#8380=VERTEX_POINT('',#8379);
#8381=CARTESIAN_POINT('',(1.05E1,1.05E1,1.518653347947E1));
#8382=VERTEX_POINT('',#8381);
#8383=CARTESIAN_POINT('',(7.901923788647E0,8.E0,1.668653347947E1));
#8384=CARTESIAN_POINT('',(7.901923788647E0,8.E0,1.968653347947E1));
#8385=VERTEX_POINT('',#8383);
#8386=VERTEX_POINT('',#8384);
#8387=CARTESIAN_POINT('',(1.05E1,8.E0,2.118653347947E1));
#8388=VERTEX_POINT('',#8387);
#8389=CARTESIAN_POINT('',(1.309807621135E1,8.E0,1.968653347947E1));
#8390=VERTEX_POINT('',#8389);
#8391=CARTESIAN_POINT('',(1.309807621135E1,8.E0,1.668653347947E1));
#8392=VERTEX_POINT('',#8391);
#8393=CARTESIAN_POINT('',(1.05E1,8.E0,1.518653347947E1));
#8394=VERTEX_POINT('',#8393);
#8395=CARTESIAN_POINT('',(-2.009807621135E1,1.05E1,-1.968653347947E1));
#8396=CARTESIAN_POINT('',(-2.009807621135E1,1.05E1,-1.668653347947E1));
#8397=VERTEX_POINT('',#8395);
#8398=VERTEX_POINT('',#8396);
#8399=CARTESIAN_POINT('',(-1.75E1,1.05E1,-1.518653347947E1));
#8400=VERTEX_POINT('',#8399);
#8401=CARTESIAN_POINT('',(-1.490192378865E1,1.05E1,-1.668653347947E1));
#8402=VERTEX_POINT('',#8401);
#8403=CARTESIAN_POINT('',(-1.490192378865E1,1.05E1,-1.968653347947E1));
#8404=VERTEX_POINT('',#8403);
#8405=CARTESIAN_POINT('',(-1.75E1,1.05E1,-2.118653347947E1));
#8406=VERTEX_POINT('',#8405);
#8407=CARTESIAN_POINT('',(-2.009807621135E1,8.E0,-1.968653347947E1));
#8408=CARTESIAN_POINT('',(-2.009807621135E1,8.E0,-1.668653347947E1));
#8409=VERTEX_POINT('',#8407);
#8410=VERTEX_POINT('',#8408);
#8411=CARTESIAN_POINT('',(-1.75E1,8.E0,-1.518653347947E1));
#8412=VERTEX_POINT('',#8411);
#8413=CARTESIAN_POINT('',(-1.490192378865E1,8.E0,-1.668653347947E1));
#8414=VERTEX_POINT('',#8413);
#8415=CARTESIAN_POINT('',(-1.490192378865E1,8.E0,-1.968653347947E1));
#8416=VERTEX_POINT('',#8415);
#8417=CARTESIAN_POINT('',(-1.75E1,8.E0,-2.118653347947E1));
#8418=VERTEX_POINT('',#8417);
#8419=CARTESIAN_POINT('',(-2.359807621135E1,1.05E1,-1.362435565298E1));
#8420=CARTESIAN_POINT('',(-2.359807621135E1,1.05E1,-1.062435565298E1));
#8421=VERTEX_POINT('',#8419);
#8422=VERTEX_POINT('',#8420);
#8423=CARTESIAN_POINT('',(-2.1E1,1.05E1,-9.124355652982E0));
#8424=VERTEX_POINT('',#8423);
#8425=CARTESIAN_POINT('',(-1.840192378865E1,1.05E1,-1.062435565298E1));
#8426=VERTEX_POINT('',#8425);
#8427=CARTESIAN_POINT('',(-1.840192378865E1,1.05E1,-1.362435565298E1));
#8428=VERTEX_POINT('',#8427);
#8429=CARTESIAN_POINT('',(-2.1E1,1.05E1,-1.512435565298E1));
#8430=VERTEX_POINT('',#8429);
#8431=CARTESIAN_POINT('',(-2.359807621135E1,8.E0,-1.362435565298E1));
#8432=CARTESIAN_POINT('',(-2.359807621135E1,8.E0,-1.062435565298E1));
#8433=VERTEX_POINT('',#8431);
#8434=VERTEX_POINT('',#8432);
#8435=CARTESIAN_POINT('',(-2.1E1,8.E0,-9.124355652982E0));
#8436=VERTEX_POINT('',#8435);
#8437=CARTESIAN_POINT('',(-1.840192378865E1,8.E0,-1.062435565298E1));
#8438=VERTEX_POINT('',#8437);
#8439=CARTESIAN_POINT('',(-1.840192378865E1,8.E0,-1.362435565298E1));
#8440=VERTEX_POINT('',#8439);
#8441=CARTESIAN_POINT('',(-2.1E1,8.E0,-1.512435565298E1));
#8442=VERTEX_POINT('',#8441);
#8443=CARTESIAN_POINT('',(-2.709807621135E1,1.05E1,-7.562177826491E0));
#8444=CARTESIAN_POINT('',(-2.709807621135E1,1.05E1,-4.562177826491E0));
#8445=VERTEX_POINT('',#8443);
#8446=VERTEX_POINT('',#8444);
#8447=CARTESIAN_POINT('',(-2.45E1,1.05E1,-3.062177826491E0));
#8448=VERTEX_POINT('',#8447);
#8449=CARTESIAN_POINT('',(-2.190192378865E1,1.05E1,-4.562177826491E0));
#8450=VERTEX_POINT('',#8449);
#8451=CARTESIAN_POINT('',(-2.190192378865E1,1.05E1,-7.562177826491E0));
#8452=VERTEX_POINT('',#8451);
#8453=CARTESIAN_POINT('',(-2.45E1,1.05E1,-9.062177826491E0));
#8454=VERTEX_POINT('',#8453);
#8455=CARTESIAN_POINT('',(-2.709807621135E1,8.E0,-7.562177826491E0));
#8456=CARTESIAN_POINT('',(-2.709807621135E1,8.E0,-4.562177826491E0));
#8457=VERTEX_POINT('',#8455);
#8458=VERTEX_POINT('',#8456);
#8459=CARTESIAN_POINT('',(-2.45E1,8.E0,-3.062177826491E0));
#8460=VERTEX_POINT('',#8459);
#8461=CARTESIAN_POINT('',(-2.190192378865E1,8.E0,-4.562177826491E0));
#8462=VERTEX_POINT('',#8461);
#8463=CARTESIAN_POINT('',(-2.190192378865E1,8.E0,-7.562177826491E0));
#8464=VERTEX_POINT('',#8463);
#8465=CARTESIAN_POINT('',(-2.45E1,8.E0,-9.062177826491E0));
#8466=VERTEX_POINT('',#8465);
#8467=CARTESIAN_POINT('',(-3.059807621135E1,1.05E1,-1.5E0));
#8468=CARTESIAN_POINT('',(-3.059807621135E1,1.05E1,1.5E0));
#8469=VERTEX_POINT('',#8467);
#8470=VERTEX_POINT('',#8468);
#8471=CARTESIAN_POINT('',(-2.8E1,1.05E1,3.E0));
#8472=VERTEX_POINT('',#8471);
#8473=CARTESIAN_POINT('',(-2.540192378865E1,1.05E1,1.5E0));
#8474=VERTEX_POINT('',#8473);
#8475=CARTESIAN_POINT('',(-2.540192378865E1,1.05E1,-1.5E0));
#8476=VERTEX_POINT('',#8475);
#8477=CARTESIAN_POINT('',(-2.8E1,1.05E1,-3.E0));
#8478=VERTEX_POINT('',#8477);
#8479=CARTESIAN_POINT('',(-3.059807621135E1,8.E0,-1.5E0));
#8480=CARTESIAN_POINT('',(-3.059807621135E1,8.E0,1.5E0));
#8481=VERTEX_POINT('',#8479);
#8482=VERTEX_POINT('',#8480);
#8483=CARTESIAN_POINT('',(-2.8E1,8.E0,3.E0));
#8484=VERTEX_POINT('',#8483);
#8485=CARTESIAN_POINT('',(-2.540192378865E1,8.E0,1.5E0));
#8486=VERTEX_POINT('',#8485);
#8487=CARTESIAN_POINT('',(-2.540192378865E1,8.E0,-1.5E0));
#8488=VERTEX_POINT('',#8487);
#8489=CARTESIAN_POINT('',(-2.8E1,8.E0,-3.E0));
#8490=VERTEX_POINT('',#8489);
#8491=CARTESIAN_POINT('',(-2.709807621135E1,1.05E1,4.562177826491E0));
#8492=CARTESIAN_POINT('',(-2.709807621135E1,1.05E1,7.562177826491E0));
#8493=VERTEX_POINT('',#8491);
#8494=VERTEX_POINT('',#8492);
#8495=CARTESIAN_POINT('',(-2.45E1,1.05E1,9.062177826491E0));
#8496=VERTEX_POINT('',#8495);
#8497=CARTESIAN_POINT('',(-2.190192378865E1,1.05E1,7.562177826491E0));
#8498=VERTEX_POINT('',#8497);
#8499=CARTESIAN_POINT('',(-2.190192378865E1,1.05E1,4.562177826491E0));
#8500=VERTEX_POINT('',#8499);
#8501=CARTESIAN_POINT('',(-2.45E1,1.05E1,3.062177826491E0));
#8502=VERTEX_POINT('',#8501);
#8503=CARTESIAN_POINT('',(-2.709807621135E1,8.E0,4.562177826491E0));
#8504=CARTESIAN_POINT('',(-2.709807621135E1,8.E0,7.562177826491E0));
#8505=VERTEX_POINT('',#8503);
#8506=VERTEX_POINT('',#8504);
#8507=CARTESIAN_POINT('',(-2.45E1,8.E0,9.062177826491E0));
#8508=VERTEX_POINT('',#8507);
#8509=CARTESIAN_POINT('',(-2.190192378865E1,8.E0,7.562177826491E0));
#8510=VERTEX_POINT('',#8509);
#8511=CARTESIAN_POINT('',(-2.190192378865E1,8.E0,4.562177826491E0));
#8512=VERTEX_POINT('',#8511);
#8513=CARTESIAN_POINT('',(-2.45E1,8.E0,3.062177826491E0));
#8514=VERTEX_POINT('',#8513);
#8515=CARTESIAN_POINT('',(-2.359807621135E1,1.05E1,1.062435565298E1));
#8516=CARTESIAN_POINT('',(-2.359807621135E1,1.05E1,1.362435565298E1));
#8517=VERTEX_POINT('',#8515);
#8518=VERTEX_POINT('',#8516);
#8519=CARTESIAN_POINT('',(-2.1E1,1.05E1,1.512435565298E1));
#8520=VERTEX_POINT('',#8519);
#8521=CARTESIAN_POINT('',(-1.840192378865E1,1.05E1,1.362435565298E1));
#8522=VERTEX_POINT('',#8521);
#8523=CARTESIAN_POINT('',(-1.840192378865E1,1.05E1,1.062435565298E1));
#8524=VERTEX_POINT('',#8523);
#8525=CARTESIAN_POINT('',(-2.1E1,1.05E1,9.124355652982E0));
#8526=VERTEX_POINT('',#8525);
#8527=CARTESIAN_POINT('',(-2.359807621135E1,8.E0,1.062435565298E1));
#8528=CARTESIAN_POINT('',(-2.359807621135E1,8.E0,1.362435565298E1));
#8529=VERTEX_POINT('',#8527);
#8530=VERTEX_POINT('',#8528);
#8531=CARTESIAN_POINT('',(-2.1E1,8.E0,1.512435565298E1));
#8532=VERTEX_POINT('',#8531);
#8533=CARTESIAN_POINT('',(-1.840192378865E1,8.E0,1.362435565298E1));
#8534=VERTEX_POINT('',#8533);
#8535=CARTESIAN_POINT('',(-1.840192378865E1,8.E0,1.062435565298E1));
#8536=VERTEX_POINT('',#8535);
#8537=CARTESIAN_POINT('',(-2.1E1,8.E0,9.124355652982E0));
#8538=VERTEX_POINT('',#8537);
#8539=CARTESIAN_POINT('',(-2.009807621135E1,1.05E1,1.668653347947E1));
#8540=CARTESIAN_POINT('',(-2.009807621135E1,1.05E1,1.968653347947E1));
#8541=VERTEX_POINT('',#8539);
#8542=VERTEX_POINT('',#8540);
#8543=CARTESIAN_POINT('',(-1.75E1,1.05E1,2.118653347947E1));
#8544=VERTEX_POINT('',#8543);
#8545=CARTESIAN_POINT('',(-1.490192378865E1,1.05E1,1.968653347947E1));
#8546=VERTEX_POINT('',#8545);
#8547=CARTESIAN_POINT('',(-1.490192378865E1,1.05E1,1.668653347947E1));
#8548=VERTEX_POINT('',#8547);
#8549=CARTESIAN_POINT('',(-1.75E1,1.05E1,1.518653347947E1));
#8550=VERTEX_POINT('',#8549);
#8551=CARTESIAN_POINT('',(-2.009807621135E1,8.E0,1.668653347947E1));
#8552=CARTESIAN_POINT('',(-2.009807621135E1,8.E0,1.968653347947E1));
#8553=VERTEX_POINT('',#8551);
#8554=VERTEX_POINT('',#8552);
#8555=CARTESIAN_POINT('',(-1.75E1,8.E0,2.118653347947E1));
#8556=VERTEX_POINT('',#8555);
#8557=CARTESIAN_POINT('',(-1.490192378865E1,8.E0,1.968653347947E1));
#8558=VERTEX_POINT('',#8557);
#8559=CARTESIAN_POINT('',(-1.490192378865E1,8.E0,1.668653347947E1));
#8560=VERTEX_POINT('',#8559);
#8561=CARTESIAN_POINT('',(-1.75E1,8.E0,1.518653347947E1));
#8562=VERTEX_POINT('',#8561);
#8563=CARTESIAN_POINT('',(-2.709807621135E1,1.05E1,-1.968653347947E1));
#8564=CARTESIAN_POINT('',(-2.709807621135E1,1.05E1,-1.668653347947E1));
#8565=VERTEX_POINT('',#8563);
#8566=VERTEX_POINT('',#8564);
#8567=CARTESIAN_POINT('',(-2.45E1,1.05E1,-1.518653347947E1));
#8568=VERTEX_POINT('',#8567);
#8569=CARTESIAN_POINT('',(-2.190192378865E1,1.05E1,-1.668653347947E1));
#8570=VERTEX_POINT('',#8569);
#8571=CARTESIAN_POINT('',(-2.190192378865E1,1.05E1,-1.968653347947E1));
#8572=VERTEX_POINT('',#8571);
#8573=CARTESIAN_POINT('',(-2.45E1,1.05E1,-2.118653347947E1));
#8574=VERTEX_POINT('',#8573);
#8575=CARTESIAN_POINT('',(-2.709807621135E1,8.E0,-1.968653347947E1));
#8576=CARTESIAN_POINT('',(-2.709807621135E1,8.E0,-1.668653347947E1));
#8577=VERTEX_POINT('',#8575);
#8578=VERTEX_POINT('',#8576);
#8579=CARTESIAN_POINT('',(-2.45E1,8.E0,-1.518653347947E1));
#8580=VERTEX_POINT('',#8579);
#8581=CARTESIAN_POINT('',(-2.190192378865E1,8.E0,-1.668653347947E1));
#8582=VERTEX_POINT('',#8581);
#8583=CARTESIAN_POINT('',(-2.190192378865E1,8.E0,-1.968653347947E1));
#8584=VERTEX_POINT('',#8583);
#8585=CARTESIAN_POINT('',(-2.45E1,8.E0,-2.118653347947E1));
#8586=VERTEX_POINT('',#8585);
#8587=CARTESIAN_POINT('',(-3.059807621135E1,1.05E1,-1.362435565298E1));
#8588=CARTESIAN_POINT('',(-3.059807621135E1,1.05E1,-1.062435565298E1));
#8589=VERTEX_POINT('',#8587);
#8590=VERTEX_POINT('',#8588);
#8591=CARTESIAN_POINT('',(-2.8E1,1.05E1,-9.124355652982E0));
#8592=VERTEX_POINT('',#8591);
#8593=CARTESIAN_POINT('',(-2.540192378865E1,1.05E1,-1.062435565298E1));
#8594=VERTEX_POINT('',#8593);
#8595=CARTESIAN_POINT('',(-2.540192378865E1,1.05E1,-1.362435565298E1));
#8596=VERTEX_POINT('',#8595);
#8597=CARTESIAN_POINT('',(-2.8E1,1.05E1,-1.512435565298E1));
#8598=VERTEX_POINT('',#8597);
#8599=CARTESIAN_POINT('',(-3.059807621135E1,8.E0,-1.362435565298E1));
#8600=CARTESIAN_POINT('',(-3.059807621135E1,8.E0,-1.062435565298E1));
#8601=VERTEX_POINT('',#8599);
#8602=VERTEX_POINT('',#8600);
#8603=CARTESIAN_POINT('',(-2.8E1,8.E0,-9.124355652982E0));
#8604=VERTEX_POINT('',#8603);
#8605=CARTESIAN_POINT('',(-2.540192378865E1,8.E0,-1.062435565298E1));
#8606=VERTEX_POINT('',#8605);
#8607=CARTESIAN_POINT('',(-2.540192378865E1,8.E0,-1.362435565298E1));
#8608=VERTEX_POINT('',#8607);
#8609=CARTESIAN_POINT('',(-2.8E1,8.E0,-1.512435565298E1));
#8610=VERTEX_POINT('',#8609);
#8611=CARTESIAN_POINT('',(-3.409807621135E1,1.05E1,-7.562177826491E0));
#8612=CARTESIAN_POINT('',(-3.409807621135E1,1.05E1,-4.562177826491E0));
#8613=VERTEX_POINT('',#8611);
#8614=VERTEX_POINT('',#8612);
#8615=CARTESIAN_POINT('',(-3.15E1,1.05E1,-3.062177826491E0));
#8616=VERTEX_POINT('',#8615);
#8617=CARTESIAN_POINT('',(-2.890192378865E1,1.05E1,-4.562177826491E0));
#8618=VERTEX_POINT('',#8617);
#8619=CARTESIAN_POINT('',(-2.890192378865E1,1.05E1,-7.562177826491E0));
#8620=VERTEX_POINT('',#8619);
#8621=CARTESIAN_POINT('',(-3.15E1,1.05E1,-9.062177826491E0));
#8622=VERTEX_POINT('',#8621);
#8623=CARTESIAN_POINT('',(-3.409807621135E1,8.E0,-7.562177826491E0));
#8624=CARTESIAN_POINT('',(-3.409807621135E1,8.E0,-4.562177826491E0));
#8625=VERTEX_POINT('',#8623);
#8626=VERTEX_POINT('',#8624);
#8627=CARTESIAN_POINT('',(-3.15E1,8.E0,-3.062177826491E0));
#8628=VERTEX_POINT('',#8627);
#8629=CARTESIAN_POINT('',(-2.890192378865E1,8.E0,-4.562177826491E0));
#8630=VERTEX_POINT('',#8629);
#8631=CARTESIAN_POINT('',(-2.890192378865E1,8.E0,-7.562177826491E0));
#8632=VERTEX_POINT('',#8631);
#8633=CARTESIAN_POINT('',(-3.15E1,8.E0,-9.062177826491E0));
#8634=VERTEX_POINT('',#8633);
#8635=CARTESIAN_POINT('',(-3.759807621135E1,1.05E1,-1.5E0));
#8636=CARTESIAN_POINT('',(-3.759807621135E1,1.05E1,1.5E0));
#8637=VERTEX_POINT('',#8635);
#8638=VERTEX_POINT('',#8636);
#8639=CARTESIAN_POINT('',(-3.5E1,1.05E1,3.E0));
#8640=VERTEX_POINT('',#8639);
#8641=CARTESIAN_POINT('',(-3.240192378865E1,1.05E1,1.5E0));
#8642=VERTEX_POINT('',#8641);
#8643=CARTESIAN_POINT('',(-3.240192378865E1,1.05E1,-1.5E0));
#8644=VERTEX_POINT('',#8643);
#8645=CARTESIAN_POINT('',(-3.5E1,1.05E1,-3.E0));
#8646=VERTEX_POINT('',#8645);
#8647=CARTESIAN_POINT('',(-3.759807621135E1,8.E0,-1.5E0));
#8648=CARTESIAN_POINT('',(-3.759807621135E1,8.E0,1.5E0));
#8649=VERTEX_POINT('',#8647);
#8650=VERTEX_POINT('',#8648);
#8651=CARTESIAN_POINT('',(-3.5E1,8.E0,3.E0));
#8652=VERTEX_POINT('',#8651);
#8653=CARTESIAN_POINT('',(-3.240192378865E1,8.E0,1.5E0));
#8654=VERTEX_POINT('',#8653);
#8655=CARTESIAN_POINT('',(-3.240192378865E1,8.E0,-1.5E0));
#8656=VERTEX_POINT('',#8655);
#8657=CARTESIAN_POINT('',(-3.5E1,8.E0,-3.E0));
#8658=VERTEX_POINT('',#8657);
#8659=CARTESIAN_POINT('',(-3.409807621135E1,1.05E1,4.562177826491E0));
#8660=CARTESIAN_POINT('',(-3.409807621135E1,1.05E1,7.562177826491E0));
#8661=VERTEX_POINT('',#8659);
#8662=VERTEX_POINT('',#8660);
#8663=CARTESIAN_POINT('',(-3.15E1,1.05E1,9.062177826491E0));
#8664=VERTEX_POINT('',#8663);
#8665=CARTESIAN_POINT('',(-2.890192378865E1,1.05E1,7.562177826491E0));
#8666=VERTEX_POINT('',#8665);
#8667=CARTESIAN_POINT('',(-2.890192378865E1,1.05E1,4.562177826491E0));
#8668=VERTEX_POINT('',#8667);
#8669=CARTESIAN_POINT('',(-3.15E1,1.05E1,3.062177826491E0));
#8670=VERTEX_POINT('',#8669);
#8671=CARTESIAN_POINT('',(-3.409807621135E1,8.E0,4.562177826491E0));
#8672=CARTESIAN_POINT('',(-3.409807621135E1,8.E0,7.562177826491E0));
#8673=VERTEX_POINT('',#8671);
#8674=VERTEX_POINT('',#8672);
#8675=CARTESIAN_POINT('',(-3.15E1,8.E0,9.062177826491E0));
#8676=VERTEX_POINT('',#8675);
#8677=CARTESIAN_POINT('',(-2.890192378865E1,8.E0,7.562177826491E0));
#8678=VERTEX_POINT('',#8677);
#8679=CARTESIAN_POINT('',(-2.890192378865E1,8.E0,4.562177826491E0));
#8680=VERTEX_POINT('',#8679);
#8681=CARTESIAN_POINT('',(-3.15E1,8.E0,3.062177826491E0));
#8682=VERTEX_POINT('',#8681);
#8683=CARTESIAN_POINT('',(-3.059807621135E1,1.05E1,1.062435565298E1));
#8684=CARTESIAN_POINT('',(-3.059807621135E1,1.05E1,1.362435565298E1));
#8685=VERTEX_POINT('',#8683);
#8686=VERTEX_POINT('',#8684);
#8687=CARTESIAN_POINT('',(-2.8E1,1.05E1,1.512435565298E1));
#8688=VERTEX_POINT('',#8687);
#8689=CARTESIAN_POINT('',(-2.540192378865E1,1.05E1,1.362435565298E1));
#8690=VERTEX_POINT('',#8689);
#8691=CARTESIAN_POINT('',(-2.540192378865E1,1.05E1,1.062435565298E1));
#8692=VERTEX_POINT('',#8691);
#8693=CARTESIAN_POINT('',(-2.8E1,1.05E1,9.124355652982E0));
#8694=VERTEX_POINT('',#8693);
#8695=CARTESIAN_POINT('',(-3.059807621135E1,8.E0,1.062435565298E1));
#8696=CARTESIAN_POINT('',(-3.059807621135E1,8.E0,1.362435565298E1));
#8697=VERTEX_POINT('',#8695);
#8698=VERTEX_POINT('',#8696);
#8699=CARTESIAN_POINT('',(-2.8E1,8.E0,1.512435565298E1));
#8700=VERTEX_POINT('',#8699);
#8701=CARTESIAN_POINT('',(-2.540192378865E1,8.E0,1.362435565298E1));
#8702=VERTEX_POINT('',#8701);
#8703=CARTESIAN_POINT('',(-2.540192378865E1,8.E0,1.062435565298E1));
#8704=VERTEX_POINT('',#8703);
#8705=CARTESIAN_POINT('',(-2.8E1,8.E0,9.124355652982E0));
#8706=VERTEX_POINT('',#8705);
#8707=CARTESIAN_POINT('',(-2.709807621135E1,1.05E1,1.668653347947E1));
#8708=CARTESIAN_POINT('',(-2.709807621135E1,1.05E1,1.968653347947E1));
#8709=VERTEX_POINT('',#8707);
#8710=VERTEX_POINT('',#8708);
#8711=CARTESIAN_POINT('',(-2.45E1,1.05E1,2.118653347947E1));
#8712=VERTEX_POINT('',#8711);
#8713=CARTESIAN_POINT('',(-2.190192378865E1,1.05E1,1.968653347947E1));
#8714=VERTEX_POINT('',#8713);
#8715=CARTESIAN_POINT('',(-2.190192378865E1,1.05E1,1.668653347947E1));
#8716=VERTEX_POINT('',#8715);
#8717=CARTESIAN_POINT('',(-2.45E1,1.05E1,1.518653347947E1));
#8718=VERTEX_POINT('',#8717);
#8719=CARTESIAN_POINT('',(-2.709807621135E1,8.E0,1.668653347947E1));
#8720=CARTESIAN_POINT('',(-2.709807621135E1,8.E0,1.968653347947E1));
#8721=VERTEX_POINT('',#8719);
#8722=VERTEX_POINT('',#8720);
#8723=CARTESIAN_POINT('',(-2.45E1,8.E0,2.118653347947E1));
#8724=VERTEX_POINT('',#8723);
#8725=CARTESIAN_POINT('',(-2.190192378865E1,8.E0,1.968653347947E1));
#8726=VERTEX_POINT('',#8725);
#8727=CARTESIAN_POINT('',(-2.190192378865E1,8.E0,1.668653347947E1));
#8728=VERTEX_POINT('',#8727);
#8729=CARTESIAN_POINT('',(-2.45E1,8.E0,1.518653347947E1));
#8730=VERTEX_POINT('',#8729);
#8731=CARTESIAN_POINT('',(-3.409807621135E1,1.05E1,-1.968653347947E1));
#8732=CARTESIAN_POINT('',(-3.409807621135E1,1.05E1,-1.668653347947E1));
#8733=VERTEX_POINT('',#8731);
#8734=VERTEX_POINT('',#8732);
#8735=CARTESIAN_POINT('',(-3.15E1,1.05E1,-1.518653347947E1));
#8736=VERTEX_POINT('',#8735);
#8737=CARTESIAN_POINT('',(-2.890192378865E1,1.05E1,-1.668653347947E1));
#8738=VERTEX_POINT('',#8737);
#8739=CARTESIAN_POINT('',(-2.890192378865E1,1.05E1,-1.968653347947E1));
#8740=VERTEX_POINT('',#8739);
#8741=CARTESIAN_POINT('',(-3.15E1,1.05E1,-2.118653347947E1));
#8742=VERTEX_POINT('',#8741);
#8743=CARTESIAN_POINT('',(-3.409807621135E1,8.E0,-1.968653347947E1));
#8744=CARTESIAN_POINT('',(-3.409807621135E1,8.E0,-1.668653347947E1));
#8745=VERTEX_POINT('',#8743);
#8746=VERTEX_POINT('',#8744);
#8747=CARTESIAN_POINT('',(-3.15E1,8.E0,-1.518653347947E1));
#8748=VERTEX_POINT('',#8747);
#8749=CARTESIAN_POINT('',(-2.890192378865E1,8.E0,-1.668653347947E1));
#8750=VERTEX_POINT('',#8749);
#8751=CARTESIAN_POINT('',(-2.890192378865E1,8.E0,-1.968653347947E1));
#8752=VERTEX_POINT('',#8751);
#8753=CARTESIAN_POINT('',(-3.15E1,8.E0,-2.118653347947E1));
#8754=VERTEX_POINT('',#8753);
#8755=CARTESIAN_POINT('',(-3.759807621135E1,1.05E1,-1.362435565298E1));
#8756=CARTESIAN_POINT('',(-3.759807621135E1,1.05E1,-1.062435565298E1));
#8757=VERTEX_POINT('',#8755);
#8758=VERTEX_POINT('',#8756);
#8759=CARTESIAN_POINT('',(-3.5E1,1.05E1,-9.124355652982E0));
#8760=VERTEX_POINT('',#8759);
#8761=CARTESIAN_POINT('',(-3.240192378865E1,1.05E1,-1.062435565298E1));
#8762=VERTEX_POINT('',#8761);
#8763=CARTESIAN_POINT('',(-3.240192378865E1,1.05E1,-1.362435565298E1));
#8764=VERTEX_POINT('',#8763);
#8765=CARTESIAN_POINT('',(-3.5E1,1.05E1,-1.512435565298E1));
#8766=VERTEX_POINT('',#8765);
#8767=CARTESIAN_POINT('',(-3.759807621135E1,8.E0,-1.362435565298E1));
#8768=CARTESIAN_POINT('',(-3.759807621135E1,8.E0,-1.062435565298E1));
#8769=VERTEX_POINT('',#8767);
#8770=VERTEX_POINT('',#8768);
#8771=CARTESIAN_POINT('',(-3.5E1,8.E0,-9.124355652982E0));
#8772=VERTEX_POINT('',#8771);
#8773=CARTESIAN_POINT('',(-3.240192378865E1,8.E0,-1.062435565298E1));
#8774=VERTEX_POINT('',#8773);
#8775=CARTESIAN_POINT('',(-3.240192378865E1,8.E0,-1.362435565298E1));
#8776=VERTEX_POINT('',#8775);
#8777=CARTESIAN_POINT('',(-3.5E1,8.E0,-1.512435565298E1));
#8778=VERTEX_POINT('',#8777);
#8779=CARTESIAN_POINT('',(-4.109807621135E1,1.05E1,-7.562177826491E0));
#8780=CARTESIAN_POINT('',(-4.109807621135E1,1.05E1,-4.562177826491E0));
#8781=VERTEX_POINT('',#8779);
#8782=VERTEX_POINT('',#8780);
#8783=CARTESIAN_POINT('',(-3.85E1,1.05E1,-3.062177826491E0));
#8784=VERTEX_POINT('',#8783);
#8785=CARTESIAN_POINT('',(-3.590192378865E1,1.05E1,-4.562177826491E0));
#8786=VERTEX_POINT('',#8785);
#8787=CARTESIAN_POINT('',(-3.590192378865E1,1.05E1,-7.562177826491E0));
#8788=VERTEX_POINT('',#8787);
#8789=CARTESIAN_POINT('',(-3.85E1,1.05E1,-9.062177826491E0));
#8790=VERTEX_POINT('',#8789);
#8791=CARTESIAN_POINT('',(-4.109807621135E1,8.E0,-7.562177826491E0));
#8792=CARTESIAN_POINT('',(-4.109807621135E1,8.E0,-4.562177826491E0));
#8793=VERTEX_POINT('',#8791);
#8794=VERTEX_POINT('',#8792);
#8795=CARTESIAN_POINT('',(-3.85E1,8.E0,-3.062177826491E0));
#8796=VERTEX_POINT('',#8795);
#8797=CARTESIAN_POINT('',(-3.590192378865E1,8.E0,-4.562177826491E0));
#8798=VERTEX_POINT('',#8797);
#8799=CARTESIAN_POINT('',(-3.590192378865E1,8.E0,-7.562177826491E0));
#8800=VERTEX_POINT('',#8799);
#8801=CARTESIAN_POINT('',(-3.85E1,8.E0,-9.062177826491E0));
#8802=VERTEX_POINT('',#8801);
#8803=CARTESIAN_POINT('',(-4.109807621135E1,1.05E1,4.562177826491E0));
#8804=CARTESIAN_POINT('',(-4.109807621135E1,1.05E1,7.562177826491E0));
#8805=VERTEX_POINT('',#8803);
#8806=VERTEX_POINT('',#8804);
#8807=CARTESIAN_POINT('',(-3.85E1,1.05E1,9.062177826491E0));
#8808=VERTEX_POINT('',#8807);
#8809=CARTESIAN_POINT('',(-3.590192378865E1,1.05E1,7.562177826491E0));
#8810=VERTEX_POINT('',#8809);
#8811=CARTESIAN_POINT('',(-3.590192378865E1,1.05E1,4.562177826491E0));
#8812=VERTEX_POINT('',#8811);
#8813=CARTESIAN_POINT('',(-3.85E1,1.05E1,3.062177826491E0));
#8814=VERTEX_POINT('',#8813);
#8815=CARTESIAN_POINT('',(-4.109807621135E1,8.E0,4.562177826491E0));
#8816=CARTESIAN_POINT('',(-4.109807621135E1,8.E0,7.562177826491E0));
#8817=VERTEX_POINT('',#8815);
#8818=VERTEX_POINT('',#8816);
#8819=CARTESIAN_POINT('',(-3.85E1,8.E0,9.062177826491E0));
#8820=VERTEX_POINT('',#8819);
#8821=CARTESIAN_POINT('',(-3.590192378865E1,8.E0,7.562177826491E0));
#8822=VERTEX_POINT('',#8821);
#8823=CARTESIAN_POINT('',(-3.590192378865E1,8.E0,4.562177826491E0));
#8824=VERTEX_POINT('',#8823);
#8825=CARTESIAN_POINT('',(-3.85E1,8.E0,3.062177826491E0));
#8826=VERTEX_POINT('',#8825);
#8827=CARTESIAN_POINT('',(-3.759807621135E1,1.05E1,1.062435565298E1));
#8828=CARTESIAN_POINT('',(-3.759807621135E1,1.05E1,1.362435565298E1));
#8829=VERTEX_POINT('',#8827);
#8830=VERTEX_POINT('',#8828);
#8831=CARTESIAN_POINT('',(-3.5E1,1.05E1,1.512435565298E1));
#8832=VERTEX_POINT('',#8831);
#8833=CARTESIAN_POINT('',(-3.240192378865E1,1.05E1,1.362435565298E1));
#8834=VERTEX_POINT('',#8833);
#8835=CARTESIAN_POINT('',(-3.240192378865E1,1.05E1,1.062435565298E1));
#8836=VERTEX_POINT('',#8835);
#8837=CARTESIAN_POINT('',(-3.5E1,1.05E1,9.124355652982E0));
#8838=VERTEX_POINT('',#8837);
#8839=CARTESIAN_POINT('',(-3.759807621135E1,8.E0,1.062435565298E1));
#8840=CARTESIAN_POINT('',(-3.759807621135E1,8.E0,1.362435565298E1));
#8841=VERTEX_POINT('',#8839);
#8842=VERTEX_POINT('',#8840);
#8843=CARTESIAN_POINT('',(-3.5E1,8.E0,1.512435565298E1));
#8844=VERTEX_POINT('',#8843);
#8845=CARTESIAN_POINT('',(-3.240192378865E1,8.E0,1.362435565298E1));
#8846=VERTEX_POINT('',#8845);
#8847=CARTESIAN_POINT('',(-3.240192378865E1,8.E0,1.062435565298E1));
#8848=VERTEX_POINT('',#8847);
#8849=CARTESIAN_POINT('',(-3.5E1,8.E0,9.124355652982E0));
#8850=VERTEX_POINT('',#8849);
#8851=CARTESIAN_POINT('',(-3.409807621135E1,1.05E1,1.668653347947E1));
#8852=CARTESIAN_POINT('',(-3.409807621135E1,1.05E1,1.968653347947E1));
#8853=VERTEX_POINT('',#8851);
#8854=VERTEX_POINT('',#8852);
#8855=CARTESIAN_POINT('',(-3.15E1,1.05E1,2.118653347947E1));
#8856=VERTEX_POINT('',#8855);
#8857=CARTESIAN_POINT('',(-2.890192378865E1,1.05E1,1.968653347947E1));
#8858=VERTEX_POINT('',#8857);
#8859=CARTESIAN_POINT('',(-2.890192378865E1,1.05E1,1.668653347947E1));
#8860=VERTEX_POINT('',#8859);
#8861=CARTESIAN_POINT('',(-3.15E1,1.05E1,1.518653347947E1));
#8862=VERTEX_POINT('',#8861);
#8863=CARTESIAN_POINT('',(-3.409807621135E1,8.E0,1.668653347947E1));
#8864=CARTESIAN_POINT('',(-3.409807621135E1,8.E0,1.968653347947E1));
#8865=VERTEX_POINT('',#8863);
#8866=VERTEX_POINT('',#8864);
#8867=CARTESIAN_POINT('',(-3.15E1,8.E0,2.118653347947E1));
#8868=VERTEX_POINT('',#8867);
#8869=CARTESIAN_POINT('',(-2.890192378865E1,8.E0,1.968653347947E1));
#8870=VERTEX_POINT('',#8869);
#8871=CARTESIAN_POINT('',(-2.890192378865E1,8.E0,1.668653347947E1));
#8872=VERTEX_POINT('',#8871);
#8873=CARTESIAN_POINT('',(-3.15E1,8.E0,1.518653347947E1));
#8874=VERTEX_POINT('',#8873);
#8875=CARTESIAN_POINT('',(-4.109807621135E1,1.05E1,-1.968653347947E1));
#8876=CARTESIAN_POINT('',(-4.109807621135E1,1.05E1,-1.668653347947E1));
#8877=VERTEX_POINT('',#8875);
#8878=VERTEX_POINT('',#8876);
#8879=CARTESIAN_POINT('',(-3.85E1,1.05E1,-1.518653347947E1));
#8880=VERTEX_POINT('',#8879);
#8881=CARTESIAN_POINT('',(-3.590192378865E1,1.05E1,-1.668653347947E1));
#8882=VERTEX_POINT('',#8881);
#8883=CARTESIAN_POINT('',(-3.590192378865E1,1.05E1,-1.968653347947E1));
#8884=VERTEX_POINT('',#8883);
#8885=CARTESIAN_POINT('',(-3.85E1,1.05E1,-2.118653347947E1));
#8886=VERTEX_POINT('',#8885);
#8887=CARTESIAN_POINT('',(-4.109807621135E1,8.E0,-1.968653347947E1));
#8888=CARTESIAN_POINT('',(-4.109807621135E1,8.E0,-1.668653347947E1));
#8889=VERTEX_POINT('',#8887);
#8890=VERTEX_POINT('',#8888);
#8891=CARTESIAN_POINT('',(-3.85E1,8.E0,-1.518653347947E1));
#8892=VERTEX_POINT('',#8891);
#8893=CARTESIAN_POINT('',(-3.590192378865E1,8.E0,-1.668653347947E1));
#8894=VERTEX_POINT('',#8893);
#8895=CARTESIAN_POINT('',(-3.590192378865E1,8.E0,-1.968653347947E1));
#8896=VERTEX_POINT('',#8895);
#8897=CARTESIAN_POINT('',(-3.85E1,8.E0,-2.118653347947E1));
#8898=VERTEX_POINT('',#8897);
#8899=CARTESIAN_POINT('',(-4.109807621135E1,1.05E1,1.668653347947E1));
#8900=CARTESIAN_POINT('',(-4.109807621135E1,1.05E1,1.968653347947E1));
#8901=VERTEX_POINT('',#8899);
#8902=VERTEX_POINT('',#8900);
#8903=CARTESIAN_POINT('',(-3.85E1,1.05E1,2.118653347947E1));
#8904=VERTEX_POINT('',#8903);
#8905=CARTESIAN_POINT('',(-3.590192378865E1,1.05E1,1.968653347947E1));
#8906=VERTEX_POINT('',#8905);
#8907=CARTESIAN_POINT('',(-3.590192378865E1,1.05E1,1.668653347947E1));
#8908=VERTEX_POINT('',#8907);
#8909=CARTESIAN_POINT('',(-3.85E1,1.05E1,1.518653347947E1));
#8910=VERTEX_POINT('',#8909);
#8911=CARTESIAN_POINT('',(-4.109807621135E1,8.E0,1.668653347947E1));
#8912=CARTESIAN_POINT('',(-4.109807621135E1,8.E0,1.968653347947E1));
#8913=VERTEX_POINT('',#8911);
#8914=VERTEX_POINT('',#8912);
#8915=CARTESIAN_POINT('',(-3.85E1,8.E0,2.118653347947E1));
#8916=VERTEX_POINT('',#8915);
#8917=CARTESIAN_POINT('',(-3.590192378865E1,8.E0,1.968653347947E1));
#8918=VERTEX_POINT('',#8917);
#8919=CARTESIAN_POINT('',(-3.590192378865E1,8.E0,1.668653347947E1));
#8920=VERTEX_POINT('',#8919);
#8921=CARTESIAN_POINT('',(-3.85E1,8.E0,1.518653347947E1));
#8922=VERTEX_POINT('',#8921);
#8923=CARTESIAN_POINT('',(4.401923788647E0,1.05E1,-2.574871130596E1));
#8924=CARTESIAN_POINT('',(4.401923788647E0,1.05E1,-2.274871130596E1));
#8925=VERTEX_POINT('',#8923);
#8926=VERTEX_POINT('',#8924);
#8927=CARTESIAN_POINT('',(7.E0,1.05E1,-2.124871130596E1));
#8928=VERTEX_POINT('',#8927);
#8929=CARTESIAN_POINT('',(9.598076211353E0,1.05E1,-2.274871130596E1));
#8930=VERTEX_POINT('',#8929);
#8931=CARTESIAN_POINT('',(9.598076211353E0,1.05E1,-2.574871130596E1));
#8932=VERTEX_POINT('',#8931);
#8933=CARTESIAN_POINT('',(7.E0,1.05E1,-2.724871130596E1));
#8934=VERTEX_POINT('',#8933);
#8935=CARTESIAN_POINT('',(4.401923788647E0,8.E0,-2.432071873441E1));
#8936=CARTESIAN_POINT('',(4.401923788647E0,8.E0,-2.274871130596E1));
#8937=VERTEX_POINT('',#8935);
#8938=VERTEX_POINT('',#8936);
#8939=CARTESIAN_POINT('',(7.E0,8.E0,-2.124871130596E1));
#8940=VERTEX_POINT('',#8939);
#8941=CARTESIAN_POINT('',(9.598076211353E0,8.E0,-2.274871130596E1));
#8942=VERTEX_POINT('',#8941);
#8943=CARTESIAN_POINT('',(4.401923788647E0,9.65E0,-2.574871130596E1));
#8944=VERTEX_POINT('',#8943);
#8945=CARTESIAN_POINT('',(7.E0,9.65E0,-2.724871130596E1));
#8946=VERTEX_POINT('',#8945);
#8947=CARTESIAN_POINT('',(-2.598076211353E0,1.05E1,-2.574871130596E1));
#8948=CARTESIAN_POINT('',(-2.598076211353E0,1.05E1,-2.274871130596E1));
#8949=VERTEX_POINT('',#8947);
#8950=VERTEX_POINT('',#8948);
#8951=CARTESIAN_POINT('',(0.E0,1.05E1,-2.124871130596E1));
#8952=VERTEX_POINT('',#8951);
#8953=CARTESIAN_POINT('',(2.598076211353E0,1.05E1,-2.274871130596E1));
#8954=VERTEX_POINT('',#8953);
#8955=CARTESIAN_POINT('',(2.598076211353E0,1.05E1,-2.574871130596E1));
#8956=VERTEX_POINT('',#8955);
#8957=CARTESIAN_POINT('',(0.E0,1.05E1,-2.724871130596E1));
#8958=VERTEX_POINT('',#8957);
#8959=CARTESIAN_POINT('',(-2.598076211353E0,8.E0,-2.432071873441E1));
#8960=CARTESIAN_POINT('',(-2.598076211353E0,8.E0,-2.274871130596E1));
#8961=VERTEX_POINT('',#8959);
#8962=VERTEX_POINT('',#8960);
#8963=CARTESIAN_POINT('',(0.E0,8.E0,-2.124871130596E1));
#8964=VERTEX_POINT('',#8963);
#8965=CARTESIAN_POINT('',(2.598076211353E0,8.E0,-2.274871130596E1));
#8966=VERTEX_POINT('',#8965);
#8967=CARTESIAN_POINT('',(2.598076211353E0,8.E0,-2.432071873441E1));
#8968=VERTEX_POINT('',#8967);
#8969=CARTESIAN_POINT('',(-2.598076211353E0,9.65E0,-2.574871130596E1));
#8970=VERTEX_POINT('',#8969);
#8971=CARTESIAN_POINT('',(2.598076211353E0,9.65E0,-2.574871130596E1));
#8972=VERTEX_POINT('',#8971);
#8973=CARTESIAN_POINT('',(0.E0,9.65E0,-2.724871130596E1));
#8974=VERTEX_POINT('',#8973);
#8975=CARTESIAN_POINT('',(-9.598076211353E0,1.05E1,-2.574871130596E1));
#8976=CARTESIAN_POINT('',(-9.598076211353E0,1.05E1,-2.274871130596E1));
#8977=VERTEX_POINT('',#8975);
#8978=VERTEX_POINT('',#8976);
#8979=CARTESIAN_POINT('',(-7.E0,1.05E1,-2.124871130596E1));
#8980=VERTEX_POINT('',#8979);
#8981=CARTESIAN_POINT('',(-4.401923788647E0,1.05E1,-2.274871130596E1));
#8982=VERTEX_POINT('',#8981);
#8983=CARTESIAN_POINT('',(-4.401923788647E0,1.05E1,-2.574871130596E1));
#8984=VERTEX_POINT('',#8983);
#8985=CARTESIAN_POINT('',(-7.E0,1.05E1,-2.724871130596E1));
#8986=VERTEX_POINT('',#8985);
#8987=CARTESIAN_POINT('',(-9.598076211353E0,8.E0,-2.432071873441E1));
#8988=CARTESIAN_POINT('',(-9.598076211353E0,8.E0,-2.274871130596E1));
#8989=VERTEX_POINT('',#8987);
#8990=VERTEX_POINT('',#8988);
#8991=CARTESIAN_POINT('',(-7.E0,8.E0,-2.124871130596E1));
#8992=VERTEX_POINT('',#8991);
#8993=CARTESIAN_POINT('',(-4.401923788647E0,8.E0,-2.274871130596E1));
#8994=VERTEX_POINT('',#8993);
#8995=CARTESIAN_POINT('',(-4.401923788647E0,8.E0,-2.432071873441E1));
#8996=VERTEX_POINT('',#8995);
#8997=CARTESIAN_POINT('',(-9.598076211353E0,9.65E0,-2.574871130596E1));
#8998=VERTEX_POINT('',#8997);
#8999=CARTESIAN_POINT('',(-4.401923788647E0,9.65E0,-2.574871130596E1));
#9000=VERTEX_POINT('',#8999);
#9001=CARTESIAN_POINT('',(-7.E0,9.65E0,-2.724871130596E1));
#9002=VERTEX_POINT('',#9001);
#9003=CARTESIAN_POINT('',(-1.659807621135E1,1.05E1,-2.574871130596E1));
#9004=CARTESIAN_POINT('',(-1.659807621135E1,1.05E1,-2.274871130596E1));
#9005=VERTEX_POINT('',#9003);
#9006=VERTEX_POINT('',#9004);
#9007=CARTESIAN_POINT('',(-1.4E1,1.05E1,-2.124871130596E1));
#9008=VERTEX_POINT('',#9007);
#9009=CARTESIAN_POINT('',(-1.140192378865E1,1.05E1,-2.274871130596E1));
#9010=VERTEX_POINT('',#9009);
#9011=CARTESIAN_POINT('',(-1.140192378865E1,1.05E1,-2.574871130596E1));
#9012=VERTEX_POINT('',#9011);
#9013=CARTESIAN_POINT('',(-1.4E1,1.05E1,-2.724871130596E1));
#9014=VERTEX_POINT('',#9013);
#9015=CARTESIAN_POINT('',(-1.659807621135E1,8.E0,-2.432071873441E1));
#9016=CARTESIAN_POINT('',(-1.659807621135E1,8.E0,-2.274871130596E1));
#9017=VERTEX_POINT('',#9015);
#9018=VERTEX_POINT('',#9016);
#9019=CARTESIAN_POINT('',(-1.4E1,8.E0,-2.124871130596E1));
#9020=VERTEX_POINT('',#9019);
#9021=CARTESIAN_POINT('',(-1.140192378865E1,8.E0,-2.274871130596E1));
#9022=VERTEX_POINT('',#9021);
#9023=CARTESIAN_POINT('',(-1.140192378865E1,8.E0,-2.432071873441E1));
#9024=VERTEX_POINT('',#9023);
#9025=CARTESIAN_POINT('',(-1.659807621135E1,9.65E0,-2.574871130596E1));
#9026=VERTEX_POINT('',#9025);
#9027=CARTESIAN_POINT('',(-1.140192378865E1,9.65E0,-2.574871130596E1));
#9028=VERTEX_POINT('',#9027);
#9029=CARTESIAN_POINT('',(-1.4E1,9.65E0,-2.724871130596E1));
#9030=VERTEX_POINT('',#9029);
#9031=CARTESIAN_POINT('',(-2.359807621135E1,1.05E1,-2.574871130596E1));
#9032=CARTESIAN_POINT('',(-2.359807621135E1,1.05E1,-2.274871130596E1));
#9033=VERTEX_POINT('',#9031);
#9034=VERTEX_POINT('',#9032);
#9035=CARTESIAN_POINT('',(-2.1E1,1.05E1,-2.124871130596E1));
#9036=VERTEX_POINT('',#9035);
#9037=CARTESIAN_POINT('',(-1.840192378865E1,1.05E1,-2.274871130596E1));
#9038=VERTEX_POINT('',#9037);
#9039=CARTESIAN_POINT('',(-1.840192378865E1,1.05E1,-2.574871130596E1));
#9040=VERTEX_POINT('',#9039);
#9041=CARTESIAN_POINT('',(-2.1E1,1.05E1,-2.724871130596E1));
#9042=VERTEX_POINT('',#9041);
#9043=CARTESIAN_POINT('',(-2.359807621135E1,8.E0,-2.432071873441E1));
#9044=CARTESIAN_POINT('',(-2.359807621135E1,8.E0,-2.274871130596E1));
#9045=VERTEX_POINT('',#9043);
#9046=VERTEX_POINT('',#9044);
#9047=CARTESIAN_POINT('',(-2.1E1,8.E0,-2.124871130596E1));
#9048=VERTEX_POINT('',#9047);
#9049=CARTESIAN_POINT('',(-1.840192378865E1,8.E0,-2.274871130596E1));
#9050=VERTEX_POINT('',#9049);
#9051=CARTESIAN_POINT('',(-1.840192378865E1,8.E0,-2.432071873441E1));
#9052=VERTEX_POINT('',#9051);
#9053=CARTESIAN_POINT('',(-2.359807621135E1,9.65E0,-2.574871130596E1));
#9054=VERTEX_POINT('',#9053);
#9055=CARTESIAN_POINT('',(-1.840192378865E1,9.65E0,-2.574871130596E1));
#9056=VERTEX_POINT('',#9055);
#9057=CARTESIAN_POINT('',(-2.1E1,9.65E0,-2.724871130596E1));
#9058=VERTEX_POINT('',#9057);
#9059=CARTESIAN_POINT('',(-3.059807621135E1,1.05E1,-2.574871130596E1));
#9060=CARTESIAN_POINT('',(-3.059807621135E1,1.05E1,-2.274871130596E1));
#9061=VERTEX_POINT('',#9059);
#9062=VERTEX_POINT('',#9060);
#9063=CARTESIAN_POINT('',(-2.8E1,1.05E1,-2.124871130596E1));
#9064=VERTEX_POINT('',#9063);
#9065=CARTESIAN_POINT('',(-2.540192378865E1,1.05E1,-2.274871130596E1));
#9066=VERTEX_POINT('',#9065);
#9067=CARTESIAN_POINT('',(-2.540192378865E1,1.05E1,-2.574871130596E1));
#9068=VERTEX_POINT('',#9067);
#9069=CARTESIAN_POINT('',(-2.8E1,1.05E1,-2.724871130596E1));
#9070=VERTEX_POINT('',#9069);
#9071=CARTESIAN_POINT('',(-3.059807621135E1,8.E0,-2.432071873441E1));
#9072=CARTESIAN_POINT('',(-3.059807621135E1,8.E0,-2.274871130596E1));
#9073=VERTEX_POINT('',#9071);
#9074=VERTEX_POINT('',#9072);
#9075=CARTESIAN_POINT('',(-2.8E1,8.E0,-2.124871130596E1));
#9076=VERTEX_POINT('',#9075);
#9077=CARTESIAN_POINT('',(-2.540192378865E1,8.E0,-2.274871130596E1));
#9078=VERTEX_POINT('',#9077);
#9079=CARTESIAN_POINT('',(-2.540192378865E1,8.E0,-2.432071873441E1));
#9080=VERTEX_POINT('',#9079);
#9081=CARTESIAN_POINT('',(-3.059807621135E1,9.65E0,-2.574871130596E1));
#9082=VERTEX_POINT('',#9081);
#9083=CARTESIAN_POINT('',(-2.540192378865E1,9.65E0,-2.574871130596E1));
#9084=VERTEX_POINT('',#9083);
#9085=CARTESIAN_POINT('',(-2.8E1,9.65E0,-2.724871130596E1));
#9086=VERTEX_POINT('',#9085);
#9087=CARTESIAN_POINT('',(-4.459807621135E1,1.05E1,-1.5E0));
#9088=CARTESIAN_POINT('',(-4.459807621135E1,1.05E1,1.5E0));
#9089=VERTEX_POINT('',#9087);
#9090=VERTEX_POINT('',#9088);
#9091=CARTESIAN_POINT('',(-4.2E1,1.05E1,3.E0));
#9092=VERTEX_POINT('',#9091);
#9093=CARTESIAN_POINT('',(-3.940192378865E1,1.05E1,1.5E0));
#9094=VERTEX_POINT('',#9093);
#9095=CARTESIAN_POINT('',(-3.940192378865E1,1.05E1,-1.5E0));
#9096=VERTEX_POINT('',#9095);
#9097=CARTESIAN_POINT('',(-4.2E1,1.05E1,-3.E0));
#9098=VERTEX_POINT('',#9097);
#9099=CARTESIAN_POINT('',(-4.459807621135E1,8.E0,-1.5E0));
#9100=CARTESIAN_POINT('',(-4.459807621135E1,8.E0,1.5E0));
#9101=VERTEX_POINT('',#9099);
#9102=VERTEX_POINT('',#9100);
#9103=CARTESIAN_POINT('',(-4.2E1,8.E0,3.E0));
#9104=VERTEX_POINT('',#9103);
#9105=CARTESIAN_POINT('',(-3.940192378865E1,8.E0,1.5E0));
#9106=VERTEX_POINT('',#9105);
#9107=CARTESIAN_POINT('',(-3.940192378865E1,8.E0,-1.5E0));
#9108=VERTEX_POINT('',#9107);
#9109=CARTESIAN_POINT('',(-4.2E1,8.E0,-3.E0));
#9110=VERTEX_POINT('',#9109);
#9111=CARTESIAN_POINT('',(-3.759807621135E1,1.05E1,-2.574871130596E1));
#9112=CARTESIAN_POINT('',(-3.759807621135E1,1.05E1,-2.274871130596E1));
#9113=VERTEX_POINT('',#9111);
#9114=VERTEX_POINT('',#9112);
#9115=CARTESIAN_POINT('',(-3.5E1,1.05E1,-2.124871130596E1));
#9116=VERTEX_POINT('',#9115);
#9117=CARTESIAN_POINT('',(-3.240192378865E1,1.05E1,-2.274871130596E1));
#9118=VERTEX_POINT('',#9117);
#9119=CARTESIAN_POINT('',(-3.240192378865E1,1.05E1,-2.574871130596E1));
#9120=VERTEX_POINT('',#9119);
#9121=CARTESIAN_POINT('',(-3.5E1,1.05E1,-2.724871130596E1));
#9122=VERTEX_POINT('',#9121);
#9123=CARTESIAN_POINT('',(-3.759807621135E1,8.E0,-2.432071873441E1));
#9124=CARTESIAN_POINT('',(-3.759807621135E1,8.E0,-2.274871130596E1));
#9125=VERTEX_POINT('',#9123);
#9126=VERTEX_POINT('',#9124);
#9127=CARTESIAN_POINT('',(-3.5E1,8.E0,-2.124871130596E1));
#9128=VERTEX_POINT('',#9127);
#9129=CARTESIAN_POINT('',(-3.240192378865E1,8.E0,-2.274871130596E1));
#9130=VERTEX_POINT('',#9129);
#9131=CARTESIAN_POINT('',(-3.240192378865E1,8.E0,-2.432071873441E1));
#9132=VERTEX_POINT('',#9131);
#9133=CARTESIAN_POINT('',(-3.759807621135E1,9.65E0,-2.574871130596E1));
#9134=VERTEX_POINT('',#9133);
#9135=CARTESIAN_POINT('',(-3.240192378865E1,9.65E0,-2.574871130596E1));
#9136=VERTEX_POINT('',#9135);
#9137=CARTESIAN_POINT('',(-3.5E1,9.65E0,-2.724871130596E1));
#9138=VERTEX_POINT('',#9137);
#9139=CARTESIAN_POINT('',(-4.459807621135E1,1.05E1,-1.362435565298E1));
#9140=CARTESIAN_POINT('',(-4.459807621135E1,1.05E1,-1.062435565298E1));
#9141=VERTEX_POINT('',#9139);
#9142=VERTEX_POINT('',#9140);
#9143=CARTESIAN_POINT('',(-4.2E1,1.05E1,-9.124355652982E0));
#9144=VERTEX_POINT('',#9143);
#9145=CARTESIAN_POINT('',(-3.940192378865E1,1.05E1,-1.062435565298E1));
#9146=VERTEX_POINT('',#9145);
#9147=CARTESIAN_POINT('',(-3.940192378865E1,1.05E1,-1.362435565298E1));
#9148=VERTEX_POINT('',#9147);
#9149=CARTESIAN_POINT('',(-4.2E1,1.05E1,-1.512435565298E1));
#9150=VERTEX_POINT('',#9149);
#9151=CARTESIAN_POINT('',(-4.459807621135E1,8.E0,-1.362435565298E1));
#9152=CARTESIAN_POINT('',(-4.459807621135E1,8.E0,-1.062435565298E1));
#9153=VERTEX_POINT('',#9151);
#9154=VERTEX_POINT('',#9152);
#9155=CARTESIAN_POINT('',(-4.2E1,8.E0,-9.124355652982E0));
#9156=VERTEX_POINT('',#9155);
#9157=CARTESIAN_POINT('',(-3.940192378865E1,8.E0,-1.062435565298E1));
#9158=VERTEX_POINT('',#9157);
#9159=CARTESIAN_POINT('',(-3.940192378865E1,8.E0,-1.362435565298E1));
#9160=VERTEX_POINT('',#9159);
#9161=CARTESIAN_POINT('',(-4.2E1,8.E0,-1.512435565298E1));
#9162=VERTEX_POINT('',#9161);
#9163=CARTESIAN_POINT('',(-4.459807621135E1,1.05E1,1.062435565298E1));
#9164=CARTESIAN_POINT('',(-4.459807621135E1,1.05E1,1.362435565298E1));
#9165=VERTEX_POINT('',#9163);
#9166=VERTEX_POINT('',#9164);
#9167=CARTESIAN_POINT('',(-4.2E1,1.05E1,1.512435565298E1));
#9168=VERTEX_POINT('',#9167);
#9169=CARTESIAN_POINT('',(-3.940192378865E1,1.05E1,1.362435565298E1));
#9170=VERTEX_POINT('',#9169);
#9171=CARTESIAN_POINT('',(-3.940192378865E1,1.05E1,1.062435565298E1));
#9172=VERTEX_POINT('',#9171);
#9173=CARTESIAN_POINT('',(-4.2E1,1.05E1,9.124355652982E0));
#9174=VERTEX_POINT('',#9173);
#9175=CARTESIAN_POINT('',(-4.459807621135E1,8.E0,1.062435565298E1));
#9176=CARTESIAN_POINT('',(-4.459807621135E1,8.E0,1.362435565298E1));
#9177=VERTEX_POINT('',#9175);
#9178=VERTEX_POINT('',#9176);
#9179=CARTESIAN_POINT('',(-4.2E1,8.E0,1.512435565298E1));
#9180=VERTEX_POINT('',#9179);
#9181=CARTESIAN_POINT('',(-3.940192378865E1,8.E0,1.362435565298E1));
#9182=VERTEX_POINT('',#9181);
#9183=CARTESIAN_POINT('',(-3.940192378865E1,8.E0,1.062435565298E1));
#9184=VERTEX_POINT('',#9183);
#9185=CARTESIAN_POINT('',(-4.2E1,8.E0,9.124355652982E0));
#9186=VERTEX_POINT('',#9185);
#9187=CARTESIAN_POINT('',(-4.459807621135E1,1.05E1,-2.574871130596E1));
#9188=CARTESIAN_POINT('',(-4.459807621135E1,1.05E1,-2.274871130596E1));
#9189=VERTEX_POINT('',#9187);
#9190=VERTEX_POINT('',#9188);
#9191=CARTESIAN_POINT('',(-4.2E1,1.05E1,-2.124871130596E1));
#9192=VERTEX_POINT('',#9191);
#9193=CARTESIAN_POINT('',(-3.940192378865E1,1.05E1,-2.274871130596E1));
#9194=VERTEX_POINT('',#9193);
#9195=CARTESIAN_POINT('',(-3.940192378865E1,1.05E1,-2.574871130596E1));
#9196=VERTEX_POINT('',#9195);
#9197=CARTESIAN_POINT('',(-4.2E1,1.05E1,-2.724871130596E1));
#9198=VERTEX_POINT('',#9197);
#9199=CARTESIAN_POINT('',(-4.459807621135E1,8.E0,-2.574871130596E1));
#9200=CARTESIAN_POINT('',(-4.459807621135E1,8.E0,-2.274871130596E1));
#9201=VERTEX_POINT('',#9199);
#9202=VERTEX_POINT('',#9200);
#9203=CARTESIAN_POINT('',(-4.2E1,8.E0,-2.124871130596E1));
#9204=VERTEX_POINT('',#9203);
#9205=CARTESIAN_POINT('',(-3.940192378865E1,8.E0,-2.274871130596E1));
#9206=VERTEX_POINT('',#9205);
#9207=CARTESIAN_POINT('',(-3.940192378865E1,8.E0,-2.432071873441E1));
#9208=VERTEX_POINT('',#9207);
#9209=CARTESIAN_POINT('',(-3.940192378865E1,9.65E0,-2.574871130596E1));
#9210=VERTEX_POINT('',#9209);
#9211=CARTESIAN_POINT('',(3.373220533547E1,4.5E0,2.883928126559E1));
#9212=CARTESIAN_POINT('',(3.373220533395E1,8.500000000012E0,2.883928126558E1));
#9213=VERTEX_POINT('',#9211);
#9214=VERTEX_POINT('',#9212);
#9215=CARTESIAN_POINT('',(3.373220533381E1,8.500000000021E0,-3.366071873439E1));
#9216=VERTEX_POINT('',#9215);
#9217=CARTESIAN_POINT('',(3.969681472156E1,8.5E0,2.349E1));
#9218=VERTEX_POINT('',#9217);
#9219=CARTESIAN_POINT('',(3.973220533547E1,4.5E0,7.010000000001E0));
#9220=CARTESIAN_POINT('',(3.973220533547E1,8.5E0,7.010000000001E0));
#9221=VERTEX_POINT('',#9219);
#9222=VERTEX_POINT('',#9220);
#9223=CARTESIAN_POINT('',(3.973220533547E1,4.5E0,3.450000000001E0));
#9224=VERTEX_POINT('',#9223);
#9225=CARTESIAN_POINT('',(3.973220533547E1,4.5E0,-1.045E1));
#9226=CARTESIAN_POINT('',(3.973220533547E1,4.5E0,-1.455E1));
#9227=VERTEX_POINT('',#9225);
#9228=VERTEX_POINT('',#9226);
#9229=CARTESIAN_POINT('',(4.401923788647E0,9.65E0,-2.557071873441E1));
#9230=VERTEX_POINT('',#9229);
#9231=CARTESIAN_POINT('',(-2.598076211353E0,9.65E0,-2.557071873441E1));
#9232=VERTEX_POINT('',#9231);
#9233=CARTESIAN_POINT('',(2.598076211353E0,9.65E0,-2.557071873441E1));
#9234=VERTEX_POINT('',#9233);
#9235=CARTESIAN_POINT('',(-9.598076211353E0,9.65E0,-2.557071873441E1));
#9236=VERTEX_POINT('',#9235);
#9237=CARTESIAN_POINT('',(-4.401923788647E0,9.65E0,-2.557071873441E1));
#9238=VERTEX_POINT('',#9237);
#9239=CARTESIAN_POINT('',(-1.659807621135E1,9.65E0,-2.557071873441E1));
#9240=VERTEX_POINT('',#9239);
#9241=CARTESIAN_POINT('',(-1.140192378865E1,9.65E0,-2.557071873441E1));
#9242=VERTEX_POINT('',#9241);
#9243=CARTESIAN_POINT('',(-2.359807621135E1,9.65E0,-2.557071873441E1));
#9244=VERTEX_POINT('',#9243);
#9245=CARTESIAN_POINT('',(-1.840192378865E1,9.65E0,-2.557071873441E1));
#9246=VERTEX_POINT('',#9245);
#9247=CARTESIAN_POINT('',(-3.059807621135E1,9.65E0,-2.557071873441E1));
#9248=VERTEX_POINT('',#9247);
#9249=CARTESIAN_POINT('',(-2.540192378865E1,9.65E0,-2.557071873441E1));
#9250=VERTEX_POINT('',#9249);
#9251=CARTESIAN_POINT('',(-3.759807621135E1,9.65E0,-2.557071873441E1));
#9252=VERTEX_POINT('',#9251);
#9253=CARTESIAN_POINT('',(-3.240192378865E1,9.65E0,-2.557071873441E1));
#9254=VERTEX_POINT('',#9253);
#9255=CARTESIAN_POINT('',(-3.940192378865E1,9.65E0,-2.557071873441E1));
#9256=VERTEX_POINT('',#9255);
#9257=CARTESIAN_POINT('',(-4.139226537864E1,9.65E0,-2.759818585762E1));
#9258=CARTESIAN_POINT('',(-4.139226537864E1,8.E0,-2.759818585762E1));
#9259=VERTEX_POINT('',#9257);
#9260=VERTEX_POINT('',#9258);
#9261=CARTESIAN_POINT('',(-4.199939326452E1,9.65E0,-2.724836100707E1));
#9262=VERTEX_POINT('',#9261);
#9263=CARTESIAN_POINT('',(9.598076211353E0,9.65E0,-2.574871130596E1));
#9264=VERTEX_POINT('',#9263);
#9265=CARTESIAN_POINT('',(8.598076211353E0,9.65E0,-2.932298821617E1));
#9266=CARTESIAN_POINT('',(8.598076211353E0,7.837730518240E0,-2.932298821617E1));
#9267=VERTEX_POINT('',#9265);
#9268=VERTEX_POINT('',#9266);
#9269=CARTESIAN_POINT('',(9.598076211353E0,9.65E0,-2.832298821617E1));
#9270=VERTEX_POINT('',#9269);
#9271=CARTESIAN_POINT('',(9.598076211353E0,8.E0,-2.832298821617E1));
#9272=VERTEX_POINT('',#9271);
#9273=CARTESIAN_POINT('',(9.144160068293E0,8.E0,-2.916071873441E1));
#9274=VERTEX_POINT('',#9273);
#9275=CARTESIAN_POINT('',(-3.135089010685E1,4.5E0,2.808928126559E1));
#9276=VERTEX_POINT('',#9275);
#9277=CARTESIAN_POINT('',(-4.444968020660E1,4.5E0,2.808928126559E1));
#9278=VERTEX_POINT('',#9277);
#9279=CARTESIAN_POINT('',(-6.2E0,4.5E0,2.808928126559E1));
#9280=VERTEX_POINT('',#9279);
#9281=CARTESIAN_POINT('',(-2.68E1,4.5E0,2.808928126559E1));
#9282=VERTEX_POINT('',#9281);
#9283=CARTESIAN_POINT('',(-4.444968020643E1,4.509999987940E0,2.808928126541E1));
#9284=VERTEX_POINT('',#9283);
#9285=CARTESIAN_POINT('',(-4.144968019499E1,7.509999999778E0,2.808928126537E1));
#9286=VERTEX_POINT('',#9285);
#9287=CARTESIAN_POINT('',(-3.435089011816E1,7.509999999750E0,2.808928126534E1));
#9288=VERTEX_POINT('',#9287);
#9289=CARTESIAN_POINT('',(-3.135089010702E1,4.509999987844E0,2.808928126541E1));
#9290=VERTEX_POINT('',#9289);
#9291=CARTESIAN_POINT('',(-4.519968020660E1,4.5E0,2.883928126559E1));
#9292=VERTEX_POINT('',#9291);
#9293=CARTESIAN_POINT('',(-4.519968020631E1,4.509999979901E0,2.883928126530E1));
#9294=VERTEX_POINT('',#9293);
#9295=CARTESIAN_POINT('',(-4.144968020660E1,8.26E0,2.883928126559E1));
#9296=VERTEX_POINT('',#9295);
#9297=CARTESIAN_POINT('',(-3.435089012570E1,8.259999999584E0,2.883928126517E1));
#9298=VERTEX_POINT('',#9297);
#9299=CARTESIAN_POINT('',(-3.060089010685E1,4.51E0,2.883928126559E1));
#9300=VERTEX_POINT('',#9299);
#9301=CARTESIAN_POINT('',(-3.060089010685E1,4.5E0,2.883928126559E1));
#9302=VERTEX_POINT('',#9301);
#9303=CARTESIAN_POINT('',(-2.68E1,9.25E0,2.808928126559E1));
#9304=VERTEX_POINT('',#9303);
#9305=CARTESIAN_POINT('',(-2.755E1,4.5E0,2.883928126559E1));
#9306=VERTEX_POINT('',#9305);
#9307=CARTESIAN_POINT('',(-2.755E1,8.5E0,2.883928126559E1));
#9308=VERTEX_POINT('',#9307);
#9309=CARTESIAN_POINT('',(-5.45E0,4.5E0,2.883928126559E1));
#9310=VERTEX_POINT('',#9309);
#9311=CARTESIAN_POINT('',(-6.2E0,9.25E0,2.808928126559E1));
#9312=VERTEX_POINT('',#9311);
#9313=CARTESIAN_POINT('',(-5.45E0,8.5E0,2.883928126559E1));
#9314=VERTEX_POINT('',#9313);
#9315=CARTESIAN_POINT('',(-4.444966353989E1,4.5E0,2.683928126559E1));
#9316=CARTESIAN_POINT('',(-4.444966353989E1,4.5E0,2.533928126559E1));
#9317=VERTEX_POINT('',#9315);
#9318=VERTEX_POINT('',#9316);
#9319=CARTESIAN_POINT('',(-3.135090677356E1,4.5E0,2.683928126559E1));
#9320=CARTESIAN_POINT('',(-3.135090677356E1,4.5E0,2.533928126559E1));
#9321=VERTEX_POINT('',#9319);
#9322=VERTEX_POINT('',#9320);
#9323=VERTEX_POINT('',#5028);
#9324=VERTEX_POINT('',#5032);
#9325=VERTEX_POINT('',#5006);
#9326=VERTEX_POINT('',#5010);
#9327=CARTESIAN_POINT('',(-4.569196201090E1,4.5E0,2.683928126559E1));
#9328=CARTESIAN_POINT('',(-4.969196201090E1,4.5E0,2.283928126559E1));
#9329=VERTEX_POINT('',#9327);
#9330=VERTEX_POINT('',#9328);
#9331=CARTESIAN_POINT('',(-4.569196201090E1,4.E0,2.633928126559E1));
#9332=CARTESIAN_POINT('',(-4.919196201090E1,4.E0,2.283928126559E1));
#9333=VERTEX_POINT('',#9331);
#9334=VERTEX_POINT('',#9332);
#9335=CARTESIAN_POINT('',(-4.969196201090E1,4.5E0,-2.766071873441E1));
#9336=CARTESIAN_POINT('',(-4.569196201090E1,4.5E0,-3.166071873441E1));
#9337=VERTEX_POINT('',#9335);
#9338=VERTEX_POINT('',#9336);
#9339=CARTESIAN_POINT('',(-4.919196201090E1,4.E0,-2.766071873441E1));
#9340=CARTESIAN_POINT('',(-4.569196201090E1,4.E0,-3.116071873441E1));
#9341=VERTEX_POINT('',#9339);
#9342=VERTEX_POINT('',#9340);
#9343=CARTESIAN_POINT('',(3.373220532447E1,4.499999999815E0,-3.166071873423E1));
#9344=VERTEX_POINT('',#9343);
#9345=CARTESIAN_POINT('',(3.373220532825E1,3.999999999879E0,-3.116071873429E1));
#9346=VERTEX_POINT('',#9345);
#9347=CARTESIAN_POINT('',(3.373220532696E1,4.499999999724E0,2.683928126531E1));
#9348=CARTESIAN_POINT('',(3.373220532989E1,3.999999999819E0,2.633928126541E1));
#9349=VERTEX_POINT('',#9347);
#9350=VERTEX_POINT('',#9348);
#9351=CARTESIAN_POINT('',(3.714204918582E1,4.E0,-2.845E1));
#9352=VERTEX_POINT('',#9351);
#9353=CARTESIAN_POINT('',(3.373220533400E1,1.050000000002E1,-3.166071873439E1));
#9354=CARTESIAN_POINT('',(-4.569196200955E1,1.050000000001E1,
-3.166071873440E1));
#9355=VERTEX_POINT('',#9353);
#9356=VERTEX_POINT('',#9354);
#9357=CARTESIAN_POINT('',(-4.969196201090E1,1.05E1,-2.766071873441E1));
#9358=VERTEX_POINT('',#9357);
#9359=CARTESIAN_POINT('',(-5.169196201090E1,8.5E0,-2.766071873441E1));
#9360=VERTEX_POINT('',#9359);
#9361=CARTESIAN_POINT('',(-4.969196201089E1,1.050000000001E1,2.283928126424E1));
#9362=VERTEX_POINT('',#9361);
#9363=CARTESIAN_POINT('',(-4.569196201090E1,1.05E1,2.683928126559E1));
#9364=VERTEX_POINT('',#9363);
#9365=CARTESIAN_POINT('',(-4.569196201090E1,8.5E0,2.883928126559E1));
#9366=VERTEX_POINT('',#9365);
#9367=CARTESIAN_POINT('',(3.373220533411E1,1.050000000001E1,2.683928126558E1));
#9368=VERTEX_POINT('',#9367);
#9369=CARTESIAN_POINT('',(3.610434257513E1,7.E0,-2.845E1));
#9370=CARTESIAN_POINT('',(3.610434257513E1,1.620675276617E0,-2.845E1));
#9371=VERTEX_POINT('',#9369);
#9372=VERTEX_POINT('',#9370);
#9373=CARTESIAN_POINT('',(3.714204918582E1,1.666486370017E0,-2.845E1));
#9374=VERTEX_POINT('',#9373);
#9375=CARTESIAN_POINT('',(3.614603323503E1,7.E0,2.349E1));
#9376=CARTESIAN_POINT('',(3.614603323503E1,1.620675276617E0,2.349E1));
#9377=VERTEX_POINT('',#9375);
#9378=VERTEX_POINT('',#9376);
#9379=CARTESIAN_POINT('',(3.717118267309E1,4.E0,2.349E1));
#9380=CARTESIAN_POINT('',(3.717118267309E1,1.666486370017E0,2.349E1));
#9381=VERTEX_POINT('',#9379);
#9382=VERTEX_POINT('',#9380);
#9383=CARTESIAN_POINT('',(-8.7E0,1.666486370017E0,2.633928126559E1));
#9384=CARTESIAN_POINT('',(-8.7E0,4.E0,2.633928126559E1));
#9385=VERTEX_POINT('',#9383);
#9386=VERTEX_POINT('',#9384);
#9387=CARTESIAN_POINT('',(-2.43E1,1.666486370017E0,2.633928126559E1));
#9388=CARTESIAN_POINT('',(-2.43E1,4.E0,2.633928126559E1));
#9389=VERTEX_POINT('',#9387);
#9390=VERTEX_POINT('',#9388);
#9391=CARTESIAN_POINT('',(-8.7E0,1.620675276617E0,2.533928126559E1));
#9392=VERTEX_POINT('',#9391);
#9393=CARTESIAN_POINT('',(-2.43E1,1.620675276617E0,2.533928126559E1));
#9394=VERTEX_POINT('',#9393);
#9395=CARTESIAN_POINT('',(-2.417172243289E1,7.E0,2.533928126559E1));
#9396=VERTEX_POINT('',#9395);
#9397=CARTESIAN_POINT('',(-8.828277567113E0,7.E0,2.533928126559E1));
#9398=VERTEX_POINT('',#9397);
#9399=CARTESIAN_POINT('',(1.501095105760E0,1.666486370017E0,2.633928126559E1));
#9400=CARTESIAN_POINT('',(1.764391689197E0,4.E0,2.633928126559E1));
#9401=VERTEX_POINT('',#9399);
#9402=VERTEX_POINT('',#9400);
#9403=CARTESIAN_POINT('',(8.698904894240E0,1.666486370017E0,2.633928126559E1));
#9404=CARTESIAN_POINT('',(8.435608310803E0,4.E0,2.633928126559E1));
#9405=VERTEX_POINT('',#9403);
#9406=VERTEX_POINT('',#9404);
#9407=CARTESIAN_POINT('',(1.820808026357E0,4.5E0,2.683928126559E1));
#9408=VERTEX_POINT('',#9407);
#9409=CARTESIAN_POINT('',(8.379191973642E0,4.5E0,2.683928126559E1));
#9410=VERTEX_POINT('',#9409);
#9411=CARTESIAN_POINT('',(-4.444006573749E1,1.620675276617E0,2.533928126559E1));
#9412=VERTEX_POINT('',#9411);
#9413=CARTESIAN_POINT('',(-3.136050457596E1,1.620675276617E0,2.533928126559E1));
#9414=VERTEX_POINT('',#9413);
#9415=CARTESIAN_POINT('',(-4.444021844198E1,1.666486370017E0,2.633928126559E1));
#9416=CARTESIAN_POINT('',(-4.444799686396E1,4.E0,2.633928126559E1));
#9417=VERTEX_POINT('',#9415);
#9418=VERTEX_POINT('',#9416);
#9419=CARTESIAN_POINT('',(-3.136035187147E1,1.666486370017E0,2.633928126559E1));
#9420=CARTESIAN_POINT('',(-3.135257344949E1,4.E0,2.633928126559E1));
#9421=VERTEX_POINT('',#9419);
#9422=VERTEX_POINT('',#9420);
#9423=CARTESIAN_POINT('',(-1.4E0,3.359807621135E0,2.633928126559E1));
#9424=CARTESIAN_POINT('',(-1.4E0,1.666486370017E0,2.633928126559E1));
#9425=VERTEX_POINT('',#9423);
#9426=VERTEX_POINT('',#9424);
#9427=CARTESIAN_POINT('',(1.16E1,1.666486370017E0,2.633928126559E1));
#9428=CARTESIAN_POINT('',(1.16E1,3.359807621135E0,2.633928126559E1));
#9429=VERTEX_POINT('',#9427);
#9430=VERTEX_POINT('',#9428);
#9431=CARTESIAN_POINT('',(-2.75E1,3.359807621135E0,2.633928126559E1));
#9432=CARTESIAN_POINT('',(-2.75E1,1.666486370017E0,2.633928126559E1));
#9433=VERTEX_POINT('',#9431);
#9434=VERTEX_POINT('',#9432);
#9435=CARTESIAN_POINT('',(-5.5E0,1.666486370017E0,2.633928126559E1));
#9436=CARTESIAN_POINT('',(-5.5E0,3.359807621135E0,2.633928126559E1));
#9437=VERTEX_POINT('',#9435);
#9438=VERTEX_POINT('',#9436);
#9439=CARTESIAN_POINT('',(-4.515E1,3.359807621135E0,2.633928126559E1));
#9440=CARTESIAN_POINT('',(-4.515E1,1.666486370017E0,2.633928126559E1));
#9441=VERTEX_POINT('',#9439);
#9442=VERTEX_POINT('',#9440);
#9443=CARTESIAN_POINT('',(-3.065E1,1.666486370017E0,2.633928126559E1));
#9444=CARTESIAN_POINT('',(-3.065E1,3.359807621135E0,2.633928126559E1));
#9445=VERTEX_POINT('',#9443);
#9446=VERTEX_POINT('',#9444);
#9447=CARTESIAN_POINT('',(-4.919196201090E1,4.5E0,1.012E1));
#9448=CARTESIAN_POINT('',(-4.919196201090E1,4.5E0,9.620000000001E0));
#9449=VERTEX_POINT('',#9447);
#9450=VERTEX_POINT('',#9448);
#9451=CARTESIAN_POINT('',(-4.919196201090E1,4.5E0,-1.493E1));
#9452=CARTESIAN_POINT('',(-4.919196201090E1,4.5E0,-1.543E1));
#9453=VERTEX_POINT('',#9451);
#9454=VERTEX_POINT('',#9452);
#9455=CARTESIAN_POINT('',(-4.919196201090E1,4.E0,1.012E1));
#9456=CARTESIAN_POINT('',(-4.969196201090E1,4.5E0,1.012E1));
#9457=VERTEX_POINT('',#9455);
#9458=VERTEX_POINT('',#9456);
#9459=CARTESIAN_POINT('',(-4.919196201090E1,4.E0,-1.543E1));
#9460=CARTESIAN_POINT('',(-4.969196201090E1,4.5E0,-1.543E1));
#9461=VERTEX_POINT('',#9459);
#9462=VERTEX_POINT('',#9460);
#9463=CARTESIAN_POINT('',(-4.919196201090E1,1.666486370017E0,1.012E1));
#9464=CARTESIAN_POINT('',(-4.919196201090E1,3.359807621135E0,1.012E1));
#9465=VERTEX_POINT('',#9463);
#9466=VERTEX_POINT('',#9464);
#9467=CARTESIAN_POINT('',(-4.919196201090E1,3.359807621135E0,-1.543E1));
#9468=CARTESIAN_POINT('',(-4.919196201090E1,1.666486370017E0,-1.543E1));
#9469=VERTEX_POINT('',#9467);
#9470=VERTEX_POINT('',#9468);
#9471=CARTESIAN_POINT('',(3.853E1,9.702205335468E0,-1.045E1));
#9472=CARTESIAN_POINT('',(3.853E1,7.909557428548E0,-1.045E1));
#9473=VERTEX_POINT('',#9471);
#9474=VERTEX_POINT('',#9472);
#9475=CARTESIAN_POINT('',(3.853E1,9.702205335468E0,3.450000000001E0));
#9476=CARTESIAN_POINT('',(3.853E1,7.909557428548E0,3.450000000001E0));
#9477=VERTEX_POINT('',#9475);
#9478=VERTEX_POINT('',#9476);
#9479=CARTESIAN_POINT('',(3.853E1,9.637716733959E0,-2.845E1));
#9480=CARTESIAN_POINT('',(3.853E1,7.909557428548E0,-2.845E1));
#9481=VERTEX_POINT('',#9479);
#9482=VERTEX_POINT('',#9480);
#9483=CARTESIAN_POINT('',(3.968006504160E1,7.909557428548E0,-2.845E1));
#9484=VERTEX_POINT('',#9483);
#9485=CARTESIAN_POINT('',(3.853E1,9.702205335468E0,-1.455E1));
#9486=CARTESIAN_POINT('',(3.853E1,7.909557428548E0,-1.455E1));
#9487=VERTEX_POINT('',#9485);
#9488=VERTEX_POINT('',#9486);
#9489=CARTESIAN_POINT('',(3.956914781977E1,7.909557428548E0,-2.905E1));
#9490=VERTEX_POINT('',#9489);
#9491=CARTESIAN_POINT('',(3.956914781977E1,8.5E0,-2.905E1));
#9492=VERTEX_POINT('',#9491);
#9493=VERTEX_POINT('',#6541);
#9494=CARTESIAN_POINT('',(3.973220533547E1,8.5E0,5.230000000001E0));
#9495=CARTESIAN_POINT('',(3.853E1,9.702205335468E0,5.230000000001E0));
#9496=VERTEX_POINT('',#9494);
#9497=VERTEX_POINT('',#9495);
#9498=CARTESIAN_POINT('',(3.853E1,7.909557428548E0,5.230000000001E0));
#9499=VERTEX_POINT('',#9498);
#9500=CARTESIAN_POINT('',(3.853E1,7.909557428548E0,-2.905E1));
#9501=VERTEX_POINT('',#9500);
#9502=CARTESIAN_POINT('',(3.973220533547E1,5.909557428548E0,-1.045E1));
#9503=CARTESIAN_POINT('',(3.878220533547E1,7.909557428548E0,-1.045E1));
#9504=VERTEX_POINT('',#9502);
#9505=VERTEX_POINT('',#9503);
#9506=CARTESIAN_POINT('',(3.878220533547E1,7.909557428548E0,-1.455E1));
#9507=CARTESIAN_POINT('',(3.973220533547E1,5.909557428548E0,-1.455E1));
#9508=VERTEX_POINT('',#9506);
#9509=VERTEX_POINT('',#9507);
#9510=CARTESIAN_POINT('',(3.878220533547E1,7.909557428548E0,3.450000000001E0));
#9511=CARTESIAN_POINT('',(3.973220533547E1,5.909557428548E0,3.450000000001E0));
#9512=VERTEX_POINT('',#9510);
#9513=VERTEX_POINT('',#9511);
#9514=CARTESIAN_POINT('',(3.973220533547E1,5.909557428548E0,5.230000000001E0));
#9515=VERTEX_POINT('',#9514);
#9516=CARTESIAN_POINT('',(3.878220533547E1,7.909557428548E0,5.230000000001E0));
#9517=VERTEX_POINT('',#9516);
#9518=CARTESIAN_POINT('',(2.623220533547E1,8.E0,7.010000000001E0));
#9519=CARTESIAN_POINT('',(2.623220533547E1,8.E0,3.450000000001E0));
#9520=VERTEX_POINT('',#9518);
#9521=VERTEX_POINT('',#9519);
#9522=CARTESIAN_POINT('',(2.623220533547E1,8.E0,-1.045E1));
#9523=CARTESIAN_POINT('',(2.623220533547E1,8.E0,-1.455E1));
#9524=VERTEX_POINT('',#9522);
#9525=VERTEX_POINT('',#9523);
#9526=CARTESIAN_POINT('',(3.373220533298E1,8.000000000061E0,-2.916071873435E1));
#9527=CARTESIAN_POINT('',(3.373220533236E1,7.000000000076E0,-3.016071873434E1));
#9528=VERTEX_POINT('',#9526);
#9529=VERTEX_POINT('',#9527);
#9530=CARTESIAN_POINT('',(3.373220533372E1,8.000000000089E0,2.433928126550E1));
#9531=CARTESIAN_POINT('',(3.373220533328E1,7.000000000111E0,2.533928126548E1));
#9532=VERTEX_POINT('',#9530);
#9533=VERTEX_POINT('',#9531);
#9534=VERTEX_POINT('',#7054);
#9535=CARTESIAN_POINT('',(-4.919196201090E1,1.666486370017E0,
-1.067972955502E1));
#9536=VERTEX_POINT('',#9535);
#9537=CARTESIAN_POINT('',(-4.919196201090E1,1.666486370017E0,5.369729555026E0));
#9538=VERTEX_POINT('',#9537);
#9539=CARTESIAN_POINT('',(-4.194968016173E1,4.E0,2.758928126559E1));
#9540=CARTESIAN_POINT('',(-3.385031983827E1,4.E0,2.758928126559E1));
#9541=VERTEX_POINT('',#9539);
#9542=VERTEX_POINT('',#9540);
#9543=CARTESIAN_POINT('',(-4.194968016173E1,4.E0,2.633928126559E1));
#9544=CARTESIAN_POINT('',(-3.385031983827E1,4.E0,2.633928126559E1));
#9545=VERTEX_POINT('',#9543);
#9546=VERTEX_POINT('',#9544);
#9547=CARTESIAN_POINT('',(-4.244968016173E1,4.5E0,2.758928126559E1));
#9548=VERTEX_POINT('',#9547);
#9549=CARTESIAN_POINT('',(-3.335031983827E1,4.5E0,2.758928126559E1));
#9550=VERTEX_POINT('',#9549);
#9551=CARTESIAN_POINT('',(-4.244968016173E1,4.5E0,2.633928126559E1));
#9552=VERTEX_POINT('',#9551);
#9553=CARTESIAN_POINT('',(-3.335031983827E1,4.5E0,2.633928126559E1));
#9554=VERTEX_POINT('',#9553);
#9555=CARTESIAN_POINT('',(3.723220533547E1,3.359807621135E0,6.260000000001E0));
#9556=CARTESIAN_POINT('',(3.723220533547E1,3.531754163448E0,6.260000000001E0));
#9557=VERTEX_POINT('',#9555);
#9558=VERTEX_POINT('',#9556);
#9559=CARTESIAN_POINT('',(3.723220533547E1,3.359807621135E0,-1.12E1));
#9560=CARTESIAN_POINT('',(3.723220533547E1,3.531754163448E0,-1.12E1));
#9561=VERTEX_POINT('',#9559);
#9562=VERTEX_POINT('',#9560);
#9563=CARTESIAN_POINT('',(3.723220533547E1,3.359807621135E0,4.200000000001E0));
#9564=CARTESIAN_POINT('',(3.723220533547E1,3.531754163448E0,4.200000000001E0));
#9565=VERTEX_POINT('',#9563);
#9566=VERTEX_POINT('',#9564);
#9567=CARTESIAN_POINT('',(3.723220533547E1,3.359807621135E0,-1.38E1));
#9568=CARTESIAN_POINT('',(3.723220533547E1,3.531754163448E0,-1.38E1));
#9569=VERTEX_POINT('',#9567);
#9570=VERTEX_POINT('',#9568);
#9571=CARTESIAN_POINT('',(3.773220533546E1,4.499999999989E0,7.009999999983E0));
#9572=VERTEX_POINT('',#9571);
#9573=CARTESIAN_POINT('',(3.773220533546E1,4.5E0,-1.045000000003E1));
#9574=VERTEX_POINT('',#9573);
#9575=CARTESIAN_POINT('',(3.773220533547E1,4.5E0,3.449999999998E0));
#9576=VERTEX_POINT('',#9575);
#9577=CARTESIAN_POINT('',(3.773220533548E1,4.5E0,-1.455000000003E1));
#9578=VERTEX_POINT('',#9577);
#9579=CARTESIAN_POINT('',(3.723220533547E1,4.E0,4.083598232541E0));
#9580=VERTEX_POINT('',#9579);
#9581=VERTEX_POINT('',#1634);
#9582=VERTEX_POINT('',#6368);
#9583=CARTESIAN_POINT('',(3.723220533547E1,4.E0,-1.391640176748E1));
#9584=VERTEX_POINT('',#9583);
#9585=VERTEX_POINT('',#1694);
#9586=VERTEX_POINT('',#1703);
#9587=VERTEX_POINT('',#1715);
#9588=VERTEX_POINT('',#1723);
#9589=VERTEX_POINT('',#6388);
#9590=VERTEX_POINT('',#6397);
#9591=VERTEX_POINT('',#6409);
#9592=VERTEX_POINT('',#6417);
#9593=CARTESIAN_POINT('',(3.623220533547E1,2.371556984937E0,4.200000000001E0));
#9594=CARTESIAN_POINT('',(3.623220533547E1,2.371556984937E0,6.260000000001E0));
#9595=VERTEX_POINT('',#9593);
#9596=VERTEX_POINT('',#9594);
#9597=CARTESIAN_POINT('',(3.422325660965E1,5.203132054035E0,3.450000000001E0));
#9598=CARTESIAN_POINT('',(3.422325660965E1,5.203132054035E0,7.010000000001E0));
#9599=VERTEX_POINT('',#9597);
#9600=VERTEX_POINT('',#9598);
#9601=CARTESIAN_POINT('',(3.623220533547E1,2.371556984937E0,-1.38E1));
#9602=CARTESIAN_POINT('',(3.623220533547E1,2.371556984937E0,-1.12E1));
#9603=VERTEX_POINT('',#9601);
#9604=VERTEX_POINT('',#9602);
#9605=CARTESIAN_POINT('',(3.422325660965E1,5.203132054035E0,-1.455E1));
#9606=CARTESIAN_POINT('',(3.422325660965E1,5.203132054035E0,-1.045E1));
#9607=VERTEX_POINT('',#9605);
#9608=VERTEX_POINT('',#9606);
#9609=CARTESIAN_POINT('',(3.623220533547E1,2.120675276617E0,-1.12E1));
#9610=VERTEX_POINT('',#9609);
#9611=CARTESIAN_POINT('',(3.623220533547E1,2.120675276617E0,6.260000000001E0));
#9612=VERTEX_POINT('',#9611);
#9613=CARTESIAN_POINT('',(3.623220533547E1,2.120675276617E0,-1.38E1));
#9614=VERTEX_POINT('',#9613);
#9615=CARTESIAN_POINT('',(3.623220533547E1,2.120675276617E0,4.200000000001E0));
#9616=VERTEX_POINT('',#9615);
#9617=CARTESIAN_POINT('',(-4.569196201090E1,1.620675276617E0,2.628468573045E1));
#9618=CARTESIAN_POINT('',(-4.913736647576E1,1.620675276617E0,2.283928126559E1));
#9619=VERTEX_POINT('',#9617);
#9620=VERTEX_POINT('',#9618);
#9621=CARTESIAN_POINT('',(-4.913736647576E1,1.620675276617E0,
-2.766071873441E1));
#9622=VERTEX_POINT('',#9621);
#9623=CARTESIAN_POINT('',(-4.569196201090E1,1.620675276617E0,
-3.110612319927E1));
#9624=VERTEX_POINT('',#9623);
#9625=CARTESIAN_POINT('',(3.373220533547E1,1.620675276617E0,-3.016071873441E1));
#9626=VERTEX_POINT('',#9625);
#9627=CARTESIAN_POINT('',(3.373220533547E1,1.620675276617E0,2.533928126559E1));
#9628=VERTEX_POINT('',#9627);
#9629=CARTESIAN_POINT('',(-1.4E0,2.169946148723E0,2.693928126559E1));
#9630=VERTEX_POINT('',#9629);
#9631=CARTESIAN_POINT('',(1.16E1,2.169946148723E0,2.693928126559E1));
#9632=VERTEX_POINT('',#9631);
#9633=CARTESIAN_POINT('',(-2.75E1,2.169946148723E0,2.693928126559E1));
#9634=VERTEX_POINT('',#9633);
#9635=CARTESIAN_POINT('',(-5.5E0,2.169946148723E0,2.693928126559E1));
#9636=VERTEX_POINT('',#9635);
#9637=CARTESIAN_POINT('',(-4.515E1,2.169946148723E0,2.693928126559E1));
#9638=VERTEX_POINT('',#9637);
#9639=CARTESIAN_POINT('',(-3.065E1,2.169946148723E0,2.693928126559E1));
#9640=VERTEX_POINT('',#9639);
#9641=CARTESIAN_POINT('',(-1.4E0,3.013397459622E0,2.693928126559E1));
#9642=VERTEX_POINT('',#9641);
#9643=CARTESIAN_POINT('',(1.16E1,3.013397459622E0,2.693928126559E1));
#9644=VERTEX_POINT('',#9643);
#9645=CARTESIAN_POINT('',(-2.75E1,3.013397459622E0,2.693928126559E1));
#9646=VERTEX_POINT('',#9645);
#9647=CARTESIAN_POINT('',(-5.5E0,3.013397459622E0,2.693928126559E1));
#9648=VERTEX_POINT('',#9647);
#9649=CARTESIAN_POINT('',(-4.515E1,3.013397459622E0,2.693928126559E1));
#9650=VERTEX_POINT('',#9649);
#9651=CARTESIAN_POINT('',(-3.065E1,3.013397459622E0,2.693928126559E1));
#9652=VERTEX_POINT('',#9651);
#9653=CARTESIAN_POINT('',(3.711560260081E1,1.620675276617E0,2.349E1));
#9654=VERTEX_POINT('',#9653);
#9655=CARTESIAN_POINT('',(3.708598633760E1,1.620675276617E0,-2.845E1));
#9656=VERTEX_POINT('',#9655);
#9657=CARTESIAN_POINT('',(3.373220533547E1,1.620675276617E0,-3.110612319927E1));
#9658=VERTEX_POINT('',#9657);
#9659=CARTESIAN_POINT('',(3.373220533547E1,1.620675276617E0,2.628468573045E1));
#9660=VERTEX_POINT('',#9659);
#9661=CARTESIAN_POINT('',(-8.7E0,1.620675276617E0,2.628468573045E1));
#9662=VERTEX_POINT('',#9661);
#9663=CARTESIAN_POINT('',(-2.43E1,1.620675276617E0,2.628468573045E1));
#9664=VERTEX_POINT('',#9663);
#9665=CARTESIAN_POINT('',(1.495926117578E0,1.620675276617E0,2.628468573045E1));
#9666=VERTEX_POINT('',#9665);
#9667=CARTESIAN_POINT('',(8.704073882422E0,1.620675276617E0,2.628468573045E1));
#9668=VERTEX_POINT('',#9667);
#9669=CARTESIAN_POINT('',(-4.444006573749E1,1.620675276617E0,2.628468573045E1));
#9670=VERTEX_POINT('',#9669);
#9671=CARTESIAN_POINT('',(-3.136050457596E1,1.620675276617E0,2.628468573045E1));
#9672=VERTEX_POINT('',#9671);
#9673=CARTESIAN_POINT('',(-4.979196201090E1,2.169946148723E0,1.012E1));
#9674=VERTEX_POINT('',#9673);
#9675=CARTESIAN_POINT('',(-4.979196201090E1,2.169946148723E0,-1.543E1));
#9676=VERTEX_POINT('',#9675);
#9677=CARTESIAN_POINT('',(-4.979196201090E1,3.013397459622E0,1.012E1));
#9678=VERTEX_POINT('',#9677);
#9679=CARTESIAN_POINT('',(-4.979196201090E1,3.013397459622E0,-1.543E1));
#9680=VERTEX_POINT('',#9679);
#9681=CARTESIAN_POINT('',(3.783220533547E1,2.169946148723E0,6.260000000001E0));
#9682=CARTESIAN_POINT('',(3.783220533547E1,3.013397459622E0,6.260000000001E0));
#9683=VERTEX_POINT('',#9681);
#9684=VERTEX_POINT('',#9682);
#9685=CARTESIAN_POINT('',(3.783220533547E1,2.169946148723E0,-1.12E1));
#9686=CARTESIAN_POINT('',(3.783220533547E1,3.013397459622E0,-1.12E1));
#9687=VERTEX_POINT('',#9685);
#9688=VERTEX_POINT('',#9686);
#9689=CARTESIAN_POINT('',(3.783220533547E1,2.169946148723E0,4.200000000001E0));
#9690=CARTESIAN_POINT('',(3.783220533547E1,3.013397459622E0,4.200000000001E0));
#9691=VERTEX_POINT('',#9689);
#9692=VERTEX_POINT('',#9690);
#9693=CARTESIAN_POINT('',(3.783220533547E1,2.169946148723E0,-1.38E1));
#9694=CARTESIAN_POINT('',(3.783220533547E1,3.013397459622E0,-1.38E1));
#9695=VERTEX_POINT('',#9693);
#9696=VERTEX_POINT('',#9694);
#9697=CARTESIAN_POINT('',(3.623220533547E1,1.620675276617E0,5.760000000001E0));
#9698=VERTEX_POINT('',#9697);
#9699=CARTESIAN_POINT('',(3.777348659662E1,2.120675276617E0,6.260000000001E0));
#9700=VERTEX_POINT('',#9699);
#9701=CARTESIAN_POINT('',(3.717760980033E1,1.620675276617E0,5.760000000001E0));
#9702=VERTEX_POINT('',#9701);
#9703=CARTESIAN_POINT('',(3.717760980033E1,1.620675276617E0,4.700000000001E0));
#9704=CARTESIAN_POINT('',(3.777348659662E1,2.120675276617E0,4.200000000001E0));
#9705=VERTEX_POINT('',#9703);
#9706=VERTEX_POINT('',#9704);
#9707=CARTESIAN_POINT('',(3.623220533547E1,1.620675276617E0,4.700000000001E0));
#9708=VERTEX_POINT('',#9707);
#9709=CARTESIAN_POINT('',(3.717760980033E1,1.620675276617E0,-1.33E1));
#9710=CARTESIAN_POINT('',(3.777348659662E1,2.120675276617E0,-1.38E1));
#9711=VERTEX_POINT('',#9709);
#9712=VERTEX_POINT('',#9710);
#9713=CARTESIAN_POINT('',(3.623220533547E1,1.620675276617E0,-1.33E1));
#9714=VERTEX_POINT('',#9713);
#9715=CARTESIAN_POINT('',(3.623220533547E1,1.620675276617E0,-1.17E1));
#9716=VERTEX_POINT('',#9715);
#9717=CARTESIAN_POINT('',(3.777348659662E1,2.120675276617E0,-1.12E1));
#9718=VERTEX_POINT('',#9717);
#9719=CARTESIAN_POINT('',(3.717760980033E1,1.620675276617E0,-1.17E1));
#9720=VERTEX_POINT('',#9719);
#9721=CARTESIAN_POINT('',(-4.979196201090E1,2.169946148723E0,2.283928126559E1));
#9722=CARTESIAN_POINT('',(-4.919196201090E1,1.666486370017E0,2.283928126559E1));
#9723=VERTEX_POINT('',#9721);
#9724=VERTEX_POINT('',#9722);
#9725=CARTESIAN_POINT('',(-4.569196201090E1,2.169946148723E0,2.693928126559E1));
#9726=CARTESIAN_POINT('',(-4.569196201090E1,1.666486370017E0,2.633928126559E1));
#9727=VERTEX_POINT('',#9725);
#9728=VERTEX_POINT('',#9726);
#9729=CARTESIAN_POINT('',(-4.979196201090E1,3.013397459622E0,2.283928126559E1));
#9730=VERTEX_POINT('',#9729);
#9731=CARTESIAN_POINT('',(-4.569196201090E1,3.013397459622E0,2.693928126559E1));
#9732=VERTEX_POINT('',#9731);
#9733=CARTESIAN_POINT('',(-4.919196201090E1,3.359807621135E0,2.283928126559E1));
#9734=VERTEX_POINT('',#9733);
#9735=CARTESIAN_POINT('',(-4.569196201090E1,3.359807621135E0,2.633928126559E1));
#9736=VERTEX_POINT('',#9735);
#9737=CARTESIAN_POINT('',(-4.919196201090E1,1.666486370017E0,
-2.766071873441E1));
#9738=CARTESIAN_POINT('',(-4.979196201090E1,2.169946148723E0,
-2.766071873441E1));
#9739=VERTEX_POINT('',#9737);
#9740=VERTEX_POINT('',#9738);
#9741=CARTESIAN_POINT('',(-4.979196201090E1,3.013397459622E0,
-2.766071873441E1));
#9742=VERTEX_POINT('',#9741);
#9743=CARTESIAN_POINT('',(-4.919196201090E1,3.359807621135E0,
-2.766071873441E1));
#9744=VERTEX_POINT('',#9743);
#9745=CARTESIAN_POINT('',(-4.569196201090E1,2.169946148723E0,
-3.176071873441E1));
#9746=CARTESIAN_POINT('',(-4.569196201090E1,1.666486370017E0,
-3.116071873441E1));
#9747=VERTEX_POINT('',#9745);
#9748=VERTEX_POINT('',#9746);
#9749=CARTESIAN_POINT('',(-4.569196201090E1,3.013397459622E0,
-3.176071873441E1));
#9750=VERTEX_POINT('',#9749);
#9751=CARTESIAN_POINT('',(-4.569196201090E1,3.359807621135E0,
-3.116071873441E1));
#9752=VERTEX_POINT('',#9751);
#9753=CARTESIAN_POINT('',(3.373220533547E1,1.666486370017E0,-3.116071873441E1));
#9754=CARTESIAN_POINT('',(3.373220533547E1,2.169946148723E0,-3.176071873441E1));
#9755=VERTEX_POINT('',#9753);
#9756=VERTEX_POINT('',#9754);
#9757=CARTESIAN_POINT('',(3.373220533547E1,3.013397459622E0,-3.176071873441E1));
#9758=VERTEX_POINT('',#9757);
#9759=CARTESIAN_POINT('',(3.373220533547E1,3.359807621135E0,-3.116071873441E1));
#9760=VERTEX_POINT('',#9759);
#9761=CARTESIAN_POINT('',(3.373220533547E1,2.169946148723E0,2.693928126559E1));
#9762=CARTESIAN_POINT('',(3.373220533547E1,1.666486370017E0,2.633928126559E1));
#9763=VERTEX_POINT('',#9761);
#9764=VERTEX_POINT('',#9762);
#9765=CARTESIAN_POINT('',(3.373220533547E1,3.013397459622E0,2.693928126559E1));
#9766=VERTEX_POINT('',#9765);
#9767=CARTESIAN_POINT('',(3.373220533547E1,3.359807621135E0,2.633928126559E1));
#9768=VERTEX_POINT('',#9767);
#9769=CARTESIAN_POINT('',(-3.569196201090E1,1.620675276617E0,
-3.110612319927E1));
#9770=VERTEX_POINT('',#9769);
#9771=CARTESIAN_POINT('',(-3.569196201090E1,2.169946148723E0,
-3.176071873441E1));
#9772=VERTEX_POINT('',#9771);
#9773=CARTESIAN_POINT('',(-3.569196201090E1,3.013397459622E0,
-3.176071873441E1));
#9774=VERTEX_POINT('',#9773);
#9775=CARTESIAN_POINT('',(2.773220533547E1,1.620675276617E0,2.628468573045E1));
#9776=VERTEX_POINT('',#9775);
#9777=CARTESIAN_POINT('',(-3.569196201090E1,3.359807621135E0,
-3.116071873441E1));
#9778=VERTEX_POINT('',#9777);
#9779=CARTESIAN_POINT('',(2.773220533547E1,2.169946148723E0,2.693928126559E1));
#9780=VERTEX_POINT('',#9779);
#9781=CARTESIAN_POINT('',(2.773220533547E1,3.013397459622E0,2.693928126559E1));
#9782=VERTEX_POINT('',#9781);
#9783=CARTESIAN_POINT('',(2.773220533547E1,3.359807621135E0,2.633928126559E1));
#9784=VERTEX_POINT('',#9783);
#9785=CARTESIAN_POINT('',(1.76E1,3.359807621135E0,2.628468573045E1));
#9786=CARTESIAN_POINT('',(2.773220533547E1,3.359807621135E0,2.628468573045E1));
#9787=VERTEX_POINT('',#9785);
#9788=VERTEX_POINT('',#9786);
#9789=CARTESIAN_POINT('',(-2.255057289544E1,3.359807621135E0,
-3.110612319927E1));
#9790=CARTESIAN_POINT('',(-3.569196201090E1,3.359807621135E0,
-3.110612319927E1));
#9791=VERTEX_POINT('',#9789);
#9792=VERTEX_POINT('',#9790);
#9793=CARTESIAN_POINT('',(5.908162200121E-1,3.359807621135E0,
-3.110612319927E1));
#9794=CARTESIAN_POINT('',(-1.255057289544E1,3.359807621135E0,
-3.110612319927E1));
#9795=VERTEX_POINT('',#9793);
#9796=VERTEX_POINT('',#9794);
#9797=CARTESIAN_POINT('',(2.373220533547E1,3.359807621135E0,-3.110612319927E1));
#9798=CARTESIAN_POINT('',(1.059081622001E1,3.359807621135E0,-3.110612319927E1));
#9799=VERTEX_POINT('',#9797);
#9800=VERTEX_POINT('',#9798);
#9801=CARTESIAN_POINT('',(-2.255057289544E1,3.359807621135E0,
-3.116071873441E1));
#9802=VERTEX_POINT('',#9801);
#9803=CARTESIAN_POINT('',(-1.255057289544E1,3.359807621135E0,
-3.116071873441E1));
#9804=CARTESIAN_POINT('',(5.908162200121E-1,3.359807621135E0,
-3.116071873441E1));
#9805=VERTEX_POINT('',#9803);
#9806=VERTEX_POINT('',#9804);
#9807=CARTESIAN_POINT('',(1.059081622001E1,3.359807621135E0,-3.116071873441E1));
#9808=CARTESIAN_POINT('',(2.373220533547E1,3.359807621135E0,-3.116071873441E1));
#9809=VERTEX_POINT('',#9807);
#9810=VERTEX_POINT('',#9808);
#9811=CARTESIAN_POINT('',(1.76E1,3.359807621135E0,2.633928126559E1));
#9812=VERTEX_POINT('',#9811);
#9813=CARTESIAN_POINT('',(1.76E1,1.620675276617E0,2.628468573045E1));
#9814=VERTEX_POINT('',#9813);
#9815=CARTESIAN_POINT('',(-2.255057289544E1,1.620675276617E0,
-3.110612319927E1));
#9816=VERTEX_POINT('',#9815);
#9817=CARTESIAN_POINT('',(5.908162200121E-1,1.620675276617E0,
-3.110612319927E1));
#9818=CARTESIAN_POINT('',(-1.255057289544E1,1.620675276617E0,
-3.110612319927E1));
#9819=VERTEX_POINT('',#9817);
#9820=VERTEX_POINT('',#9818);
#9821=CARTESIAN_POINT('',(2.373220533547E1,1.620675276617E0,-3.110612319927E1));
#9822=CARTESIAN_POINT('',(1.059081622001E1,1.620675276617E0,-3.110612319927E1));
#9823=VERTEX_POINT('',#9821);
#9824=VERTEX_POINT('',#9822);
#9825=CARTESIAN_POINT('',(-2.255057289544E1,2.169946148723E0,
-3.176071873441E1));
#9826=VERTEX_POINT('',#9825);
#9827=CARTESIAN_POINT('',(-1.255057289544E1,2.169946148723E0,
-3.176071873441E1));
#9828=VERTEX_POINT('',#9827);
#9829=CARTESIAN_POINT('',(5.908162200121E-1,2.169946148723E0,
-3.176071873441E1));
#9830=VERTEX_POINT('',#9829);
#9831=CARTESIAN_POINT('',(1.059081622001E1,2.169946148723E0,-3.176071873441E1));
#9832=VERTEX_POINT('',#9831);
#9833=CARTESIAN_POINT('',(2.373220533547E1,2.169946148723E0,-3.176071873441E1));
#9834=VERTEX_POINT('',#9833);
#9835=CARTESIAN_POINT('',(-2.255057289544E1,3.013397459622E0,
-3.176071873441E1));
#9836=VERTEX_POINT('',#9835);
#9837=CARTESIAN_POINT('',(-1.255057289544E1,3.013397459622E0,
-3.176071873441E1));
#9838=VERTEX_POINT('',#9837);
#9839=CARTESIAN_POINT('',(5.908162200121E-1,3.013397459622E0,
-3.176071873441E1));
#9840=VERTEX_POINT('',#9839);
#9841=CARTESIAN_POINT('',(1.059081622001E1,3.013397459622E0,-3.176071873441E1));
#9842=VERTEX_POINT('',#9841);
#9843=CARTESIAN_POINT('',(2.373220533547E1,3.013397459622E0,-3.176071873441E1));
#9844=VERTEX_POINT('',#9843);
#9845=CARTESIAN_POINT('',(1.76E1,2.169946148723E0,2.693928126559E1));
#9846=VERTEX_POINT('',#9845);
#9847=CARTESIAN_POINT('',(1.76E1,3.013397459622E0,2.693928126559E1));
#9848=VERTEX_POINT('',#9847);
#9849=CARTESIAN_POINT('',(8.85E0,7.E0,2.533928126559E1));
#9850=CARTESIAN_POINT('',(8.85E0,1.620675276617E0,2.533928126559E1));
#9851=VERTEX_POINT('',#9849);
#9852=VERTEX_POINT('',#9850);
#9853=CARTESIAN_POINT('',(1.35E0,7.E0,2.533928126559E1));
#9854=CARTESIAN_POINT('',(1.35E0,1.620675276617E0,2.533928126559E1));
#9855=VERTEX_POINT('',#9853);
#9856=VERTEX_POINT('',#9854);
#9857=CARTESIAN_POINT('',(1.820808026357E0,4.5E0,2.565E1));
#9858=CARTESIAN_POINT('',(1.495926117578E0,1.620675276617E0,2.565E1));
#9859=VERTEX_POINT('',#9857);
#9860=VERTEX_POINT('',#9858);
#9861=CARTESIAN_POINT('',(8.704073882422E0,1.620675276617E0,2.565E1));
#9862=CARTESIAN_POINT('',(8.379191973642E0,4.5E0,2.565E1));
#9863=VERTEX_POINT('',#9861);
#9864=VERTEX_POINT('',#9862);
#9865=CARTESIAN_POINT('',(8.85E0,1.620675276617E0,2.565E1));
#9866=VERTEX_POINT('',#9865);
#9867=CARTESIAN_POINT('',(1.35E0,1.620675276617E0,2.565E1));
#9868=VERTEX_POINT('',#9867);
#9869=CARTESIAN_POINT('',(1.35E0,7.475468884347E0,2.486381238124E1));
#9870=CARTESIAN_POINT('',(8.85E0,7.475468884347E0,2.486381238124E1));
#9871=VERTEX_POINT('',#9869);
#9872=VERTEX_POINT('',#9870);
#9873=CARTESIAN_POINT('',(8.85E0,7.475468884347E0,2.565E1));
#9874=VERTEX_POINT('',#9873);
#9875=CARTESIAN_POINT('',(1.35E0,7.475468884347E0,2.565E1));
#9876=VERTEX_POINT('',#9875);
#9877=CARTESIAN_POINT('',(-4.819196201090E1,7.E0,-2.566071873441E1));
#9878=CARTESIAN_POINT('',(-4.819196201090E1,7.E0,2.083928126559E1));
#9879=VERTEX_POINT('',#9877);
#9880=VERTEX_POINT('',#9878);
#9881=CARTESIAN_POINT('',(-4.469196201090E1,7.E0,2.533928126559E1));
#9882=VERTEX_POINT('',#9881);
#9883=CARTESIAN_POINT('',(-4.819196201090E1,1.620675276617E0,2.083928126559E1));
#9884=CARTESIAN_POINT('',(-4.819196201090E1,1.620675276617E0,
-2.566071873441E1));
#9885=VERTEX_POINT('',#9883);
#9886=VERTEX_POINT('',#9884);
#9887=CARTESIAN_POINT('',(-4.469196201090E1,1.620675276617E0,2.533928126559E1));
#9888=VERTEX_POINT('',#9887);
#9889=CARTESIAN_POINT('',(-4.546973978868E1,8.E0,2.433928126559E1));
#9890=CARTESIAN_POINT('',(-4.719196201090E1,8.E0,2.212499555130E1));
#9891=VERTEX_POINT('',#9889);
#9892=VERTEX_POINT('',#9890);
#9893=CARTESIAN_POINT('',(-4.719196201090E1,8.E0,-2.694643302013E1));
#9894=VERTEX_POINT('',#9893);
#9895=CARTESIAN_POINT('',(-4.546973978868E1,8.E0,-2.916071873441E1));
#9896=VERTEX_POINT('',#9895);
#9897=CARTESIAN_POINT('',(-4.469196201090E1,7.E0,-3.016071873441E1));
#9898=CARTESIAN_POINT('',(-4.469196201090E1,1.620675276617E0,
-3.016071873441E1));
#9899=VERTEX_POINT('',#9897);
#9900=VERTEX_POINT('',#9898);
#9901=CARTESIAN_POINT('',(1.105803798910E1,8.E0,-2.916071873441E1));
#9902=VERTEX_POINT('',#9901);
#9903=CARTESIAN_POINT('',(1.505803798910E1,8.E0,-2.916071873441E1));
#9904=VERTEX_POINT('',#9903);
#9905=CARTESIAN_POINT('',(1.505803798910E1,1.620675276617E0,-2.914678671191E1));
#9906=CARTESIAN_POINT('',(1.105803798910E1,1.620675276617E0,-2.914678671191E1));
#9907=VERTEX_POINT('',#9905);
#9908=VERTEX_POINT('',#9906);
#9909=CARTESIAN_POINT('',(1.505803798910E1,8.E0,-2.914678671191E1));
#9910=CARTESIAN_POINT('',(1.105803798910E1,8.E0,-2.914678671191E1));
#9911=VERTEX_POINT('',#9909);
#9912=VERTEX_POINT('',#9910);
#9913=CARTESIAN_POINT('',(1.105803798910E1,7.E0,-3.016071873441E1));
#9914=CARTESIAN_POINT('',(1.105803798910E1,1.620675276617E0,-3.016071873441E1));
#9915=VERTEX_POINT('',#9913);
#9916=VERTEX_POINT('',#9914);
#9917=CARTESIAN_POINT('',(1.505803798910E1,7.E0,-3.016071873441E1));
#9918=CARTESIAN_POINT('',(1.505803798910E1,1.620675276617E0,-3.016071873441E1));
#9919=VERTEX_POINT('',#9917);
#9920=VERTEX_POINT('',#9918);
#9921=CARTESIAN_POINT('',(1.155803798910E1,4.620675276617E0,-2.691071873441E1));
#9922=CARTESIAN_POINT('',(1.455803798910E1,4.620675276617E0,-2.691071873441E1));
#9923=VERTEX_POINT('',#9921);
#9924=VERTEX_POINT('',#9922);
#9925=CARTESIAN_POINT('',(1.155803798910E1,1.620675276617E0,-2.691071873441E1));
#9926=CARTESIAN_POINT('',(1.455803798910E1,1.620675276617E0,-2.691071873441E1));
#9927=VERTEX_POINT('',#9925);
#9928=VERTEX_POINT('',#9926);
#9929=CARTESIAN_POINT('',(0.E0,1.05E1,0.E0));
#9930=DIRECTION('',(0.E0,1.E0,0.E0));
#9931=DIRECTION('',(0.E0,0.E0,1.E0));
#9932=AXIS2_PLACEMENT_3D('',#9929,#9930,#9931);
#9933=PLANE('',#9932);
#9935=ORIENTED_EDGE('',*,*,#9934,.T.);
#9937=ORIENTED_EDGE('',*,*,#9936,.T.);
#9939=ORIENTED_EDGE('',*,*,#9938,.F.);
#9941=ORIENTED_EDGE('',*,*,#9940,.F.);
#9943=ORIENTED_EDGE('',*,*,#9942,.F.);
#9945=ORIENTED_EDGE('',*,*,#9944,.F.);
#9947=ORIENTED_EDGE('',*,*,#9946,.F.);
#9949=ORIENTED_EDGE('',*,*,#9948,.F.);
#9951=ORIENTED_EDGE('',*,*,#9950,.F.);
#9953=ORIENTED_EDGE('',*,*,#9952,.F.);
#9955=ORIENTED_EDGE('',*,*,#9954,.T.);
#9957=ORIENTED_EDGE('',*,*,#9956,.T.);
#9959=ORIENTED_EDGE('',*,*,#9958,.F.);
#9961=ORIENTED_EDGE('',*,*,#9960,.F.);
#9963=ORIENTED_EDGE('',*,*,#9962,.T.);
#9965=ORIENTED_EDGE('',*,*,#9964,.T.);
#9967=ORIENTED_EDGE('',*,*,#9966,.F.);
#9969=ORIENTED_EDGE('',*,*,#9968,.F.);
#9970=EDGE_LOOP('',(#9935,#9937,#9939,#9941,#9943,#9945,#9947,#9949,#9951,#9953,
#9955,#9957,#9959,#9961,#9963,#9965,#9967,#9969));
#9971=FACE_OUTER_BOUND('',#9970,.F.);
#9973=ORIENTED_EDGE('',*,*,#9972,.T.);
#9975=ORIENTED_EDGE('',*,*,#9974,.T.);
#9977=ORIENTED_EDGE('',*,*,#9976,.T.);
#9979=ORIENTED_EDGE('',*,*,#9978,.T.);
#9981=ORIENTED_EDGE('',*,*,#9980,.T.);
#9983=ORIENTED_EDGE('',*,*,#9982,.T.);
#9984=EDGE_LOOP('',(#9973,#9975,#9977,#9979,#9981,#9983));
#9985=FACE_BOUND('',#9984,.F.);
#9987=ORIENTED_EDGE('',*,*,#9986,.T.);
#9989=ORIENTED_EDGE('',*,*,#9988,.T.);
#9991=ORIENTED_EDGE('',*,*,#9990,.T.);
#9993=ORIENTED_EDGE('',*,*,#9992,.T.);
#9995=ORIENTED_EDGE('',*,*,#9994,.T.);
#9997=ORIENTED_EDGE('',*,*,#9996,.T.);
#9998=EDGE_LOOP('',(#9987,#9989,#9991,#9993,#9995,#9997));
#9999=FACE_BOUND('',#9998,.F.);
#10001=ORIENTED_EDGE('',*,*,#10000,.T.);
#10003=ORIENTED_EDGE('',*,*,#10002,.T.);
#10005=ORIENTED_EDGE('',*,*,#10004,.T.);
#10007=ORIENTED_EDGE('',*,*,#10006,.T.);
#10009=ORIENTED_EDGE('',*,*,#10008,.T.);
#10011=ORIENTED_EDGE('',*,*,#10010,.T.);
#10012=EDGE_LOOP('',(#10001,#10003,#10005,#10007,#10009,#10011));
#10013=FACE_BOUND('',#10012,.F.);
#10015=ORIENTED_EDGE('',*,*,#10014,.T.);
#10017=ORIENTED_EDGE('',*,*,#10016,.T.);
#10019=ORIENTED_EDGE('',*,*,#10018,.T.);
#10021=ORIENTED_EDGE('',*,*,#10020,.T.);
#10023=ORIENTED_EDGE('',*,*,#10022,.T.);
#10025=ORIENTED_EDGE('',*,*,#10024,.T.);
#10026=EDGE_LOOP('',(#10015,#10017,#10019,#10021,#10023,#10025));
#10027=FACE_BOUND('',#10026,.F.);
#10029=ORIENTED_EDGE('',*,*,#10028,.T.);
#10031=ORIENTED_EDGE('',*,*,#10030,.T.);
#10033=ORIENTED_EDGE('',*,*,#10032,.T.);
#10035=ORIENTED_EDGE('',*,*,#10034,.T.);
#10037=ORIENTED_EDGE('',*,*,#10036,.T.);
#10039=ORIENTED_EDGE('',*,*,#10038,.T.);
#10040=EDGE_LOOP('',(#10029,#10031,#10033,#10035,#10037,#10039));
#10041=FACE_BOUND('',#10040,.F.);
#10043=ORIENTED_EDGE('',*,*,#10042,.T.);
#10045=ORIENTED_EDGE('',*,*,#10044,.T.);
#10047=ORIENTED_EDGE('',*,*,#10046,.T.);
#10049=ORIENTED_EDGE('',*,*,#10048,.T.);
#10051=ORIENTED_EDGE('',*,*,#10050,.T.);
#10053=ORIENTED_EDGE('',*,*,#10052,.T.);
#10054=EDGE_LOOP('',(#10043,#10045,#10047,#10049,#10051,#10053));
#10055=FACE_BOUND('',#10054,.F.);
#10057=ORIENTED_EDGE('',*,*,#10056,.T.);
#10059=ORIENTED_EDGE('',*,*,#10058,.T.);
#10061=ORIENTED_EDGE('',*,*,#10060,.T.);
#10063=ORIENTED_EDGE('',*,*,#10062,.T.);
#10065=ORIENTED_EDGE('',*,*,#10064,.T.);
#10067=ORIENTED_EDGE('',*,*,#10066,.T.);
#10068=EDGE_LOOP('',(#10057,#10059,#10061,#10063,#10065,#10067));
#10069=FACE_BOUND('',#10068,.F.);
#10071=ORIENTED_EDGE('',*,*,#10070,.T.);
#10073=ORIENTED_EDGE('',*,*,#10072,.T.);
#10075=ORIENTED_EDGE('',*,*,#10074,.T.);
#10077=ORIENTED_EDGE('',*,*,#10076,.T.);
#10079=ORIENTED_EDGE('',*,*,#10078,.T.);
#10081=ORIENTED_EDGE('',*,*,#10080,.T.);
#10082=EDGE_LOOP('',(#10071,#10073,#10075,#10077,#10079,#10081));
#10083=FACE_BOUND('',#10082,.F.);
#10085=ORIENTED_EDGE('',*,*,#10084,.T.);
#10087=ORIENTED_EDGE('',*,*,#10086,.T.);
#10089=ORIENTED_EDGE('',*,*,#10088,.T.);
#10091=ORIENTED_EDGE('',*,*,#10090,.T.);
#10093=ORIENTED_EDGE('',*,*,#10092,.T.);
#10095=ORIENTED_EDGE('',*,*,#10094,.T.);
#10096=EDGE_LOOP('',(#10085,#10087,#10089,#10091,#10093,#10095));
#10097=FACE_BOUND('',#10096,.F.);
#10099=ORIENTED_EDGE('',*,*,#10098,.T.);
#10101=ORIENTED_EDGE('',*,*,#10100,.T.);
#10103=ORIENTED_EDGE('',*,*,#10102,.T.);
#10105=ORIENTED_EDGE('',*,*,#10104,.T.);
#10107=ORIENTED_EDGE('',*,*,#10106,.T.);
#10109=ORIENTED_EDGE('',*,*,#10108,.T.);
#10110=EDGE_LOOP('',(#10099,#10101,#10103,#10105,#10107,#10109));
#10111=FACE_BOUND('',#10110,.F.);
#10113=ORIENTED_EDGE('',*,*,#10112,.T.);
#10115=ORIENTED_EDGE('',*,*,#10114,.T.);
#10117=ORIENTED_EDGE('',*,*,#10116,.T.);
#10119=ORIENTED_EDGE('',*,*,#10118,.T.);
#10121=ORIENTED_EDGE('',*,*,#10120,.T.);
#10123=ORIENTED_EDGE('',*,*,#10122,.T.);
#10124=EDGE_LOOP('',(#10113,#10115,#10117,#10119,#10121,#10123));
#10125=FACE_BOUND('',#10124,.F.);
#10127=ORIENTED_EDGE('',*,*,#10126,.T.);
#10129=ORIENTED_EDGE('',*,*,#10128,.T.);
#10131=ORIENTED_EDGE('',*,*,#10130,.T.);
#10133=ORIENTED_EDGE('',*,*,#10132,.T.);
#10135=ORIENTED_EDGE('',*,*,#10134,.T.);
#10137=ORIENTED_EDGE('',*,*,#10136,.T.);
#10138=EDGE_LOOP('',(#10127,#10129,#10131,#10133,#10135,#10137));
#10139=FACE_BOUND('',#10138,.F.);
#10141=ORIENTED_EDGE('',*,*,#10140,.T.);
#10143=ORIENTED_EDGE('',*,*,#10142,.T.);
#10145=ORIENTED_EDGE('',*,*,#10144,.T.);
#10147=ORIENTED_EDGE('',*,*,#10146,.T.);
#10149=ORIENTED_EDGE('',*,*,#10148,.T.);
#10151=ORIENTED_EDGE('',*,*,#10150,.T.);
#10152=EDGE_LOOP('',(#10141,#10143,#10145,#10147,#10149,#10151));
#10153=FACE_BOUND('',#10152,.F.);
#10155=ORIENTED_EDGE('',*,*,#10154,.T.);
#10157=ORIENTED_EDGE('',*,*,#10156,.T.);
#10159=ORIENTED_EDGE('',*,*,#10158,.T.);
#10161=ORIENTED_EDGE('',*,*,#10160,.T.);
#10163=ORIENTED_EDGE('',*,*,#10162,.T.);
#10165=ORIENTED_EDGE('',*,*,#10164,.T.);
#10166=EDGE_LOOP('',(#10155,#10157,#10159,#10161,#10163,#10165));
#10167=FACE_BOUND('',#10166,.F.);
#10169=ORIENTED_EDGE('',*,*,#10168,.T.);
#10171=ORIENTED_EDGE('',*,*,#10170,.T.);
#10173=ORIENTED_EDGE('',*,*,#10172,.T.);
#10175=ORIENTED_EDGE('',*,*,#10174,.T.);
#10177=ORIENTED_EDGE('',*,*,#10176,.T.);
#10179=ORIENTED_EDGE('',*,*,#10178,.T.);
#10180=EDGE_LOOP('',(#10169,#10171,#10173,#10175,#10177,#10179));
#10181=FACE_BOUND('',#10180,.F.);
#10183=ORIENTED_EDGE('',*,*,#10182,.T.);
#10185=ORIENTED_EDGE('',*,*,#10184,.T.);
#10187=ORIENTED_EDGE('',*,*,#10186,.T.);
#10189=ORIENTED_EDGE('',*,*,#10188,.T.);
#10191=ORIENTED_EDGE('',*,*,#10190,.T.);
#10193=ORIENTED_EDGE('',*,*,#10192,.T.);
#10194=EDGE_LOOP('',(#10183,#10185,#10187,#10189,#10191,#10193));
#10195=FACE_BOUND('',#10194,.F.);
#10197=ORIENTED_EDGE('',*,*,#10196,.T.);
#10199=ORIENTED_EDGE('',*,*,#10198,.T.);
#10201=ORIENTED_EDGE('',*,*,#10200,.T.);
#10203=ORIENTED_EDGE('',*,*,#10202,.T.);
#10205=ORIENTED_EDGE('',*,*,#10204,.T.);
#10207=ORIENTED_EDGE('',*,*,#10206,.T.);
#10208=EDGE_LOOP('',(#10197,#10199,#10201,#10203,#10205,#10207));
#10209=FACE_BOUND('',#10208,.F.);
#10211=ORIENTED_EDGE('',*,*,#10210,.T.);
#10213=ORIENTED_EDGE('',*,*,#10212,.T.);
#10215=ORIENTED_EDGE('',*,*,#10214,.T.);
#10217=ORIENTED_EDGE('',*,*,#10216,.T.);
#10219=ORIENTED_EDGE('',*,*,#10218,.T.);
#10221=ORIENTED_EDGE('',*,*,#10220,.T.);
#10222=EDGE_LOOP('',(#10211,#10213,#10215,#10217,#10219,#10221));
#10223=FACE_BOUND('',#10222,.F.);
#10225=ORIENTED_EDGE('',*,*,#10224,.T.);
#10227=ORIENTED_EDGE('',*,*,#10226,.T.);
#10229=ORIENTED_EDGE('',*,*,#10228,.T.);
#10231=ORIENTED_EDGE('',*,*,#10230,.T.);
#10233=ORIENTED_EDGE('',*,*,#10232,.T.);
#10235=ORIENTED_EDGE('',*,*,#10234,.T.);
#10236=EDGE_LOOP('',(#10225,#10227,#10229,#10231,#10233,#10235));
#10237=FACE_BOUND('',#10236,.F.);
#10239=ORIENTED_EDGE('',*,*,#10238,.T.);
#10241=ORIENTED_EDGE('',*,*,#10240,.T.);
#10243=ORIENTED_EDGE('',*,*,#10242,.T.);
#10245=ORIENTED_EDGE('',*,*,#10244,.T.);
#10247=ORIENTED_EDGE('',*,*,#10246,.T.);
#10249=ORIENTED_EDGE('',*,*,#10248,.T.);
#10250=EDGE_LOOP('',(#10239,#10241,#10243,#10245,#10247,#10249));
#10251=FACE_BOUND('',#10250,.F.);
#10253=ORIENTED_EDGE('',*,*,#10252,.T.);
#10255=ORIENTED_EDGE('',*,*,#10254,.T.);
#10257=ORIENTED_EDGE('',*,*,#10256,.T.);
#10259=ORIENTED_EDGE('',*,*,#10258,.T.);
#10261=ORIENTED_EDGE('',*,*,#10260,.T.);
#10263=ORIENTED_EDGE('',*,*,#10262,.T.);
#10264=EDGE_LOOP('',(#10253,#10255,#10257,#10259,#10261,#10263));
#10265=FACE_BOUND('',#10264,.F.);
#10267=ORIENTED_EDGE('',*,*,#10266,.T.);
#10269=ORIENTED_EDGE('',*,*,#10268,.T.);
#10271=ORIENTED_EDGE('',*,*,#10270,.T.);
#10273=ORIENTED_EDGE('',*,*,#10272,.T.);
#10275=ORIENTED_EDGE('',*,*,#10274,.T.);
#10277=ORIENTED_EDGE('',*,*,#10276,.T.);
#10278=EDGE_LOOP('',(#10267,#10269,#10271,#10273,#10275,#10277));
#10279=FACE_BOUND('',#10278,.F.);
#10281=ORIENTED_EDGE('',*,*,#10280,.T.);
#10283=ORIENTED_EDGE('',*,*,#10282,.T.);
#10285=ORIENTED_EDGE('',*,*,#10284,.T.);
#10287=ORIENTED_EDGE('',*,*,#10286,.T.);
#10289=ORIENTED_EDGE('',*,*,#10288,.T.);
#10291=ORIENTED_EDGE('',*,*,#10290,.T.);
#10292=EDGE_LOOP('',(#10281,#10283,#10285,#10287,#10289,#10291));
#10293=FACE_BOUND('',#10292,.F.);
#10295=ORIENTED_EDGE('',*,*,#10294,.T.);
#10297=ORIENTED_EDGE('',*,*,#10296,.T.);
#10299=ORIENTED_EDGE('',*,*,#10298,.T.);
#10301=ORIENTED_EDGE('',*,*,#10300,.T.);
#10303=ORIENTED_EDGE('',*,*,#10302,.T.);
#10305=ORIENTED_EDGE('',*,*,#10304,.T.);
#10306=EDGE_LOOP('',(#10295,#10297,#10299,#10301,#10303,#10305));
#10307=FACE_BOUND('',#10306,.F.);
#10309=ORIENTED_EDGE('',*,*,#10308,.T.);
#10311=ORIENTED_EDGE('',*,*,#10310,.T.);
#10313=ORIENTED_EDGE('',*,*,#10312,.T.);
#10315=ORIENTED_EDGE('',*,*,#10314,.T.);
#10317=ORIENTED_EDGE('',*,*,#10316,.T.);
#10319=ORIENTED_EDGE('',*,*,#10318,.T.);
#10320=EDGE_LOOP('',(#10309,#10311,#10313,#10315,#10317,#10319));
#10321=FACE_BOUND('',#10320,.F.);
#10323=ORIENTED_EDGE('',*,*,#10322,.T.);
#10325=ORIENTED_EDGE('',*,*,#10324,.T.);
#10327=ORIENTED_EDGE('',*,*,#10326,.T.);
#10329=ORIENTED_EDGE('',*,*,#10328,.T.);
#10331=ORIENTED_EDGE('',*,*,#10330,.T.);
#10333=ORIENTED_EDGE('',*,*,#10332,.T.);
#10334=EDGE_LOOP('',(#10323,#10325,#10327,#10329,#10331,#10333));
#10335=FACE_BOUND('',#10334,.F.);
#10337=ORIENTED_EDGE('',*,*,#10336,.T.);
#10339=ORIENTED_EDGE('',*,*,#10338,.T.);
#10341=ORIENTED_EDGE('',*,*,#10340,.T.);
#10343=ORIENTED_EDGE('',*,*,#10342,.T.);
#10345=ORIENTED_EDGE('',*,*,#10344,.T.);
#10347=ORIENTED_EDGE('',*,*,#10346,.T.);
#10348=EDGE_LOOP('',(#10337,#10339,#10341,#10343,#10345,#10347));
#10349=FACE_BOUND('',#10348,.F.);
#10351=ORIENTED_EDGE('',*,*,#10350,.T.);
#10353=ORIENTED_EDGE('',*,*,#10352,.T.);
#10355=ORIENTED_EDGE('',*,*,#10354,.T.);
#10357=ORIENTED_EDGE('',*,*,#10356,.T.);
#10359=ORIENTED_EDGE('',*,*,#10358,.T.);
#10361=ORIENTED_EDGE('',*,*,#10360,.T.);
#10362=EDGE_LOOP('',(#10351,#10353,#10355,#10357,#10359,#10361));
#10363=FACE_BOUND('',#10362,.F.);
#10365=ORIENTED_EDGE('',*,*,#10364,.T.);
#10367=ORIENTED_EDGE('',*,*,#10366,.T.);
#10369=ORIENTED_EDGE('',*,*,#10368,.T.);
#10371=ORIENTED_EDGE('',*,*,#10370,.T.);
#10373=ORIENTED_EDGE('',*,*,#10372,.T.);
#10375=ORIENTED_EDGE('',*,*,#10374,.T.);
#10376=EDGE_LOOP('',(#10365,#10367,#10369,#10371,#10373,#10375));
#10377=FACE_BOUND('',#10376,.F.);
#10379=ORIENTED_EDGE('',*,*,#10378,.T.);
#10381=ORIENTED_EDGE('',*,*,#10380,.T.);
#10383=ORIENTED_EDGE('',*,*,#10382,.T.);
#10385=ORIENTED_EDGE('',*,*,#10384,.T.);
#10387=ORIENTED_EDGE('',*,*,#10386,.T.);
#10389=ORIENTED_EDGE('',*,*,#10388,.T.);
#10390=EDGE_LOOP('',(#10379,#10381,#10383,#10385,#10387,#10389));
#10391=FACE_BOUND('',#10390,.F.);
#10393=ORIENTED_EDGE('',*,*,#10392,.T.);
#10395=ORIENTED_EDGE('',*,*,#10394,.T.);
#10397=ORIENTED_EDGE('',*,*,#10396,.T.);
#10399=ORIENTED_EDGE('',*,*,#10398,.T.);
#10401=ORIENTED_EDGE('',*,*,#10400,.T.);
#10403=ORIENTED_EDGE('',*,*,#10402,.T.);
#10404=EDGE_LOOP('',(#10393,#10395,#10397,#10399,#10401,#10403));
#10405=FACE_BOUND('',#10404,.F.);
#10407=ORIENTED_EDGE('',*,*,#10406,.T.);
#10409=ORIENTED_EDGE('',*,*,#10408,.T.);
#10411=ORIENTED_EDGE('',*,*,#10410,.T.);
#10413=ORIENTED_EDGE('',*,*,#10412,.T.);
#10415=ORIENTED_EDGE('',*,*,#10414,.T.);
#10417=ORIENTED_EDGE('',*,*,#10416,.T.);
#10418=EDGE_LOOP('',(#10407,#10409,#10411,#10413,#10415,#10417));
#10419=FACE_BOUND('',#10418,.F.);
#10421=ORIENTED_EDGE('',*,*,#10420,.T.);
#10423=ORIENTED_EDGE('',*,*,#10422,.T.);
#10425=ORIENTED_EDGE('',*,*,#10424,.T.);
#10427=ORIENTED_EDGE('',*,*,#10426,.T.);
#10429=ORIENTED_EDGE('',*,*,#10428,.T.);
#10431=ORIENTED_EDGE('',*,*,#10430,.T.);
#10432=EDGE_LOOP('',(#10421,#10423,#10425,#10427,#10429,#10431));
#10433=FACE_BOUND('',#10432,.F.);
#10435=ORIENTED_EDGE('',*,*,#10434,.T.);
#10437=ORIENTED_EDGE('',*,*,#10436,.T.);
#10439=ORIENTED_EDGE('',*,*,#10438,.T.);
#10441=ORIENTED_EDGE('',*,*,#10440,.T.);
#10443=ORIENTED_EDGE('',*,*,#10442,.T.);
#10445=ORIENTED_EDGE('',*,*,#10444,.T.);
#10446=EDGE_LOOP('',(#10435,#10437,#10439,#10441,#10443,#10445));
#10447=FACE_BOUND('',#10446,.F.);
#10449=ORIENTED_EDGE('',*,*,#10448,.T.);
#10451=ORIENTED_EDGE('',*,*,#10450,.T.);
#10453=ORIENTED_EDGE('',*,*,#10452,.T.);
#10455=ORIENTED_EDGE('',*,*,#10454,.T.);
#10457=ORIENTED_EDGE('',*,*,#10456,.T.);
#10459=ORIENTED_EDGE('',*,*,#10458,.T.);
#10460=EDGE_LOOP('',(#10449,#10451,#10453,#10455,#10457,#10459));
#10461=FACE_BOUND('',#10460,.F.);
#10463=ORIENTED_EDGE('',*,*,#10462,.T.);
#10465=ORIENTED_EDGE('',*,*,#10464,.T.);
#10467=ORIENTED_EDGE('',*,*,#10466,.T.);
#10469=ORIENTED_EDGE('',*,*,#10468,.T.);
#10471=ORIENTED_EDGE('',*,*,#10470,.T.);
#10473=ORIENTED_EDGE('',*,*,#10472,.T.);
#10474=EDGE_LOOP('',(#10463,#10465,#10467,#10469,#10471,#10473));
#10475=FACE_BOUND('',#10474,.F.);
#10477=ORIENTED_EDGE('',*,*,#10476,.T.);
#10479=ORIENTED_EDGE('',*,*,#10478,.T.);
#10481=ORIENTED_EDGE('',*,*,#10480,.T.);
#10483=ORIENTED_EDGE('',*,*,#10482,.T.);
#10485=ORIENTED_EDGE('',*,*,#10484,.T.);
#10487=ORIENTED_EDGE('',*,*,#10486,.T.);
#10488=EDGE_LOOP('',(#10477,#10479,#10481,#10483,#10485,#10487));
#10489=FACE_BOUND('',#10488,.F.);
#10491=ORIENTED_EDGE('',*,*,#10490,.T.);
#10493=ORIENTED_EDGE('',*,*,#10492,.T.);
#10495=ORIENTED_EDGE('',*,*,#10494,.T.);
#10497=ORIENTED_EDGE('',*,*,#10496,.T.);
#10499=ORIENTED_EDGE('',*,*,#10498,.T.);
#10501=ORIENTED_EDGE('',*,*,#10500,.T.);
#10502=EDGE_LOOP('',(#10491,#10493,#10495,#10497,#10499,#10501));
#10503=FACE_BOUND('',#10502,.F.);
#10505=ORIENTED_EDGE('',*,*,#10504,.T.);
#10507=ORIENTED_EDGE('',*,*,#10506,.T.);
#10509=ORIENTED_EDGE('',*,*,#10508,.T.);
#10511=ORIENTED_EDGE('',*,*,#10510,.T.);
#10513=ORIENTED_EDGE('',*,*,#10512,.T.);
#10515=ORIENTED_EDGE('',*,*,#10514,.T.);
#10516=EDGE_LOOP('',(#10505,#10507,#10509,#10511,#10513,#10515));
#10517=FACE_BOUND('',#10516,.F.);
#10519=ORIENTED_EDGE('',*,*,#10518,.T.);
#10521=ORIENTED_EDGE('',*,*,#10520,.T.);
#10523=ORIENTED_EDGE('',*,*,#10522,.T.);
#10525=ORIENTED_EDGE('',*,*,#10524,.T.);
#10527=ORIENTED_EDGE('',*,*,#10526,.T.);
#10529=ORIENTED_EDGE('',*,*,#10528,.T.);
#10530=EDGE_LOOP('',(#10519,#10521,#10523,#10525,#10527,#10529));
#10531=FACE_BOUND('',#10530,.F.);
#10533=ORIENTED_EDGE('',*,*,#10532,.T.);
#10535=ORIENTED_EDGE('',*,*,#10534,.T.);
#10537=ORIENTED_EDGE('',*,*,#10536,.T.);
#10539=ORIENTED_EDGE('',*,*,#10538,.T.);
#10541=ORIENTED_EDGE('',*,*,#10540,.T.);
#10543=ORIENTED_EDGE('',*,*,#10542,.T.);
#10544=EDGE_LOOP('',(#10533,#10535,#10537,#10539,#10541,#10543));
#10545=FACE_BOUND('',#10544,.F.);
#10547=ORIENTED_EDGE('',*,*,#10546,.T.);
#10549=ORIENTED_EDGE('',*,*,#10548,.T.);
#10551=ORIENTED_EDGE('',*,*,#10550,.T.);
#10553=ORIENTED_EDGE('',*,*,#10552,.T.);
#10555=ORIENTED_EDGE('',*,*,#10554,.T.);
#10557=ORIENTED_EDGE('',*,*,#10556,.T.);
#10558=EDGE_LOOP('',(#10547,#10549,#10551,#10553,#10555,#10557));
#10559=FACE_BOUND('',#10558,.F.);
#10561=ORIENTED_EDGE('',*,*,#10560,.T.);
#10563=ORIENTED_EDGE('',*,*,#10562,.T.);
#10565=ORIENTED_EDGE('',*,*,#10564,.T.);
#10567=ORIENTED_EDGE('',*,*,#10566,.T.);
#10569=ORIENTED_EDGE('',*,*,#10568,.T.);
#10571=ORIENTED_EDGE('',*,*,#10570,.T.);
#10572=EDGE_LOOP('',(#10561,#10563,#10565,#10567,#10569,#10571));
#10573=FACE_BOUND('',#10572,.F.);
#10575=ORIENTED_EDGE('',*,*,#10574,.T.);
#10577=ORIENTED_EDGE('',*,*,#10576,.T.);
#10579=ORIENTED_EDGE('',*,*,#10578,.T.);
#10581=ORIENTED_EDGE('',*,*,#10580,.T.);
#10583=ORIENTED_EDGE('',*,*,#10582,.T.);
#10585=ORIENTED_EDGE('',*,*,#10584,.T.);
#10586=EDGE_LOOP('',(#10575,#10577,#10579,#10581,#10583,#10585));
#10587=FACE_BOUND('',#10586,.F.);
#10589=ORIENTED_EDGE('',*,*,#10588,.T.);
#10591=ORIENTED_EDGE('',*,*,#10590,.T.);
#10593=ORIENTED_EDGE('',*,*,#10592,.T.);
#10595=ORIENTED_EDGE('',*,*,#10594,.T.);
#10597=ORIENTED_EDGE('',*,*,#10596,.T.);
#10599=ORIENTED_EDGE('',*,*,#10598,.T.);
#10600=EDGE_LOOP('',(#10589,#10591,#10593,#10595,#10597,#10599));
#10601=FACE_BOUND('',#10600,.F.);
#10603=ORIENTED_EDGE('',*,*,#10602,.T.);
#10605=ORIENTED_EDGE('',*,*,#10604,.T.);
#10607=ORIENTED_EDGE('',*,*,#10606,.T.);
#10609=ORIENTED_EDGE('',*,*,#10608,.T.);
#10611=ORIENTED_EDGE('',*,*,#10610,.T.);
#10613=ORIENTED_EDGE('',*,*,#10612,.T.);
#10614=EDGE_LOOP('',(#10603,#10605,#10607,#10609,#10611,#10613));
#10615=FACE_BOUND('',#10614,.F.);
#10617=ORIENTED_EDGE('',*,*,#10616,.T.);
#10619=ORIENTED_EDGE('',*,*,#10618,.T.);
#10621=ORIENTED_EDGE('',*,*,#10620,.T.);
#10623=ORIENTED_EDGE('',*,*,#10622,.T.);
#10625=ORIENTED_EDGE('',*,*,#10624,.T.);
#10627=ORIENTED_EDGE('',*,*,#10626,.T.);
#10628=EDGE_LOOP('',(#10617,#10619,#10621,#10623,#10625,#10627));
#10629=FACE_BOUND('',#10628,.F.);
#10631=ORIENTED_EDGE('',*,*,#10630,.T.);
#10633=ORIENTED_EDGE('',*,*,#10632,.T.);
#10635=ORIENTED_EDGE('',*,*,#10634,.T.);
#10637=ORIENTED_EDGE('',*,*,#10636,.T.);
#10639=ORIENTED_EDGE('',*,*,#10638,.T.);
#10641=ORIENTED_EDGE('',*,*,#10640,.T.);
#10642=EDGE_LOOP('',(#10631,#10633,#10635,#10637,#10639,#10641));
#10643=FACE_BOUND('',#10642,.F.);
#10645=ORIENTED_EDGE('',*,*,#10644,.T.);
#10647=ORIENTED_EDGE('',*,*,#10646,.T.);
#10649=ORIENTED_EDGE('',*,*,#10648,.T.);
#10651=ORIENTED_EDGE('',*,*,#10650,.T.);
#10653=ORIENTED_EDGE('',*,*,#10652,.T.);
#10655=ORIENTED_EDGE('',*,*,#10654,.T.);
#10656=EDGE_LOOP('',(#10645,#10647,#10649,#10651,#10653,#10655));
#10657=FACE_BOUND('',#10656,.F.);
#10659=ORIENTED_EDGE('',*,*,#10658,.T.);
#10661=ORIENTED_EDGE('',*,*,#10660,.T.);
#10663=ORIENTED_EDGE('',*,*,#10662,.T.);
#10665=ORIENTED_EDGE('',*,*,#10664,.T.);
#10667=ORIENTED_EDGE('',*,*,#10666,.T.);
#10669=ORIENTED_EDGE('',*,*,#10668,.T.);
#10670=EDGE_LOOP('',(#10659,#10661,#10663,#10665,#10667,#10669));
#10671=FACE_BOUND('',#10670,.F.);
#10673=ORIENTED_EDGE('',*,*,#10672,.T.);
#10675=ORIENTED_EDGE('',*,*,#10674,.T.);
#10677=ORIENTED_EDGE('',*,*,#10676,.T.);
#10679=ORIENTED_EDGE('',*,*,#10678,.T.);
#10681=ORIENTED_EDGE('',*,*,#10680,.T.);
#10683=ORIENTED_EDGE('',*,*,#10682,.T.);
#10684=EDGE_LOOP('',(#10673,#10675,#10677,#10679,#10681,#10683));
#10685=FACE_BOUND('',#10684,.F.);
#10687=ORIENTED_EDGE('',*,*,#10686,.T.);
#10689=ORIENTED_EDGE('',*,*,#10688,.T.);
#10691=ORIENTED_EDGE('',*,*,#10690,.T.);
#10693=ORIENTED_EDGE('',*,*,#10692,.T.);
#10695=ORIENTED_EDGE('',*,*,#10694,.T.);
#10697=ORIENTED_EDGE('',*,*,#10696,.T.);
#10698=EDGE_LOOP('',(#10687,#10689,#10691,#10693,#10695,#10697));
#10699=FACE_BOUND('',#10698,.F.);
#10701=ORIENTED_EDGE('',*,*,#10700,.T.);
#10703=ORIENTED_EDGE('',*,*,#10702,.T.);
#10705=ORIENTED_EDGE('',*,*,#10704,.T.);
#10707=ORIENTED_EDGE('',*,*,#10706,.T.);
#10709=ORIENTED_EDGE('',*,*,#10708,.T.);
#10711=ORIENTED_EDGE('',*,*,#10710,.T.);
#10712=EDGE_LOOP('',(#10701,#10703,#10705,#10707,#10709,#10711));
#10713=FACE_BOUND('',#10712,.F.);
#10715=ORIENTED_EDGE('',*,*,#10714,.T.);
#10717=ORIENTED_EDGE('',*,*,#10716,.T.);
#10719=ORIENTED_EDGE('',*,*,#10718,.T.);
#10721=ORIENTED_EDGE('',*,*,#10720,.T.);
#10723=ORIENTED_EDGE('',*,*,#10722,.T.);
#10725=ORIENTED_EDGE('',*,*,#10724,.T.);
#10726=EDGE_LOOP('',(#10715,#10717,#10719,#10721,#10723,#10725));
#10727=FACE_BOUND('',#10726,.F.);
#10729=ORIENTED_EDGE('',*,*,#10728,.T.);
#10731=ORIENTED_EDGE('',*,*,#10730,.T.);
#10733=ORIENTED_EDGE('',*,*,#10732,.T.);
#10735=ORIENTED_EDGE('',*,*,#10734,.T.);
#10737=ORIENTED_EDGE('',*,*,#10736,.T.);
#10739=ORIENTED_EDGE('',*,*,#10738,.T.);
#10740=EDGE_LOOP('',(#10729,#10731,#10733,#10735,#10737,#10739));
#10741=FACE_BOUND('',#10740,.F.);
#10743=ORIENTED_EDGE('',*,*,#10742,.T.);
#10745=ORIENTED_EDGE('',*,*,#10744,.T.);
#10747=ORIENTED_EDGE('',*,*,#10746,.T.);
#10749=ORIENTED_EDGE('',*,*,#10748,.T.);
#10751=ORIENTED_EDGE('',*,*,#10750,.T.);
#10753=ORIENTED_EDGE('',*,*,#10752,.T.);
#10754=EDGE_LOOP('',(#10743,#10745,#10747,#10749,#10751,#10753));
#10755=FACE_BOUND('',#10754,.F.);
#10757=ORIENTED_EDGE('',*,*,#10756,.T.);
#10759=ORIENTED_EDGE('',*,*,#10758,.T.);
#10761=ORIENTED_EDGE('',*,*,#10760,.T.);
#10763=ORIENTED_EDGE('',*,*,#10762,.T.);
#10765=ORIENTED_EDGE('',*,*,#10764,.T.);
#10767=ORIENTED_EDGE('',*,*,#10766,.T.);
#10768=EDGE_LOOP('',(#10757,#10759,#10761,#10763,#10765,#10767));
#10769=FACE_BOUND('',#10768,.F.);
#10771=ORIENTED_EDGE('',*,*,#10770,.T.);
#10773=ORIENTED_EDGE('',*,*,#10772,.T.);
#10775=ORIENTED_EDGE('',*,*,#10774,.T.);
#10777=ORIENTED_EDGE('',*,*,#10776,.T.);
#10779=ORIENTED_EDGE('',*,*,#10778,.T.);
#10781=ORIENTED_EDGE('',*,*,#10780,.T.);
#10782=EDGE_LOOP('',(#10771,#10773,#10775,#10777,#10779,#10781));
#10783=FACE_BOUND('',#10782,.F.);
#10785=ORIENTED_EDGE('',*,*,#10784,.T.);
#10787=ORIENTED_EDGE('',*,*,#10786,.T.);
#10789=ORIENTED_EDGE('',*,*,#10788,.T.);
#10791=ORIENTED_EDGE('',*,*,#10790,.T.);
#10793=ORIENTED_EDGE('',*,*,#10792,.T.);
#10795=ORIENTED_EDGE('',*,*,#10794,.T.);
#10796=EDGE_LOOP('',(#10785,#10787,#10789,#10791,#10793,#10795));
#10797=FACE_BOUND('',#10796,.F.);
#10799=ORIENTED_EDGE('',*,*,#10798,.T.);
#10801=ORIENTED_EDGE('',*,*,#10800,.T.);
#10803=ORIENTED_EDGE('',*,*,#10802,.T.);
#10805=ORIENTED_EDGE('',*,*,#10804,.T.);
#10807=ORIENTED_EDGE('',*,*,#10806,.T.);
#10809=ORIENTED_EDGE('',*,*,#10808,.T.);
#10810=EDGE_LOOP('',(#10799,#10801,#10803,#10805,#10807,#10809));
#10811=FACE_BOUND('',#10810,.F.);
#10813=ORIENTED_EDGE('',*,*,#10812,.T.);
#10815=ORIENTED_EDGE('',*,*,#10814,.T.);
#10817=ORIENTED_EDGE('',*,*,#10816,.T.);
#10819=ORIENTED_EDGE('',*,*,#10818,.T.);
#10821=ORIENTED_EDGE('',*,*,#10820,.T.);
#10823=ORIENTED_EDGE('',*,*,#10822,.T.);
#10824=EDGE_LOOP('',(#10813,#10815,#10817,#10819,#10821,#10823));
#10825=FACE_BOUND('',#10824,.F.);
#10827=ORIENTED_EDGE('',*,*,#10826,.T.);
#10829=ORIENTED_EDGE('',*,*,#10828,.T.);
#10831=ORIENTED_EDGE('',*,*,#10830,.T.);
#10833=ORIENTED_EDGE('',*,*,#10832,.T.);
#10835=ORIENTED_EDGE('',*,*,#10834,.T.);
#10837=ORIENTED_EDGE('',*,*,#10836,.T.);
#10838=EDGE_LOOP('',(#10827,#10829,#10831,#10833,#10835,#10837));
#10839=FACE_BOUND('',#10838,.F.);
#10841=ORIENTED_EDGE('',*,*,#10840,.T.);
#10843=ORIENTED_EDGE('',*,*,#10842,.T.);
#10845=ORIENTED_EDGE('',*,*,#10844,.T.);
#10847=ORIENTED_EDGE('',*,*,#10846,.T.);
#10849=ORIENTED_EDGE('',*,*,#10848,.T.);
#10851=ORIENTED_EDGE('',*,*,#10850,.T.);
#10852=EDGE_LOOP('',(#10841,#10843,#10845,#10847,#10849,#10851));
#10853=FACE_BOUND('',#10852,.F.);
#10855=ORIENTED_EDGE('',*,*,#10854,.T.);
#10857=ORIENTED_EDGE('',*,*,#10856,.T.);
#10859=ORIENTED_EDGE('',*,*,#10858,.T.);
#10861=ORIENTED_EDGE('',*,*,#10860,.T.);
#10863=ORIENTED_EDGE('',*,*,#10862,.T.);
#10865=ORIENTED_EDGE('',*,*,#10864,.T.);
#10866=EDGE_LOOP('',(#10855,#10857,#10859,#10861,#10863,#10865));
#10867=FACE_BOUND('',#10866,.F.);
#10869=CARTESIAN_POINT('',(3.973220533547E1,-2.05E1,7.010000000001E0));
#10870=DIRECTION('',(0.E0,0.E0,-1.E0));
#10871=DIRECTION('',(-1.E0,0.E0,0.E0));
#10872=AXIS2_PLACEMENT_3D('',#10869,#10870,#10871);
#10873=PLANE('',#10872);
#10875=ORIENTED_EDGE('',*,*,#10874,.F.);
#10877=ORIENTED_EDGE('',*,*,#10876,.F.);
#10879=ORIENTED_EDGE('',*,*,#10878,.F.);
#10881=ORIENTED_EDGE('',*,*,#10880,.T.);
#10883=ORIENTED_EDGE('',*,*,#10882,.T.);
#10884=ORIENTED_EDGE('',*,*,#9934,.F.);
#10886=ORIENTED_EDGE('',*,*,#10885,.T.);
#10888=ORIENTED_EDGE('',*,*,#10887,.F.);
#10890=ORIENTED_EDGE('',*,*,#10889,.F.);
#10891=EDGE_LOOP('',(#10875,#10877,#10879,#10881,#10883,#10884,#10886,#10888,
#10890));
#10892=FACE_OUTER_BOUND('',#10891,.F.);
#10894=CARTESIAN_POINT('',(-1.603998581506E2,3.531754163386E0,
7.260000000001E0));
#10895=DIRECTION('',(1.E0,1.871653285612E-13,0.E0));
#10896=DIRECTION('',(0.E0,0.E0,-1.E0));
#10897=AXIS2_PLACEMENT_3D('',#10894,#10895,#10896);
#10898=CYLINDRICAL_SURFACE('',#10897,1.E0);
#10900=ORIENTED_EDGE('',*,*,#10899,.F.);
#10902=ORIENTED_EDGE('',*,*,#10901,.F.);
#10903=ORIENTED_EDGE('',*,*,#10874,.T.);
#10905=ORIENTED_EDGE('',*,*,#10904,.T.);
#10907=ORIENTED_EDGE('',*,*,#10906,.T.);
#10908=EDGE_LOOP('',(#10900,#10902,#10903,#10905,#10907));
#10909=FACE_OUTER_BOUND('',#10908,.F.);
#10911=CARTESIAN_POINT('',(3.973220533547E1,-2.05E1,6.260000000001E0));
#10912=DIRECTION('',(0.E0,0.E0,-1.E0));
#10913=DIRECTION('',(-1.E0,0.E0,0.E0));
#10914=AXIS2_PLACEMENT_3D('',#10911,#10912,#10913);
#10915=PLANE('',#10914);
#10917=ORIENTED_EDGE('',*,*,#10916,.F.);
#10919=ORIENTED_EDGE('',*,*,#10918,.F.);
#10920=ORIENTED_EDGE('',*,*,#10899,.T.);
#10922=ORIENTED_EDGE('',*,*,#10921,.F.);
#10924=ORIENTED_EDGE('',*,*,#10923,.F.);
#10926=ORIENTED_EDGE('',*,*,#10925,.F.);
#10928=ORIENTED_EDGE('',*,*,#10927,.F.);
#10930=ORIENTED_EDGE('',*,*,#10929,.T.);
#10931=EDGE_LOOP('',(#10917,#10919,#10920,#10922,#10924,#10926,#10928,#10930));
#10932=FACE_OUTER_BOUND('',#10931,.F.);
#10934=CARTESIAN_POINT('',(3.623220533547E1,8.E0,-2.766071873441E1));
#10935=DIRECTION('',(-1.E0,0.E0,0.E0));
#10936=DIRECTION('',(0.E0,-1.E0,0.E0));
#10937=AXIS2_PLACEMENT_3D('',#10934,#10935,#10936);
#10938=PLANE('',#10937);
#10940=ORIENTED_EDGE('',*,*,#10939,.T.);
#10941=ORIENTED_EDGE('',*,*,#10916,.T.);
#10943=ORIENTED_EDGE('',*,*,#10942,.F.);
#10945=ORIENTED_EDGE('',*,*,#10944,.F.);
#10947=ORIENTED_EDGE('',*,*,#10946,.F.);
#10949=ORIENTED_EDGE('',*,*,#10948,.F.);
#10950=EDGE_LOOP('',(#10940,#10941,#10943,#10945,#10947,#10949));
#10951=FACE_OUTER_BOUND('',#10950,.F.);
#10953=CARTESIAN_POINT('',(3.623220533547E1,8.E0,-2.766071873441E1));
#10954=DIRECTION('',(-1.E0,0.E0,0.E0));
#10955=DIRECTION('',(0.E0,-1.E0,0.E0));
#10956=AXIS2_PLACEMENT_3D('',#10953,#10954,#10955);
#10957=PLANE('',#10956);
#10959=ORIENTED_EDGE('',*,*,#10958,.T.);
#10961=ORIENTED_EDGE('',*,*,#10960,.T.);
#10963=ORIENTED_EDGE('',*,*,#10962,.F.);
#10965=ORIENTED_EDGE('',*,*,#10964,.F.);
#10967=ORIENTED_EDGE('',*,*,#10966,.F.);
#10969=ORIENTED_EDGE('',*,*,#10968,.F.);
#10970=EDGE_LOOP('',(#10959,#10961,#10963,#10965,#10967,#10969));
#10971=FACE_OUTER_BOUND('',#10970,.F.);
#10973=CARTESIAN_POINT('',(3.323220533547E1,2.371556984937E0,
-1.151357214034E2));
#10974=DIRECTION('',(0.E0,0.E0,1.E0));
#10975=DIRECTION('',(1.E0,0.E0,0.E0));
#10976=AXIS2_PLACEMENT_3D('',#10973,#10974,#10975);
#10977=CYLINDRICAL_SURFACE('',#10976,3.E0);
#10978=ORIENTED_EDGE('',*,*,#10939,.F.);
#10980=ORIENTED_EDGE('',*,*,#10979,.T.);
#10982=ORIENTED_EDGE('',*,*,#10981,.T.);
#10984=ORIENTED_EDGE('',*,*,#10983,.T.);
#10986=ORIENTED_EDGE('',*,*,#10985,.T.);
#10987=ORIENTED_EDGE('',*,*,#10876,.T.);
#10988=ORIENTED_EDGE('',*,*,#10901,.T.);
#10989=ORIENTED_EDGE('',*,*,#10918,.T.);
#10990=EDGE_LOOP('',(#10978,#10980,#10982,#10984,#10986,#10987,#10988,#10989));
#10991=FACE_OUTER_BOUND('',#10990,.F.);
#10993=CARTESIAN_POINT('',(2.001E1,-2.05E1,4.200000000001E0));
#10994=DIRECTION('',(0.E0,0.E0,1.E0));
#10995=DIRECTION('',(1.E0,0.E0,0.E0));
#10996=AXIS2_PLACEMENT_3D('',#10993,#10994,#10995);
#10997=PLANE('',#10996);
#10999=ORIENTED_EDGE('',*,*,#10998,.F.);
#11000=ORIENTED_EDGE('',*,*,#10979,.F.);
#11001=ORIENTED_EDGE('',*,*,#10948,.T.);
#11003=ORIENTED_EDGE('',*,*,#11002,.T.);
#11005=ORIENTED_EDGE('',*,*,#11004,.T.);
#11007=ORIENTED_EDGE('',*,*,#11006,.T.);
#11009=ORIENTED_EDGE('',*,*,#11008,.T.);
#11011=ORIENTED_EDGE('',*,*,#11010,.T.);
#11012=EDGE_LOOP('',(#10999,#11000,#11001,#11003,#11005,#11007,#11009,#11011));
#11013=FACE_OUTER_BOUND('',#11012,.F.);
#11015=CARTESIAN_POINT('',(1.590509714171E2,3.531754163451E0,3.200000000001E0));
#11016=DIRECTION('',(-1.E0,-4.785110574936E-14,0.E0));
#11017=DIRECTION('',(0.E0,0.E0,1.E0));
#11018=AXIS2_PLACEMENT_3D('',#11015,#11016,#11017);
#11019=CYLINDRICAL_SURFACE('',#11018,1.E0);
#11021=ORIENTED_EDGE('',*,*,#11020,.F.);
#11022=ORIENTED_EDGE('',*,*,#10981,.F.);
#11023=ORIENTED_EDGE('',*,*,#10998,.T.);
#11025=ORIENTED_EDGE('',*,*,#11024,.T.);
#11027=ORIENTED_EDGE('',*,*,#11026,.T.);
#11028=EDGE_LOOP('',(#11021,#11022,#11023,#11025,#11027));
#11029=FACE_OUTER_BOUND('',#11028,.F.);
#11031=CARTESIAN_POINT('',(2.001E1,-2.05E1,3.450000000001E0));
#11032=DIRECTION('',(0.E0,0.E0,1.E0));
#11033=DIRECTION('',(1.E0,0.E0,0.E0));
#11034=AXIS2_PLACEMENT_3D('',#11031,#11032,#11033);
#11035=PLANE('',#11034);
#11037=ORIENTED_EDGE('',*,*,#11036,.F.);
#11038=ORIENTED_EDGE('',*,*,#10983,.F.);
#11039=ORIENTED_EDGE('',*,*,#11020,.T.);
#11041=ORIENTED_EDGE('',*,*,#11040,.F.);
#11043=ORIENTED_EDGE('',*,*,#11042,.T.);
#11045=ORIENTED_EDGE('',*,*,#11044,.F.);
#11047=ORIENTED_EDGE('',*,*,#11046,.T.);
#11049=ORIENTED_EDGE('',*,*,#11048,.F.);
#11051=ORIENTED_EDGE('',*,*,#11050,.F.);
#11052=ORIENTED_EDGE('',*,*,#9966,.T.);
#11054=ORIENTED_EDGE('',*,*,#11053,.F.);
#11056=ORIENTED_EDGE('',*,*,#11055,.F.);
#11057=EDGE_LOOP('',(#11037,#11038,#11039,#11041,#11043,#11045,#11047,#11049,
#11051,#11052,#11054,#11056));
#11058=FACE_OUTER_BOUND('',#11057,.F.);
#11060=CARTESIAN_POINT('',(3.123220533547E1,6.25E0,5.230000000001E0));
#11061=DIRECTION('',(-3.303504247281E-1,-9.438583563660E-1,0.E0));
#11062=DIRECTION('',(-9.438583563660E-1,3.303504247281E-1,0.E0));
#11063=AXIS2_PLACEMENT_3D('',#11060,#11061,#11062);
#11064=PLANE('',#11063);
#11065=ORIENTED_EDGE('',*,*,#10985,.F.);
#11066=ORIENTED_EDGE('',*,*,#11036,.T.);
#11068=ORIENTED_EDGE('',*,*,#11067,.F.);
#11069=ORIENTED_EDGE('',*,*,#10878,.T.);
#11070=EDGE_LOOP('',(#11065,#11066,#11068,#11069));
#11071=FACE_OUTER_BOUND('',#11070,.F.);
#11073=CARTESIAN_POINT('',(0.E0,8.E0,0.E0));
#11074=DIRECTION('',(0.E0,1.E0,0.E0));
#11075=DIRECTION('',(0.E0,0.E0,1.E0));
#11076=AXIS2_PLACEMENT_3D('',#11073,#11074,#11075);
#11077=PLANE('',#11076);
#11079=ORIENTED_EDGE('',*,*,#11078,.F.);
#11081=ORIENTED_EDGE('',*,*,#11080,.F.);
#11083=ORIENTED_EDGE('',*,*,#11082,.F.);
#11085=ORIENTED_EDGE('',*,*,#11084,.F.);
#11087=ORIENTED_EDGE('',*,*,#11086,.F.);
#11089=ORIENTED_EDGE('',*,*,#11088,.F.);
#11091=ORIENTED_EDGE('',*,*,#11090,.T.);
#11093=ORIENTED_EDGE('',*,*,#11092,.F.);
#11095=ORIENTED_EDGE('',*,*,#11094,.F.);
#11097=ORIENTED_EDGE('',*,*,#11096,.F.);
#11099=ORIENTED_EDGE('',*,*,#11098,.F.);
#11101=ORIENTED_EDGE('',*,*,#11100,.T.);
#11103=ORIENTED_EDGE('',*,*,#11102,.F.);
#11105=ORIENTED_EDGE('',*,*,#11104,.F.);
#11107=ORIENTED_EDGE('',*,*,#11106,.F.);
#11109=ORIENTED_EDGE('',*,*,#11108,.F.);
#11111=ORIENTED_EDGE('',*,*,#11110,.T.);
#11113=ORIENTED_EDGE('',*,*,#11112,.F.);
#11115=ORIENTED_EDGE('',*,*,#11114,.F.);
#11117=ORIENTED_EDGE('',*,*,#11116,.F.);
#11119=ORIENTED_EDGE('',*,*,#11118,.F.);
#11121=ORIENTED_EDGE('',*,*,#11120,.T.);
#11123=ORIENTED_EDGE('',*,*,#11122,.F.);
#11125=ORIENTED_EDGE('',*,*,#11124,.F.);
#11127=ORIENTED_EDGE('',*,*,#11126,.F.);
#11129=ORIENTED_EDGE('',*,*,#11128,.F.);
#11131=ORIENTED_EDGE('',*,*,#11130,.T.);
#11133=ORIENTED_EDGE('',*,*,#11132,.F.);
#11135=ORIENTED_EDGE('',*,*,#11134,.F.);
#11137=ORIENTED_EDGE('',*,*,#11136,.F.);
#11139=ORIENTED_EDGE('',*,*,#11138,.F.);
#11141=ORIENTED_EDGE('',*,*,#11140,.T.);
#11143=ORIENTED_EDGE('',*,*,#11142,.F.);
#11145=ORIENTED_EDGE('',*,*,#11144,.F.);
#11147=ORIENTED_EDGE('',*,*,#11146,.F.);
#11149=ORIENTED_EDGE('',*,*,#11148,.F.);
#11151=ORIENTED_EDGE('',*,*,#11150,.T.);
#11153=ORIENTED_EDGE('',*,*,#11152,.F.);
#11155=ORIENTED_EDGE('',*,*,#11154,.F.);
#11157=ORIENTED_EDGE('',*,*,#11156,.F.);
#11159=ORIENTED_EDGE('',*,*,#11158,.F.);
#11161=ORIENTED_EDGE('',*,*,#11160,.F.);
#11163=ORIENTED_EDGE('',*,*,#11162,.T.);
#11165=ORIENTED_EDGE('',*,*,#11164,.F.);
#11167=ORIENTED_EDGE('',*,*,#11166,.F.);
#11169=ORIENTED_EDGE('',*,*,#11168,.T.);
#11171=ORIENTED_EDGE('',*,*,#11170,.T.);
#11173=ORIENTED_EDGE('',*,*,#11172,.F.);
#11175=ORIENTED_EDGE('',*,*,#11174,.T.);
#11177=ORIENTED_EDGE('',*,*,#11176,.T.);
#11179=ORIENTED_EDGE('',*,*,#11178,.T.);
#11181=ORIENTED_EDGE('',*,*,#11180,.F.);
#11182=ORIENTED_EDGE('',*,*,#10880,.F.);
#11183=ORIENTED_EDGE('',*,*,#11067,.T.);
#11184=ORIENTED_EDGE('',*,*,#11055,.T.);
#11186=ORIENTED_EDGE('',*,*,#11185,.F.);
#11188=ORIENTED_EDGE('',*,*,#11187,.F.);
#11190=ORIENTED_EDGE('',*,*,#11189,.T.);
#11192=ORIENTED_EDGE('',*,*,#11191,.T.);
#11194=ORIENTED_EDGE('',*,*,#11193,.F.);
#11196=ORIENTED_EDGE('',*,*,#11195,.F.);
#11198=ORIENTED_EDGE('',*,*,#11197,.T.);
#11200=ORIENTED_EDGE('',*,*,#11199,.F.);
#11202=ORIENTED_EDGE('',*,*,#11201,.T.);
#11204=ORIENTED_EDGE('',*,*,#11203,.T.);
#11206=ORIENTED_EDGE('',*,*,#11205,.F.);
#11207=EDGE_LOOP('',(#11079,#11081,#11083,#11085,#11087,#11089,#11091,#11093,
#11095,#11097,#11099,#11101,#11103,#11105,#11107,#11109,#11111,#11113,#11115,
#11117,#11119,#11121,#11123,#11125,#11127,#11129,#11131,#11133,#11135,#11137,
#11139,#11141,#11143,#11145,#11147,#11149,#11151,#11153,#11155,#11157,#11159,
#11161,#11163,#11165,#11167,#11169,#11171,#11173,#11175,#11177,#11179,#11181,
#11182,#11183,#11184,#11186,#11188,#11190,#11192,#11194,#11196,#11198,#11200,
#11202,#11204,#11206));
#11208=FACE_OUTER_BOUND('',#11207,.F.);
#11210=ORIENTED_EDGE('',*,*,#11209,.F.);
#11212=ORIENTED_EDGE('',*,*,#11211,.F.);
#11214=ORIENTED_EDGE('',*,*,#11213,.F.);
#11216=ORIENTED_EDGE('',*,*,#11215,.F.);
#11218=ORIENTED_EDGE('',*,*,#11217,.F.);
#11220=ORIENTED_EDGE('',*,*,#11219,.F.);
#11221=EDGE_LOOP('',(#11210,#11212,#11214,#11216,#11218,#11220));
#11222=FACE_BOUND('',#11221,.F.);
#11224=ORIENTED_EDGE('',*,*,#11223,.F.);
#11226=ORIENTED_EDGE('',*,*,#11225,.F.);
#11228=ORIENTED_EDGE('',*,*,#11227,.F.);
#11230=ORIENTED_EDGE('',*,*,#11229,.F.);
#11232=ORIENTED_EDGE('',*,*,#11231,.F.);
#11234=ORIENTED_EDGE('',*,*,#11233,.F.);
#11235=EDGE_LOOP('',(#11224,#11226,#11228,#11230,#11232,#11234));
#11236=FACE_BOUND('',#11235,.F.);
#11238=ORIENTED_EDGE('',*,*,#11237,.F.);
#11240=ORIENTED_EDGE('',*,*,#11239,.F.);
#11242=ORIENTED_EDGE('',*,*,#11241,.F.);
#11244=ORIENTED_EDGE('',*,*,#11243,.F.);
#11246=ORIENTED_EDGE('',*,*,#11245,.F.);
#11248=ORIENTED_EDGE('',*,*,#11247,.F.);
#11249=EDGE_LOOP('',(#11238,#11240,#11242,#11244,#11246,#11248));
#11250=FACE_BOUND('',#11249,.F.);
#11252=ORIENTED_EDGE('',*,*,#11251,.F.);
#11254=ORIENTED_EDGE('',*,*,#11253,.F.);
#11256=ORIENTED_EDGE('',*,*,#11255,.F.);
#11258=ORIENTED_EDGE('',*,*,#11257,.F.);
#11260=ORIENTED_EDGE('',*,*,#11259,.F.);
#11262=ORIENTED_EDGE('',*,*,#11261,.F.);
#11263=EDGE_LOOP('',(#11252,#11254,#11256,#11258,#11260,#11262));
#11264=FACE_BOUND('',#11263,.F.);
#11266=ORIENTED_EDGE('',*,*,#11265,.F.);
#11268=ORIENTED_EDGE('',*,*,#11267,.F.);
#11270=ORIENTED_EDGE('',*,*,#11269,.F.);
#11272=ORIENTED_EDGE('',*,*,#11271,.F.);
#11274=ORIENTED_EDGE('',*,*,#11273,.F.);
#11276=ORIENTED_EDGE('',*,*,#11275,.F.);
#11277=EDGE_LOOP('',(#11266,#11268,#11270,#11272,#11274,#11276));
#11278=FACE_BOUND('',#11277,.F.);
#11280=ORIENTED_EDGE('',*,*,#11279,.F.);
#11282=ORIENTED_EDGE('',*,*,#11281,.F.);
#11284=ORIENTED_EDGE('',*,*,#11283,.F.);
#11286=ORIENTED_EDGE('',*,*,#11285,.F.);
#11288=ORIENTED_EDGE('',*,*,#11287,.F.);
#11290=ORIENTED_EDGE('',*,*,#11289,.F.);
#11291=EDGE_LOOP('',(#11280,#11282,#11284,#11286,#11288,#11290));
#11292=FACE_BOUND('',#11291,.F.);
#11294=ORIENTED_EDGE('',*,*,#11293,.F.);
#11296=ORIENTED_EDGE('',*,*,#11295,.F.);
#11298=ORIENTED_EDGE('',*,*,#11297,.F.);
#11300=ORIENTED_EDGE('',*,*,#11299,.F.);
#11302=ORIENTED_EDGE('',*,*,#11301,.F.);
#11304=ORIENTED_EDGE('',*,*,#11303,.F.);
#11305=EDGE_LOOP('',(#11294,#11296,#11298,#11300,#11302,#11304));
#11306=FACE_BOUND('',#11305,.F.);
#11308=ORIENTED_EDGE('',*,*,#11307,.F.);
#11310=ORIENTED_EDGE('',*,*,#11309,.F.);
#11312=ORIENTED_EDGE('',*,*,#11311,.F.);
#11314=ORIENTED_EDGE('',*,*,#11313,.F.);
#11316=ORIENTED_EDGE('',*,*,#11315,.F.);
#11318=ORIENTED_EDGE('',*,*,#11317,.F.);
#11319=EDGE_LOOP('',(#11308,#11310,#11312,#11314,#11316,#11318));
#11320=FACE_BOUND('',#11319,.F.);
#11322=ORIENTED_EDGE('',*,*,#11321,.F.);
#11324=ORIENTED_EDGE('',*,*,#11323,.F.);
#11326=ORIENTED_EDGE('',*,*,#11325,.F.);
#11328=ORIENTED_EDGE('',*,*,#11327,.F.);
#11330=ORIENTED_EDGE('',*,*,#11329,.F.);
#11332=ORIENTED_EDGE('',*,*,#11331,.F.);
#11333=EDGE_LOOP('',(#11322,#11324,#11326,#11328,#11330,#11332));
#11334=FACE_BOUND('',#11333,.F.);
#11336=ORIENTED_EDGE('',*,*,#11335,.F.);
#11338=ORIENTED_EDGE('',*,*,#11337,.F.);
#11340=ORIENTED_EDGE('',*,*,#11339,.F.);
#11342=ORIENTED_EDGE('',*,*,#11341,.F.);
#11344=ORIENTED_EDGE('',*,*,#11343,.F.);
#11346=ORIENTED_EDGE('',*,*,#11345,.F.);
#11347=EDGE_LOOP('',(#11336,#11338,#11340,#11342,#11344,#11346));
#11348=FACE_BOUND('',#11347,.F.);
#11350=ORIENTED_EDGE('',*,*,#11349,.F.);
#11352=ORIENTED_EDGE('',*,*,#11351,.F.);
#11354=ORIENTED_EDGE('',*,*,#11353,.F.);
#11356=ORIENTED_EDGE('',*,*,#11355,.F.);
#11358=ORIENTED_EDGE('',*,*,#11357,.F.);
#11360=ORIENTED_EDGE('',*,*,#11359,.F.);
#11361=EDGE_LOOP('',(#11350,#11352,#11354,#11356,#11358,#11360));
#11362=FACE_BOUND('',#11361,.F.);
#11364=ORIENTED_EDGE('',*,*,#11363,.F.);
#11366=ORIENTED_EDGE('',*,*,#11365,.F.);
#11368=ORIENTED_EDGE('',*,*,#11367,.F.);
#11370=ORIENTED_EDGE('',*,*,#11369,.F.);
#11372=ORIENTED_EDGE('',*,*,#11371,.F.);
#11374=ORIENTED_EDGE('',*,*,#11373,.F.);
#11375=EDGE_LOOP('',(#11364,#11366,#11368,#11370,#11372,#11374));
#11376=FACE_BOUND('',#11375,.F.);
#11378=ORIENTED_EDGE('',*,*,#11377,.F.);
#11380=ORIENTED_EDGE('',*,*,#11379,.F.);
#11382=ORIENTED_EDGE('',*,*,#11381,.F.);
#11384=ORIENTED_EDGE('',*,*,#11383,.F.);
#11386=ORIENTED_EDGE('',*,*,#11385,.F.);
#11388=ORIENTED_EDGE('',*,*,#11387,.F.);
#11389=EDGE_LOOP('',(#11378,#11380,#11382,#11384,#11386,#11388));
#11390=FACE_BOUND('',#11389,.F.);
#11392=ORIENTED_EDGE('',*,*,#11391,.F.);
#11394=ORIENTED_EDGE('',*,*,#11393,.F.);
#11396=ORIENTED_EDGE('',*,*,#11395,.F.);
#11398=ORIENTED_EDGE('',*,*,#11397,.F.);
#11400=ORIENTED_EDGE('',*,*,#11399,.F.);
#11402=ORIENTED_EDGE('',*,*,#11401,.F.);
#11403=EDGE_LOOP('',(#11392,#11394,#11396,#11398,#11400,#11402));
#11404=FACE_BOUND('',#11403,.F.);
#11406=ORIENTED_EDGE('',*,*,#11405,.F.);
#11408=ORIENTED_EDGE('',*,*,#11407,.F.);
#11410=ORIENTED_EDGE('',*,*,#11409,.F.);
#11412=ORIENTED_EDGE('',*,*,#11411,.F.);
#11414=ORIENTED_EDGE('',*,*,#11413,.F.);
#11416=ORIENTED_EDGE('',*,*,#11415,.F.);
#11417=EDGE_LOOP('',(#11406,#11408,#11410,#11412,#11414,#11416));
#11418=FACE_BOUND('',#11417,.F.);
#11420=ORIENTED_EDGE('',*,*,#11419,.F.);
#11422=ORIENTED_EDGE('',*,*,#11421,.F.);
#11424=ORIENTED_EDGE('',*,*,#11423,.F.);
#11426=ORIENTED_EDGE('',*,*,#11425,.F.);
#11428=ORIENTED_EDGE('',*,*,#11427,.F.);
#11430=ORIENTED_EDGE('',*,*,#11429,.F.);
#11431=EDGE_LOOP('',(#11420,#11422,#11424,#11426,#11428,#11430));
#11432=FACE_BOUND('',#11431,.F.);
#11434=ORIENTED_EDGE('',*,*,#11433,.F.);
#11436=ORIENTED_EDGE('',*,*,#11435,.F.);
#11438=ORIENTED_EDGE('',*,*,#11437,.F.);
#11440=ORIENTED_EDGE('',*,*,#11439,.F.);
#11442=ORIENTED_EDGE('',*,*,#11441,.F.);
#11444=ORIENTED_EDGE('',*,*,#11443,.F.);
#11445=EDGE_LOOP('',(#11434,#11436,#11438,#11440,#11442,#11444));
#11446=FACE_BOUND('',#11445,.F.);
#11448=ORIENTED_EDGE('',*,*,#11447,.F.);
#11450=ORIENTED_EDGE('',*,*,#11449,.F.);
#11452=ORIENTED_EDGE('',*,*,#11451,.F.);
#11454=ORIENTED_EDGE('',*,*,#11453,.F.);
#11456=ORIENTED_EDGE('',*,*,#11455,.F.);
#11458=ORIENTED_EDGE('',*,*,#11457,.F.);
#11459=EDGE_LOOP('',(#11448,#11450,#11452,#11454,#11456,#11458));
#11460=FACE_BOUND('',#11459,.F.);
#11462=ORIENTED_EDGE('',*,*,#11461,.F.);
#11464=ORIENTED_EDGE('',*,*,#11463,.F.);
#11466=ORIENTED_EDGE('',*,*,#11465,.F.);
#11468=ORIENTED_EDGE('',*,*,#11467,.F.);
#11470=ORIENTED_EDGE('',*,*,#11469,.F.);
#11472=ORIENTED_EDGE('',*,*,#11471,.F.);
#11473=EDGE_LOOP('',(#11462,#11464,#11466,#11468,#11470,#11472));
#11474=FACE_BOUND('',#11473,.F.);
#11476=ORIENTED_EDGE('',*,*,#11475,.F.);
#11478=ORIENTED_EDGE('',*,*,#11477,.F.);
#11480=ORIENTED_EDGE('',*,*,#11479,.F.);
#11482=ORIENTED_EDGE('',*,*,#11481,.F.);
#11484=ORIENTED_EDGE('',*,*,#11483,.F.);
#11486=ORIENTED_EDGE('',*,*,#11485,.F.);
#11487=EDGE_LOOP('',(#11476,#11478,#11480,#11482,#11484,#11486));
#11488=FACE_BOUND('',#11487,.F.);
#11490=ORIENTED_EDGE('',*,*,#11489,.F.);
#11492=ORIENTED_EDGE('',*,*,#11491,.F.);
#11494=ORIENTED_EDGE('',*,*,#11493,.F.);
#11496=ORIENTED_EDGE('',*,*,#11495,.F.);
#11498=ORIENTED_EDGE('',*,*,#11497,.F.);
#11500=ORIENTED_EDGE('',*,*,#11499,.F.);
#11501=EDGE_LOOP('',(#11490,#11492,#11494,#11496,#11498,#11500));
#11502=FACE_BOUND('',#11501,.F.);
#11504=ORIENTED_EDGE('',*,*,#11503,.F.);
#11506=ORIENTED_EDGE('',*,*,#11505,.F.);
#11508=ORIENTED_EDGE('',*,*,#11507,.F.);
#11510=ORIENTED_EDGE('',*,*,#11509,.F.);
#11512=ORIENTED_EDGE('',*,*,#11511,.F.);
#11514=ORIENTED_EDGE('',*,*,#11513,.F.);
#11515=EDGE_LOOP('',(#11504,#11506,#11508,#11510,#11512,#11514));
#11516=FACE_BOUND('',#11515,.F.);
#11518=ORIENTED_EDGE('',*,*,#11517,.F.);
#11520=ORIENTED_EDGE('',*,*,#11519,.F.);
#11522=ORIENTED_EDGE('',*,*,#11521,.F.);
#11524=ORIENTED_EDGE('',*,*,#11523,.F.);
#11526=ORIENTED_EDGE('',*,*,#11525,.F.);
#11528=ORIENTED_EDGE('',*,*,#11527,.F.);
#11529=EDGE_LOOP('',(#11518,#11520,#11522,#11524,#11526,#11528));
#11530=FACE_BOUND('',#11529,.F.);
#11532=ORIENTED_EDGE('',*,*,#11531,.F.);
#11534=ORIENTED_EDGE('',*,*,#11533,.F.);
#11536=ORIENTED_EDGE('',*,*,#11535,.F.);
#11538=ORIENTED_EDGE('',*,*,#11537,.F.);
#11540=ORIENTED_EDGE('',*,*,#11539,.F.);
#11542=ORIENTED_EDGE('',*,*,#11541,.F.);
#11543=EDGE_LOOP('',(#11532,#11534,#11536,#11538,#11540,#11542));
#11544=FACE_BOUND('',#11543,.F.);
#11546=ORIENTED_EDGE('',*,*,#11545,.F.);
#11548=ORIENTED_EDGE('',*,*,#11547,.F.);
#11550=ORIENTED_EDGE('',*,*,#11549,.F.);
#11552=ORIENTED_EDGE('',*,*,#11551,.F.);
#11554=ORIENTED_EDGE('',*,*,#11553,.F.);
#11556=ORIENTED_EDGE('',*,*,#11555,.F.);
#11557=EDGE_LOOP('',(#11546,#11548,#11550,#11552,#11554,#11556));
#11558=FACE_BOUND('',#11557,.F.);
#11560=ORIENTED_EDGE('',*,*,#11559,.F.);
#11562=ORIENTED_EDGE('',*,*,#11561,.F.);
#11564=ORIENTED_EDGE('',*,*,#11563,.F.);
#11566=ORIENTED_EDGE('',*,*,#11565,.F.);
#11568=ORIENTED_EDGE('',*,*,#11567,.F.);
#11570=ORIENTED_EDGE('',*,*,#11569,.F.);
#11571=EDGE_LOOP('',(#11560,#11562,#11564,#11566,#11568,#11570));
#11572=FACE_BOUND('',#11571,.F.);
#11574=ORIENTED_EDGE('',*,*,#11573,.F.);
#11576=ORIENTED_EDGE('',*,*,#11575,.F.);
#11578=ORIENTED_EDGE('',*,*,#11577,.F.);
#11580=ORIENTED_EDGE('',*,*,#11579,.F.);
#11582=ORIENTED_EDGE('',*,*,#11581,.F.);
#11584=ORIENTED_EDGE('',*,*,#11583,.F.);
#11585=EDGE_LOOP('',(#11574,#11576,#11578,#11580,#11582,#11584));
#11586=FACE_BOUND('',#11585,.F.);
#11588=ORIENTED_EDGE('',*,*,#11587,.F.);
#11590=ORIENTED_EDGE('',*,*,#11589,.F.);
#11592=ORIENTED_EDGE('',*,*,#11591,.F.);
#11594=ORIENTED_EDGE('',*,*,#11593,.F.);
#11596=ORIENTED_EDGE('',*,*,#11595,.F.);
#11598=ORIENTED_EDGE('',*,*,#11597,.F.);
#11599=EDGE_LOOP('',(#11588,#11590,#11592,#11594,#11596,#11598));
#11600=FACE_BOUND('',#11599,.F.);
#11602=ORIENTED_EDGE('',*,*,#11601,.F.);
#11604=ORIENTED_EDGE('',*,*,#11603,.F.);
#11606=ORIENTED_EDGE('',*,*,#11605,.F.);
#11608=ORIENTED_EDGE('',*,*,#11607,.F.);
#11610=ORIENTED_EDGE('',*,*,#11609,.F.);
#11612=ORIENTED_EDGE('',*,*,#11611,.F.);
#11613=EDGE_LOOP('',(#11602,#11604,#11606,#11608,#11610,#11612));
#11614=FACE_BOUND('',#11613,.F.);
#11616=ORIENTED_EDGE('',*,*,#11615,.F.);
#11618=ORIENTED_EDGE('',*,*,#11617,.F.);
#11620=ORIENTED_EDGE('',*,*,#11619,.F.);
#11622=ORIENTED_EDGE('',*,*,#11621,.F.);
#11624=ORIENTED_EDGE('',*,*,#11623,.F.);
#11626=ORIENTED_EDGE('',*,*,#11625,.F.);
#11627=EDGE_LOOP('',(#11616,#11618,#11620,#11622,#11624,#11626));
#11628=FACE_BOUND('',#11627,.F.);
#11630=ORIENTED_EDGE('',*,*,#11629,.F.);
#11632=ORIENTED_EDGE('',*,*,#11631,.F.);
#11634=ORIENTED_EDGE('',*,*,#11633,.F.);
#11636=ORIENTED_EDGE('',*,*,#11635,.F.);
#11638=ORIENTED_EDGE('',*,*,#11637,.F.);
#11640=ORIENTED_EDGE('',*,*,#11639,.F.);
#11641=EDGE_LOOP('',(#11630,#11632,#11634,#11636,#11638,#11640));
#11642=FACE_BOUND('',#11641,.F.);
#11644=ORIENTED_EDGE('',*,*,#11643,.F.);
#11646=ORIENTED_EDGE('',*,*,#11645,.F.);
#11648=ORIENTED_EDGE('',*,*,#11647,.F.);
#11650=ORIENTED_EDGE('',*,*,#11649,.F.);
#11652=ORIENTED_EDGE('',*,*,#11651,.F.);
#11654=ORIENTED_EDGE('',*,*,#11653,.F.);
#11655=EDGE_LOOP('',(#11644,#11646,#11648,#11650,#11652,#11654));
#11656=FACE_BOUND('',#11655,.F.);
#11658=ORIENTED_EDGE('',*,*,#11657,.F.);
#11660=ORIENTED_EDGE('',*,*,#11659,.F.);
#11662=ORIENTED_EDGE('',*,*,#11661,.F.);
#11664=ORIENTED_EDGE('',*,*,#11663,.F.);
#11666=ORIENTED_EDGE('',*,*,#11665,.F.);
#11668=ORIENTED_EDGE('',*,*,#11667,.F.);
#11669=EDGE_LOOP('',(#11658,#11660,#11662,#11664,#11666,#11668));
#11670=FACE_BOUND('',#11669,.F.);
#11672=ORIENTED_EDGE('',*,*,#11671,.F.);
#11674=ORIENTED_EDGE('',*,*,#11673,.F.);
#11676=ORIENTED_EDGE('',*,*,#11675,.F.);
#11678=ORIENTED_EDGE('',*,*,#11677,.F.);
#11680=ORIENTED_EDGE('',*,*,#11679,.F.);
#11682=ORIENTED_EDGE('',*,*,#11681,.F.);
#11683=EDGE_LOOP('',(#11672,#11674,#11676,#11678,#11680,#11682));
#11684=FACE_BOUND('',#11683,.F.);
#11686=ORIENTED_EDGE('',*,*,#11685,.F.);
#11688=ORIENTED_EDGE('',*,*,#11687,.F.);
#11690=ORIENTED_EDGE('',*,*,#11689,.F.);
#11692=ORIENTED_EDGE('',*,*,#11691,.F.);
#11694=ORIENTED_EDGE('',*,*,#11693,.F.);
#11696=ORIENTED_EDGE('',*,*,#11695,.F.);
#11697=EDGE_LOOP('',(#11686,#11688,#11690,#11692,#11694,#11696));
#11698=FACE_BOUND('',#11697,.F.);
#11700=ORIENTED_EDGE('',*,*,#11699,.F.);
#11702=ORIENTED_EDGE('',*,*,#11701,.F.);
#11704=ORIENTED_EDGE('',*,*,#11703,.F.);
#11706=ORIENTED_EDGE('',*,*,#11705,.F.);
#11708=ORIENTED_EDGE('',*,*,#11707,.F.);
#11710=ORIENTED_EDGE('',*,*,#11709,.F.);
#11711=EDGE_LOOP('',(#11700,#11702,#11704,#11706,#11708,#11710));
#11712=FACE_BOUND('',#11711,.F.);
#11714=ORIENTED_EDGE('',*,*,#11713,.F.);
#11716=ORIENTED_EDGE('',*,*,#11715,.F.);
#11718=ORIENTED_EDGE('',*,*,#11717,.F.);
#11720=ORIENTED_EDGE('',*,*,#11719,.F.);
#11722=ORIENTED_EDGE('',*,*,#11721,.F.);
#11724=ORIENTED_EDGE('',*,*,#11723,.F.);
#11725=EDGE_LOOP('',(#11714,#11716,#11718,#11720,#11722,#11724));
#11726=FACE_BOUND('',#11725,.F.);
#11728=ORIENTED_EDGE('',*,*,#11727,.F.);
#11730=ORIENTED_EDGE('',*,*,#11729,.F.);
#11732=ORIENTED_EDGE('',*,*,#11731,.F.);
#11734=ORIENTED_EDGE('',*,*,#11733,.F.);
#11736=ORIENTED_EDGE('',*,*,#11735,.F.);
#11738=ORIENTED_EDGE('',*,*,#11737,.F.);
#11739=EDGE_LOOP('',(#11728,#11730,#11732,#11734,#11736,#11738));
#11740=FACE_BOUND('',#11739,.F.);
#11742=ORIENTED_EDGE('',*,*,#11741,.F.);
#11744=ORIENTED_EDGE('',*,*,#11743,.F.);
#11746=ORIENTED_EDGE('',*,*,#11745,.F.);
#11748=ORIENTED_EDGE('',*,*,#11747,.F.);
#11750=ORIENTED_EDGE('',*,*,#11749,.F.);
#11752=ORIENTED_EDGE('',*,*,#11751,.F.);
#11753=EDGE_LOOP('',(#11742,#11744,#11746,#11748,#11750,#11752));
#11754=FACE_BOUND('',#11753,.F.);
#11756=ORIENTED_EDGE('',*,*,#11755,.F.);
#11758=ORIENTED_EDGE('',*,*,#11757,.F.);
#11760=ORIENTED_EDGE('',*,*,#11759,.F.);
#11762=ORIENTED_EDGE('',*,*,#11761,.F.);
#11764=ORIENTED_EDGE('',*,*,#11763,.F.);
#11766=ORIENTED_EDGE('',*,*,#11765,.F.);
#11767=EDGE_LOOP('',(#11756,#11758,#11760,#11762,#11764,#11766));
#11768=FACE_BOUND('',#11767,.F.);
#11770=ORIENTED_EDGE('',*,*,#11769,.F.);
#11772=ORIENTED_EDGE('',*,*,#11771,.F.);
#11774=ORIENTED_EDGE('',*,*,#11773,.F.);
#11776=ORIENTED_EDGE('',*,*,#11775,.F.);
#11778=ORIENTED_EDGE('',*,*,#11777,.F.);
#11780=ORIENTED_EDGE('',*,*,#11779,.F.);
#11781=EDGE_LOOP('',(#11770,#11772,#11774,#11776,#11778,#11780));
#11782=FACE_BOUND('',#11781,.F.);
#11784=ORIENTED_EDGE('',*,*,#11783,.F.);
#11786=ORIENTED_EDGE('',*,*,#11785,.F.);
#11788=ORIENTED_EDGE('',*,*,#11787,.F.);
#11790=ORIENTED_EDGE('',*,*,#11789,.F.);
#11792=ORIENTED_EDGE('',*,*,#11791,.F.);
#11794=ORIENTED_EDGE('',*,*,#11793,.F.);
#11795=EDGE_LOOP('',(#11784,#11786,#11788,#11790,#11792,#11794));
#11796=FACE_BOUND('',#11795,.F.);
#11798=ORIENTED_EDGE('',*,*,#11797,.F.);
#11800=ORIENTED_EDGE('',*,*,#11799,.F.);
#11802=ORIENTED_EDGE('',*,*,#11801,.F.);
#11804=ORIENTED_EDGE('',*,*,#11803,.F.);
#11806=ORIENTED_EDGE('',*,*,#11805,.F.);
#11808=ORIENTED_EDGE('',*,*,#11807,.F.);
#11809=EDGE_LOOP('',(#11798,#11800,#11802,#11804,#11806,#11808));
#11810=FACE_BOUND('',#11809,.F.);
#11812=ORIENTED_EDGE('',*,*,#11811,.F.);
#11814=ORIENTED_EDGE('',*,*,#11813,.F.);
#11816=ORIENTED_EDGE('',*,*,#11815,.F.);
#11818=ORIENTED_EDGE('',*,*,#11817,.F.);
#11820=ORIENTED_EDGE('',*,*,#11819,.F.);
#11822=ORIENTED_EDGE('',*,*,#11821,.F.);
#11823=EDGE_LOOP('',(#11812,#11814,#11816,#11818,#11820,#11822));
#11824=FACE_BOUND('',#11823,.F.);
#11826=ORIENTED_EDGE('',*,*,#11825,.F.);
#11828=ORIENTED_EDGE('',*,*,#11827,.F.);
#11830=ORIENTED_EDGE('',*,*,#11829,.F.);
#11832=ORIENTED_EDGE('',*,*,#11831,.F.);
#11834=ORIENTED_EDGE('',*,*,#11833,.F.);
#11836=ORIENTED_EDGE('',*,*,#11835,.F.);
#11837=EDGE_LOOP('',(#11826,#11828,#11830,#11832,#11834,#11836));
#11838=FACE_BOUND('',#11837,.F.);
#11840=ORIENTED_EDGE('',*,*,#11839,.F.);
#11842=ORIENTED_EDGE('',*,*,#11841,.F.);
#11844=ORIENTED_EDGE('',*,*,#11843,.F.);
#11846=ORIENTED_EDGE('',*,*,#11845,.F.);
#11848=ORIENTED_EDGE('',*,*,#11847,.F.);
#11850=ORIENTED_EDGE('',*,*,#11849,.F.);
#11851=EDGE_LOOP('',(#11840,#11842,#11844,#11846,#11848,#11850));
#11852=FACE_BOUND('',#11851,.F.);
#11854=ORIENTED_EDGE('',*,*,#11853,.F.);
#11856=ORIENTED_EDGE('',*,*,#11855,.F.);
#11858=ORIENTED_EDGE('',*,*,#11857,.F.);
#11860=ORIENTED_EDGE('',*,*,#11859,.F.);
#11862=ORIENTED_EDGE('',*,*,#11861,.F.);
#11864=ORIENTED_EDGE('',*,*,#11863,.F.);
#11865=EDGE_LOOP('',(#11854,#11856,#11858,#11860,#11862,#11864));
#11866=FACE_BOUND('',#11865,.F.);
#11868=ORIENTED_EDGE('',*,*,#11867,.F.);
#11870=ORIENTED_EDGE('',*,*,#11869,.F.);
#11872=ORIENTED_EDGE('',*,*,#11871,.F.);
#11874=ORIENTED_EDGE('',*,*,#11873,.F.);
#11876=ORIENTED_EDGE('',*,*,#11875,.F.);
#11878=ORIENTED_EDGE('',*,*,#11877,.F.);
#11879=EDGE_LOOP('',(#11868,#11870,#11872,#11874,#11876,#11878));
#11880=FACE_BOUND('',#11879,.F.);
#11882=ORIENTED_EDGE('',*,*,#11881,.F.);
#11884=ORIENTED_EDGE('',*,*,#11883,.F.);
#11886=ORIENTED_EDGE('',*,*,#11885,.F.);
#11888=ORIENTED_EDGE('',*,*,#11887,.F.);
#11890=ORIENTED_EDGE('',*,*,#11889,.F.);
#11892=ORIENTED_EDGE('',*,*,#11891,.F.);
#11893=EDGE_LOOP('',(#11882,#11884,#11886,#11888,#11890,#11892));
#11894=FACE_BOUND('',#11893,.F.);
#11896=ORIENTED_EDGE('',*,*,#11895,.F.);
#11898=ORIENTED_EDGE('',*,*,#11897,.F.);
#11900=ORIENTED_EDGE('',*,*,#11899,.F.);
#11902=ORIENTED_EDGE('',*,*,#11901,.F.);
#11904=ORIENTED_EDGE('',*,*,#11903,.F.);
#11906=ORIENTED_EDGE('',*,*,#11905,.F.);
#11907=EDGE_LOOP('',(#11896,#11898,#11900,#11902,#11904,#11906));
#11908=FACE_BOUND('',#11907,.F.);
#11910=ORIENTED_EDGE('',*,*,#11909,.F.);
#11912=ORIENTED_EDGE('',*,*,#11911,.F.);
#11914=ORIENTED_EDGE('',*,*,#11913,.F.);
#11916=ORIENTED_EDGE('',*,*,#11915,.F.);
#11918=ORIENTED_EDGE('',*,*,#11917,.F.);
#11920=ORIENTED_EDGE('',*,*,#11919,.F.);
#11921=EDGE_LOOP('',(#11910,#11912,#11914,#11916,#11918,#11920));
#11922=FACE_BOUND('',#11921,.F.);
#11924=ORIENTED_EDGE('',*,*,#11923,.F.);
#11926=ORIENTED_EDGE('',*,*,#11925,.F.);
#11928=ORIENTED_EDGE('',*,*,#11927,.F.);
#11930=ORIENTED_EDGE('',*,*,#11929,.F.);
#11932=ORIENTED_EDGE('',*,*,#11931,.F.);
#11934=ORIENTED_EDGE('',*,*,#11933,.F.);
#11935=EDGE_LOOP('',(#11924,#11926,#11928,#11930,#11932,#11934));
#11936=FACE_BOUND('',#11935,.F.);
#11938=ORIENTED_EDGE('',*,*,#11937,.F.);
#11940=ORIENTED_EDGE('',*,*,#11939,.F.);
#11942=ORIENTED_EDGE('',*,*,#11941,.F.);
#11944=ORIENTED_EDGE('',*,*,#11943,.F.);
#11946=ORIENTED_EDGE('',*,*,#11945,.F.);
#11948=ORIENTED_EDGE('',*,*,#11947,.F.);
#11949=EDGE_LOOP('',(#11938,#11940,#11942,#11944,#11946,#11948));
#11950=FACE_BOUND('',#11949,.F.);
#11952=ORIENTED_EDGE('',*,*,#11951,.F.);
#11954=ORIENTED_EDGE('',*,*,#11953,.F.);
#11956=ORIENTED_EDGE('',*,*,#11955,.F.);
#11958=ORIENTED_EDGE('',*,*,#11957,.F.);
#11960=ORIENTED_EDGE('',*,*,#11959,.F.);
#11962=ORIENTED_EDGE('',*,*,#11961,.F.);
#11963=EDGE_LOOP('',(#11952,#11954,#11956,#11958,#11960,#11962));
#11964=FACE_BOUND('',#11963,.F.);
#11966=ORIENTED_EDGE('',*,*,#11965,.F.);
#11968=ORIENTED_EDGE('',*,*,#11967,.F.);
#11970=ORIENTED_EDGE('',*,*,#11969,.F.);
#11972=ORIENTED_EDGE('',*,*,#11971,.F.);
#11974=ORIENTED_EDGE('',*,*,#11973,.F.);
#11976=ORIENTED_EDGE('',*,*,#11975,.F.);
#11977=EDGE_LOOP('',(#11966,#11968,#11970,#11972,#11974,#11976));
#11978=FACE_BOUND('',#11977,.F.);
#11980=ORIENTED_EDGE('',*,*,#11979,.F.);
#11982=ORIENTED_EDGE('',*,*,#11981,.F.);
#11984=ORIENTED_EDGE('',*,*,#11983,.F.);
#11986=ORIENTED_EDGE('',*,*,#11985,.F.);
#11988=ORIENTED_EDGE('',*,*,#11987,.F.);
#11990=ORIENTED_EDGE('',*,*,#11989,.F.);
#11991=EDGE_LOOP('',(#11980,#11982,#11984,#11986,#11988,#11990));
#11992=FACE_BOUND('',#11991,.F.);
#11994=CARTESIAN_POINT('',(-2.598076211353E0,1.05E1,-1.5E0));
#11995=DIRECTION('',(-1.E0,0.E0,0.E0));
#11996=DIRECTION('',(0.E0,0.E0,1.E0));
#11997=AXIS2_PLACEMENT_3D('',#11994,#11995,#11996);
#11998=PLANE('',#11997);
#11999=ORIENTED_EDGE('',*,*,#9972,.F.);
#12001=ORIENTED_EDGE('',*,*,#12000,.T.);
#12002=ORIENTED_EDGE('',*,*,#11979,.T.);
#12004=ORIENTED_EDGE('',*,*,#12003,.F.);
#12005=EDGE_LOOP('',(#11999,#12001,#12002,#12004));
#12006=FACE_OUTER_BOUND('',#12005,.F.);
#12008=CARTESIAN_POINT('',(0.E0,1.05E1,-3.E0));
#12009=DIRECTION('',(-5.E-1,0.E0,-8.660254037844E-1));
#12010=DIRECTION('',(-8.660254037844E-1,0.E0,5.E-1));
#12011=AXIS2_PLACEMENT_3D('',#12008,#12009,#12010);
#12012=PLANE('',#12011);
#12013=ORIENTED_EDGE('',*,*,#9982,.F.);
#12015=ORIENTED_EDGE('',*,*,#12014,.T.);
#12016=ORIENTED_EDGE('',*,*,#11981,.T.);
#12017=ORIENTED_EDGE('',*,*,#12000,.F.);
#12018=EDGE_LOOP('',(#12013,#12015,#12016,#12017));
#12019=FACE_OUTER_BOUND('',#12018,.F.);
#12021=CARTESIAN_POINT('',(2.598076211353E0,1.05E1,-1.5E0));
#12022=DIRECTION('',(5.E-1,0.E0,-8.660254037844E-1));
#12023=DIRECTION('',(-8.660254037844E-1,0.E0,-5.E-1));
#12024=AXIS2_PLACEMENT_3D('',#12021,#12022,#12023);
#12025=PLANE('',#12024);
#12026=ORIENTED_EDGE('',*,*,#9980,.F.);
#12028=ORIENTED_EDGE('',*,*,#12027,.T.);
#12029=ORIENTED_EDGE('',*,*,#11983,.T.);
#12030=ORIENTED_EDGE('',*,*,#12014,.F.);
#12031=EDGE_LOOP('',(#12026,#12028,#12029,#12030));
#12032=FACE_OUTER_BOUND('',#12031,.F.);
#12034=CARTESIAN_POINT('',(2.598076211353E0,1.05E1,1.5E0));
#12035=DIRECTION('',(1.E0,0.E0,0.E0));
#12036=DIRECTION('',(0.E0,0.E0,-1.E0));
#12037=AXIS2_PLACEMENT_3D('',#12034,#12035,#12036);
#12038=PLANE('',#12037);
#12039=ORIENTED_EDGE('',*,*,#9978,.F.);
#12041=ORIENTED_EDGE('',*,*,#12040,.T.);
#12042=ORIENTED_EDGE('',*,*,#11985,.T.);
#12043=ORIENTED_EDGE('',*,*,#12027,.F.);
#12044=EDGE_LOOP('',(#12039,#12041,#12042,#12043));
#12045=FACE_OUTER_BOUND('',#12044,.F.);
#12047=CARTESIAN_POINT('',(0.E0,1.05E1,3.E0));
#12048=DIRECTION('',(5.E-1,0.E0,8.660254037844E-1));
#12049=DIRECTION('',(8.660254037844E-1,0.E0,-5.E-1));
#12050=AXIS2_PLACEMENT_3D('',#12047,#12048,#12049);
#12051=PLANE('',#12050);
#12052=ORIENTED_EDGE('',*,*,#9976,.F.);
#12054=ORIENTED_EDGE('',*,*,#12053,.T.);
#12055=ORIENTED_EDGE('',*,*,#11987,.T.);
#12056=ORIENTED_EDGE('',*,*,#12040,.F.);
#12057=EDGE_LOOP('',(#12052,#12054,#12055,#12056));
#12058=FACE_OUTER_BOUND('',#12057,.F.);
#12060=CARTESIAN_POINT('',(-2.598076211353E0,1.05E1,1.5E0));
#12061=DIRECTION('',(-5.E-1,0.E0,8.660254037844E-1));
#12062=DIRECTION('',(8.660254037844E-1,0.E0,5.E-1));
#12063=AXIS2_PLACEMENT_3D('',#12060,#12061,#12062);
#12064=PLANE('',#12063);
#12065=ORIENTED_EDGE('',*,*,#9974,.F.);
#12066=ORIENTED_EDGE('',*,*,#12003,.T.);
#12067=ORIENTED_EDGE('',*,*,#11989,.T.);
#12068=ORIENTED_EDGE('',*,*,#12053,.F.);
#12069=EDGE_LOOP('',(#12065,#12066,#12067,#12068));
#12070=FACE_OUTER_BOUND('',#12069,.F.);
#12072=CARTESIAN_POINT('',(4.401923788647E0,1.05E1,-1.5E0));
#12073=DIRECTION('',(-1.E0,0.E0,0.E0));
#12074=DIRECTION('',(0.E0,0.E0,1.E0));
#12075=AXIS2_PLACEMENT_3D('',#12072,#12073,#12074);
#12076=PLANE('',#12075);
#12077=ORIENTED_EDGE('',*,*,#9986,.F.);
#12079=ORIENTED_EDGE('',*,*,#12078,.T.);
#12080=ORIENTED_EDGE('',*,*,#11209,.T.);
#12082=ORIENTED_EDGE('',*,*,#12081,.F.);
#12083=EDGE_LOOP('',(#12077,#12079,#12080,#12082));
#12084=FACE_OUTER_BOUND('',#12083,.F.);
#12086=CARTESIAN_POINT('',(7.E0,1.05E1,-3.E0));
#12087=DIRECTION('',(-5.E-1,0.E0,-8.660254037844E-1));
#12088=DIRECTION('',(-8.660254037844E-1,0.E0,5.E-1));
#12089=AXIS2_PLACEMENT_3D('',#12086,#12087,#12088);
#12090=PLANE('',#12089);
#12091=ORIENTED_EDGE('',*,*,#9996,.F.);
#12093=ORIENTED_EDGE('',*,*,#12092,.T.);
#12094=ORIENTED_EDGE('',*,*,#11211,.T.);
#12095=ORIENTED_EDGE('',*,*,#12078,.F.);
#12096=EDGE_LOOP('',(#12091,#12093,#12094,#12095));
#12097=FACE_OUTER_BOUND('',#12096,.F.);
#12099=CARTESIAN_POINT('',(9.598076211353E0,1.05E1,-1.5E0));
#12100=DIRECTION('',(5.E-1,0.E0,-8.660254037844E-1));
#12101=DIRECTION('',(-8.660254037844E-1,0.E0,-5.E-1));
#12102=AXIS2_PLACEMENT_3D('',#12099,#12100,#12101);
#12103=PLANE('',#12102);
#12104=ORIENTED_EDGE('',*,*,#9994,.F.);
#12106=ORIENTED_EDGE('',*,*,#12105,.T.);
#12107=ORIENTED_EDGE('',*,*,#11213,.T.);
#12108=ORIENTED_EDGE('',*,*,#12092,.F.);
#12109=EDGE_LOOP('',(#12104,#12106,#12107,#12108));
#12110=FACE_OUTER_BOUND('',#12109,.F.);
#12112=CARTESIAN_POINT('',(9.598076211353E0,1.05E1,1.5E0));
#12113=DIRECTION('',(1.E0,0.E0,0.E0));
#12114=DIRECTION('',(0.E0,0.E0,-1.E0));
#12115=AXIS2_PLACEMENT_3D('',#12112,#12113,#12114);
#12116=PLANE('',#12115);
#12117=ORIENTED_EDGE('',*,*,#9992,.F.);
#12119=ORIENTED_EDGE('',*,*,#12118,.T.);
#12120=ORIENTED_EDGE('',*,*,#11215,.T.);
#12121=ORIENTED_EDGE('',*,*,#12105,.F.);
#12122=EDGE_LOOP('',(#12117,#12119,#12120,#12121));
#12123=FACE_OUTER_BOUND('',#12122,.F.);
#12125=CARTESIAN_POINT('',(7.E0,1.05E1,3.E0));
#12126=DIRECTION('',(5.E-1,0.E0,8.660254037844E-1));
#12127=DIRECTION('',(8.660254037844E-1,0.E0,-5.E-1));
#12128=AXIS2_PLACEMENT_3D('',#12125,#12126,#12127);
#12129=PLANE('',#12128);
#12130=ORIENTED_EDGE('',*,*,#9990,.F.);
#12132=ORIENTED_EDGE('',*,*,#12131,.T.);
#12133=ORIENTED_EDGE('',*,*,#11217,.T.);
#12134=ORIENTED_EDGE('',*,*,#12118,.F.);
#12135=EDGE_LOOP('',(#12130,#12132,#12133,#12134));
#12136=FACE_OUTER_BOUND('',#12135,.F.);
#12138=CARTESIAN_POINT('',(4.401923788647E0,1.05E1,1.5E0));
#12139=DIRECTION('',(-5.E-1,0.E0,8.660254037844E-1));
#12140=DIRECTION('',(8.660254037844E-1,0.E0,5.E-1));
#12141=AXIS2_PLACEMENT_3D('',#12138,#12139,#12140);
#12142=PLANE('',#12141);
#12143=ORIENTED_EDGE('',*,*,#9988,.F.);
#12144=ORIENTED_EDGE('',*,*,#12081,.T.);
#12145=ORIENTED_EDGE('',*,*,#11219,.T.);
#12146=ORIENTED_EDGE('',*,*,#12131,.F.);
#12147=EDGE_LOOP('',(#12143,#12144,#12145,#12146));
#12148=FACE_OUTER_BOUND('',#12147,.F.);
#12150=CARTESIAN_POINT('',(9.019237886467E-1,1.05E1,-7.562177826491E0));
#12151=DIRECTION('',(-1.E0,0.E0,0.E0));
#12152=DIRECTION('',(0.E0,0.E0,1.E0));
#12153=AXIS2_PLACEMENT_3D('',#12150,#12151,#12152);
#12154=PLANE('',#12153);
#12155=ORIENTED_EDGE('',*,*,#10000,.F.);
#12157=ORIENTED_EDGE('',*,*,#12156,.T.);
#12158=ORIENTED_EDGE('',*,*,#11223,.T.);
#12160=ORIENTED_EDGE('',*,*,#12159,.F.);
#12161=EDGE_LOOP('',(#12155,#12157,#12158,#12160));
#12162=FACE_OUTER_BOUND('',#12161,.F.);
#12164=CARTESIAN_POINT('',(3.5E0,1.05E1,-9.062177826491E0));
#12165=DIRECTION('',(-5.E-1,0.E0,-8.660254037844E-1));
#12166=DIRECTION('',(-8.660254037844E-1,0.E0,5.E-1));
#12167=AXIS2_PLACEMENT_3D('',#12164,#12165,#12166);
#12168=PLANE('',#12167);
#12169=ORIENTED_EDGE('',*,*,#10010,.F.);
#12171=ORIENTED_EDGE('',*,*,#12170,.T.);
#12172=ORIENTED_EDGE('',*,*,#11225,.T.);
#12173=ORIENTED_EDGE('',*,*,#12156,.F.);
#12174=EDGE_LOOP('',(#12169,#12171,#12172,#12173));
#12175=FACE_OUTER_BOUND('',#12174,.F.);
#12177=CARTESIAN_POINT('',(6.098076211353E0,1.05E1,-7.562177826491E0));
#12178=DIRECTION('',(5.E-1,0.E0,-8.660254037844E-1));
#12179=DIRECTION('',(-8.660254037844E-1,0.E0,-5.E-1));
#12180=AXIS2_PLACEMENT_3D('',#12177,#12178,#12179);
#12181=PLANE('',#12180);
#12182=ORIENTED_EDGE('',*,*,#10008,.F.);
#12184=ORIENTED_EDGE('',*,*,#12183,.T.);
#12185=ORIENTED_EDGE('',*,*,#11227,.T.);
#12186=ORIENTED_EDGE('',*,*,#12170,.F.);
#12187=EDGE_LOOP('',(#12182,#12184,#12185,#12186));
#12188=FACE_OUTER_BOUND('',#12187,.F.);
#12190=CARTESIAN_POINT('',(6.098076211353E0,1.05E1,-4.562177826491E0));
#12191=DIRECTION('',(1.E0,0.E0,0.E0));
#12192=DIRECTION('',(0.E0,0.E0,-1.E0));
#12193=AXIS2_PLACEMENT_3D('',#12190,#12191,#12192);
#12194=PLANE('',#12193);
#12195=ORIENTED_EDGE('',*,*,#10006,.F.);
#12197=ORIENTED_EDGE('',*,*,#12196,.T.);
#12198=ORIENTED_EDGE('',*,*,#11229,.T.);
#12199=ORIENTED_EDGE('',*,*,#12183,.F.);
#12200=EDGE_LOOP('',(#12195,#12197,#12198,#12199));
#12201=FACE_OUTER_BOUND('',#12200,.F.);
#12203=CARTESIAN_POINT('',(3.5E0,1.05E1,-3.062177826491E0));
#12204=DIRECTION('',(5.E-1,0.E0,8.660254037844E-1));
#12205=DIRECTION('',(8.660254037844E-1,0.E0,-5.E-1));
#12206=AXIS2_PLACEMENT_3D('',#12203,#12204,#12205);
#12207=PLANE('',#12206);
#12208=ORIENTED_EDGE('',*,*,#10004,.F.);
#12210=ORIENTED_EDGE('',*,*,#12209,.T.);
#12211=ORIENTED_EDGE('',*,*,#11231,.T.);
#12212=ORIENTED_EDGE('',*,*,#12196,.F.);
#12213=EDGE_LOOP('',(#12208,#12210,#12211,#12212));
#12214=FACE_OUTER_BOUND('',#12213,.F.);
#12216=CARTESIAN_POINT('',(9.019237886467E-1,1.05E1,-4.562177826491E0));
#12217=DIRECTION('',(-5.E-1,0.E0,8.660254037844E-1));
#12218=DIRECTION('',(8.660254037844E-1,0.E0,5.E-1));
#12219=AXIS2_PLACEMENT_3D('',#12216,#12217,#12218);
#12220=PLANE('',#12219);
#12221=ORIENTED_EDGE('',*,*,#10002,.F.);
#12222=ORIENTED_EDGE('',*,*,#12159,.T.);
#12223=ORIENTED_EDGE('',*,*,#11233,.T.);
#12224=ORIENTED_EDGE('',*,*,#12209,.F.);
#12225=EDGE_LOOP('',(#12221,#12222,#12223,#12224));
#12226=FACE_OUTER_BOUND('',#12225,.F.);
#12228=CARTESIAN_POINT('',(-6.098076211353E0,1.05E1,-7.562177826491E0));
#12229=DIRECTION('',(-1.E0,0.E0,0.E0));
#12230=DIRECTION('',(0.E0,0.E0,1.E0));
#12231=AXIS2_PLACEMENT_3D('',#12228,#12229,#12230);
#12232=PLANE('',#12231);
#12233=ORIENTED_EDGE('',*,*,#10014,.F.);
#12235=ORIENTED_EDGE('',*,*,#12234,.T.);
#12236=ORIENTED_EDGE('',*,*,#11237,.T.);
#12238=ORIENTED_EDGE('',*,*,#12237,.F.);
#12239=EDGE_LOOP('',(#12233,#12235,#12236,#12238));
#12240=FACE_OUTER_BOUND('',#12239,.F.);
#12242=CARTESIAN_POINT('',(-3.5E0,1.05E1,-9.062177826491E0));
#12243=DIRECTION('',(-5.E-1,0.E0,-8.660254037844E-1));
#12244=DIRECTION('',(-8.660254037844E-1,0.E0,5.E-1));
#12245=AXIS2_PLACEMENT_3D('',#12242,#12243,#12244);
#12246=PLANE('',#12245);
#12247=ORIENTED_EDGE('',*,*,#10024,.F.);
#12249=ORIENTED_EDGE('',*,*,#12248,.T.);
#12250=ORIENTED_EDGE('',*,*,#11239,.T.);
#12251=ORIENTED_EDGE('',*,*,#12234,.F.);
#12252=EDGE_LOOP('',(#12247,#12249,#12250,#12251));
#12253=FACE_OUTER_BOUND('',#12252,.F.);
#12255=CARTESIAN_POINT('',(-9.019237886467E-1,1.05E1,-7.562177826491E0));
#12256=DIRECTION('',(5.E-1,0.E0,-8.660254037844E-1));
#12257=DIRECTION('',(-8.660254037844E-1,0.E0,-5.E-1));
#12258=AXIS2_PLACEMENT_3D('',#12255,#12256,#12257);
#12259=PLANE('',#12258);
#12260=ORIENTED_EDGE('',*,*,#10022,.F.);
#12262=ORIENTED_EDGE('',*,*,#12261,.T.);
#12263=ORIENTED_EDGE('',*,*,#11241,.T.);
#12264=ORIENTED_EDGE('',*,*,#12248,.F.);
#12265=EDGE_LOOP('',(#12260,#12262,#12263,#12264));
#12266=FACE_OUTER_BOUND('',#12265,.F.);
#12268=CARTESIAN_POINT('',(-9.019237886467E-1,1.05E1,-4.562177826491E0));
#12269=DIRECTION('',(1.E0,0.E0,0.E0));
#12270=DIRECTION('',(0.E0,0.E0,-1.E0));
#12271=AXIS2_PLACEMENT_3D('',#12268,#12269,#12270);
#12272=PLANE('',#12271);
#12273=ORIENTED_EDGE('',*,*,#10020,.F.);
#12275=ORIENTED_EDGE('',*,*,#12274,.T.);
#12276=ORIENTED_EDGE('',*,*,#11243,.T.);
#12277=ORIENTED_EDGE('',*,*,#12261,.F.);
#12278=EDGE_LOOP('',(#12273,#12275,#12276,#12277));
#12279=FACE_OUTER_BOUND('',#12278,.F.);
#12281=CARTESIAN_POINT('',(-3.5E0,1.05E1,-3.062177826491E0));
#12282=DIRECTION('',(5.E-1,0.E0,8.660254037844E-1));
#12283=DIRECTION('',(8.660254037844E-1,0.E0,-5.E-1));
#12284=AXIS2_PLACEMENT_3D('',#12281,#12282,#12283);
#12285=PLANE('',#12284);
#12286=ORIENTED_EDGE('',*,*,#10018,.F.);
#12288=ORIENTED_EDGE('',*,*,#12287,.T.);
#12289=ORIENTED_EDGE('',*,*,#11245,.T.);
#12290=ORIENTED_EDGE('',*,*,#12274,.F.);
#12291=EDGE_LOOP('',(#12286,#12288,#12289,#12290));
#12292=FACE_OUTER_BOUND('',#12291,.F.);
#12294=CARTESIAN_POINT('',(-6.098076211353E0,1.05E1,-4.562177826491E0));
#12295=DIRECTION('',(-5.E-1,0.E0,8.660254037844E-1));
#12296=DIRECTION('',(8.660254037844E-1,0.E0,5.E-1));
#12297=AXIS2_PLACEMENT_3D('',#12294,#12295,#12296);
#12298=PLANE('',#12297);
#12299=ORIENTED_EDGE('',*,*,#10016,.F.);
#12300=ORIENTED_EDGE('',*,*,#12237,.T.);
#12301=ORIENTED_EDGE('',*,*,#11247,.T.);
#12302=ORIENTED_EDGE('',*,*,#12287,.F.);
#12303=EDGE_LOOP('',(#12299,#12300,#12301,#12302));
#12304=FACE_OUTER_BOUND('',#12303,.F.);
#12306=CARTESIAN_POINT('',(-9.598076211353E0,1.05E1,-1.5E0));
#12307=DIRECTION('',(-1.E0,0.E0,0.E0));
#12308=DIRECTION('',(0.E0,0.E0,1.E0));
#12309=AXIS2_PLACEMENT_3D('',#12306,#12307,#12308);
#12310=PLANE('',#12309);
#12311=ORIENTED_EDGE('',*,*,#10028,.F.);
#12313=ORIENTED_EDGE('',*,*,#12312,.T.);
#12314=ORIENTED_EDGE('',*,*,#11251,.T.);
#12316=ORIENTED_EDGE('',*,*,#12315,.F.);
#12317=EDGE_LOOP('',(#12311,#12313,#12314,#12316));
#12318=FACE_OUTER_BOUND('',#12317,.F.);
#12320=CARTESIAN_POINT('',(-7.E0,1.05E1,-3.E0));
#12321=DIRECTION('',(-5.E-1,0.E0,-8.660254037844E-1));
#12322=DIRECTION('',(-8.660254037844E-1,0.E0,5.E-1));
#12323=AXIS2_PLACEMENT_3D('',#12320,#12321,#12322);
#12324=PLANE('',#12323);
#12325=ORIENTED_EDGE('',*,*,#10038,.F.);
#12327=ORIENTED_EDGE('',*,*,#12326,.T.);
#12328=ORIENTED_EDGE('',*,*,#11253,.T.);
#12329=ORIENTED_EDGE('',*,*,#12312,.F.);
#12330=EDGE_LOOP('',(#12325,#12327,#12328,#12329));
#12331=FACE_OUTER_BOUND('',#12330,.F.);
#12333=CARTESIAN_POINT('',(-4.401923788647E0,1.05E1,-1.5E0));
#12334=DIRECTION('',(5.E-1,0.E0,-8.660254037844E-1));
#12335=DIRECTION('',(-8.660254037844E-1,0.E0,-5.E-1));
#12336=AXIS2_PLACEMENT_3D('',#12333,#12334,#12335);
#12337=PLANE('',#12336);
#12338=ORIENTED_EDGE('',*,*,#10036,.F.);
#12340=ORIENTED_EDGE('',*,*,#12339,.T.);
#12341=ORIENTED_EDGE('',*,*,#11255,.T.);
#12342=ORIENTED_EDGE('',*,*,#12326,.F.);
#12343=EDGE_LOOP('',(#12338,#12340,#12341,#12342));
#12344=FACE_OUTER_BOUND('',#12343,.F.);
#12346=CARTESIAN_POINT('',(-4.401923788647E0,1.05E1,1.5E0));
#12347=DIRECTION('',(1.E0,0.E0,0.E0));
#12348=DIRECTION('',(0.E0,0.E0,-1.E0));
#12349=AXIS2_PLACEMENT_3D('',#12346,#12347,#12348);
#12350=PLANE('',#12349);
#12351=ORIENTED_EDGE('',*,*,#10034,.F.);
#12353=ORIENTED_EDGE('',*,*,#12352,.T.);
#12354=ORIENTED_EDGE('',*,*,#11257,.T.);
#12355=ORIENTED_EDGE('',*,*,#12339,.F.);
#12356=EDGE_LOOP('',(#12351,#12353,#12354,#12355));
#12357=FACE_OUTER_BOUND('',#12356,.F.);
#12359=CARTESIAN_POINT('',(-7.E0,1.05E1,3.E0));
#12360=DIRECTION('',(5.E-1,0.E0,8.660254037844E-1));
#12361=DIRECTION('',(8.660254037844E-1,0.E0,-5.E-1));
#12362=AXIS2_PLACEMENT_3D('',#12359,#12360,#12361);
#12363=PLANE('',#12362);
#12364=ORIENTED_EDGE('',*,*,#10032,.F.);
#12366=ORIENTED_EDGE('',*,*,#12365,.T.);
#12367=ORIENTED_EDGE('',*,*,#11259,.T.);
#12368=ORIENTED_EDGE('',*,*,#12352,.F.);
#12369=EDGE_LOOP('',(#12364,#12366,#12367,#12368));
#12370=FACE_OUTER_BOUND('',#12369,.F.);
#12372=CARTESIAN_POINT('',(-9.598076211353E0,1.05E1,1.5E0));
#12373=DIRECTION('',(-5.E-1,0.E0,8.660254037844E-1));
#12374=DIRECTION('',(8.660254037844E-1,0.E0,5.E-1));
#12375=AXIS2_PLACEMENT_3D('',#12372,#12373,#12374);
#12376=PLANE('',#12375);
#12377=ORIENTED_EDGE('',*,*,#10030,.F.);
#12378=ORIENTED_EDGE('',*,*,#12315,.T.);
#12379=ORIENTED_EDGE('',*,*,#11261,.T.);
#12380=ORIENTED_EDGE('',*,*,#12365,.F.);
#12381=EDGE_LOOP('',(#12377,#12378,#12379,#12380));
#12382=FACE_OUTER_BOUND('',#12381,.F.);
#12384=CARTESIAN_POINT('',(-6.098076211353E0,1.05E1,4.562177826491E0));
#12385=DIRECTION('',(-1.E0,0.E0,0.E0));
#12386=DIRECTION('',(0.E0,0.E0,1.E0));
#12387=AXIS2_PLACEMENT_3D('',#12384,#12385,#12386);
#12388=PLANE('',#12387);
#12389=ORIENTED_EDGE('',*,*,#10042,.F.);
#12391=ORIENTED_EDGE('',*,*,#12390,.T.);
#12392=ORIENTED_EDGE('',*,*,#11265,.T.);
#12394=ORIENTED_EDGE('',*,*,#12393,.F.);
#12395=EDGE_LOOP('',(#12389,#12391,#12392,#12394));
#12396=FACE_OUTER_BOUND('',#12395,.F.);
#12398=CARTESIAN_POINT('',(-3.5E0,1.05E1,3.062177826491E0));
#12399=DIRECTION('',(-5.E-1,0.E0,-8.660254037844E-1));
#12400=DIRECTION('',(-8.660254037844E-1,0.E0,5.E-1));
#12401=AXIS2_PLACEMENT_3D('',#12398,#12399,#12400);
#12402=PLANE('',#12401);
#12403=ORIENTED_EDGE('',*,*,#10052,.F.);
#12405=ORIENTED_EDGE('',*,*,#12404,.T.);
#12406=ORIENTED_EDGE('',*,*,#11267,.T.);
#12407=ORIENTED_EDGE('',*,*,#12390,.F.);
#12408=EDGE_LOOP('',(#12403,#12405,#12406,#12407));
#12409=FACE_OUTER_BOUND('',#12408,.F.);
#12411=CARTESIAN_POINT('',(-9.019237886467E-1,1.05E1,4.562177826491E0));
#12412=DIRECTION('',(5.E-1,0.E0,-8.660254037844E-1));
#12413=DIRECTION('',(-8.660254037844E-1,0.E0,-5.E-1));
#12414=AXIS2_PLACEMENT_3D('',#12411,#12412,#12413);
#12415=PLANE('',#12414);
#12416=ORIENTED_EDGE('',*,*,#10050,.F.);
#12418=ORIENTED_EDGE('',*,*,#12417,.T.);
#12419=ORIENTED_EDGE('',*,*,#11269,.T.);
#12420=ORIENTED_EDGE('',*,*,#12404,.F.);
#12421=EDGE_LOOP('',(#12416,#12418,#12419,#12420));
#12422=FACE_OUTER_BOUND('',#12421,.F.);
#12424=CARTESIAN_POINT('',(-9.019237886467E-1,1.05E1,7.562177826491E0));
#12425=DIRECTION('',(1.E0,0.E0,0.E0));
#12426=DIRECTION('',(0.E0,0.E0,-1.E0));
#12427=AXIS2_PLACEMENT_3D('',#12424,#12425,#12426);
#12428=PLANE('',#12427);
#12429=ORIENTED_EDGE('',*,*,#10048,.F.);
#12431=ORIENTED_EDGE('',*,*,#12430,.T.);
#12432=ORIENTED_EDGE('',*,*,#11271,.T.);
#12433=ORIENTED_EDGE('',*,*,#12417,.F.);
#12434=EDGE_LOOP('',(#12429,#12431,#12432,#12433));
#12435=FACE_OUTER_BOUND('',#12434,.F.);
#12437=CARTESIAN_POINT('',(-3.5E0,1.05E1,9.062177826491E0));
#12438=DIRECTION('',(5.E-1,0.E0,8.660254037844E-1));
#12439=DIRECTION('',(8.660254037844E-1,0.E0,-5.E-1));
#12440=AXIS2_PLACEMENT_3D('',#12437,#12438,#12439);
#12441=PLANE('',#12440);
#12442=ORIENTED_EDGE('',*,*,#10046,.F.);
#12444=ORIENTED_EDGE('',*,*,#12443,.T.);
#12445=ORIENTED_EDGE('',*,*,#11273,.T.);
#12446=ORIENTED_EDGE('',*,*,#12430,.F.);
#12447=EDGE_LOOP('',(#12442,#12444,#12445,#12446));
#12448=FACE_OUTER_BOUND('',#12447,.F.);
#12450=CARTESIAN_POINT('',(-6.098076211353E0,1.05E1,7.562177826491E0));
#12451=DIRECTION('',(-5.E-1,0.E0,8.660254037844E-1));
#12452=DIRECTION('',(8.660254037844E-1,0.E0,5.E-1));
#12453=AXIS2_PLACEMENT_3D('',#12450,#12451,#12452);
#12454=PLANE('',#12453);
#12455=ORIENTED_EDGE('',*,*,#10044,.F.);
#12456=ORIENTED_EDGE('',*,*,#12393,.T.);
#12457=ORIENTED_EDGE('',*,*,#11275,.T.);
#12458=ORIENTED_EDGE('',*,*,#12443,.F.);
#12459=EDGE_LOOP('',(#12455,#12456,#12457,#12458));
#12460=FACE_OUTER_BOUND('',#12459,.F.);
#12462=CARTESIAN_POINT('',(9.019237886467E-1,1.05E1,4.562177826491E0));
#12463=DIRECTION('',(-1.E0,0.E0,0.E0));
#12464=DIRECTION('',(0.E0,0.E0,1.E0));
#12465=AXIS2_PLACEMENT_3D('',#12462,#12463,#12464);
#12466=PLANE('',#12465);
#12467=ORIENTED_EDGE('',*,*,#10056,.F.);
#12469=ORIENTED_EDGE('',*,*,#12468,.T.);
#12470=ORIENTED_EDGE('',*,*,#11279,.T.);
#12472=ORIENTED_EDGE('',*,*,#12471,.F.);
#12473=EDGE_LOOP('',(#12467,#12469,#12470,#12472));
#12474=FACE_OUTER_BOUND('',#12473,.F.);
#12476=CARTESIAN_POINT('',(3.5E0,1.05E1,3.062177826491E0));
#12477=DIRECTION('',(-5.E-1,0.E0,-8.660254037844E-1));
#12478=DIRECTION('',(-8.660254037844E-1,0.E0,5.E-1));
#12479=AXIS2_PLACEMENT_3D('',#12476,#12477,#12478);
#12480=PLANE('',#12479);
#12481=ORIENTED_EDGE('',*,*,#10066,.F.);
#12483=ORIENTED_EDGE('',*,*,#12482,.T.);
#12484=ORIENTED_EDGE('',*,*,#11281,.T.);
#12485=ORIENTED_EDGE('',*,*,#12468,.F.);
#12486=EDGE_LOOP('',(#12481,#12483,#12484,#12485));
#12487=FACE_OUTER_BOUND('',#12486,.F.);
#12489=CARTESIAN_POINT('',(6.098076211353E0,1.05E1,4.562177826491E0));
#12490=DIRECTION('',(5.E-1,0.E0,-8.660254037844E-1));
#12491=DIRECTION('',(-8.660254037844E-1,0.E0,-5.E-1));
#12492=AXIS2_PLACEMENT_3D('',#12489,#12490,#12491);
#12493=PLANE('',#12492);
#12494=ORIENTED_EDGE('',*,*,#10064,.F.);
#12496=ORIENTED_EDGE('',*,*,#12495,.T.);
#12497=ORIENTED_EDGE('',*,*,#11283,.T.);
#12498=ORIENTED_EDGE('',*,*,#12482,.F.);
#12499=EDGE_LOOP('',(#12494,#12496,#12497,#12498));
#12500=FACE_OUTER_BOUND('',#12499,.F.);
#12502=CARTESIAN_POINT('',(6.098076211353E0,1.05E1,7.562177826491E0));
#12503=DIRECTION('',(1.E0,0.E0,0.E0));
#12504=DIRECTION('',(0.E0,0.E0,-1.E0));
#12505=AXIS2_PLACEMENT_3D('',#12502,#12503,#12504);
#12506=PLANE('',#12505);
#12507=ORIENTED_EDGE('',*,*,#10062,.F.);
#12509=ORIENTED_EDGE('',*,*,#12508,.T.);
#12510=ORIENTED_EDGE('',*,*,#11285,.T.);
#12511=ORIENTED_EDGE('',*,*,#12495,.F.);
#12512=EDGE_LOOP('',(#12507,#12509,#12510,#12511));
#12513=FACE_OUTER_BOUND('',#12512,.F.);
#12515=CARTESIAN_POINT('',(3.5E0,1.05E1,9.062177826491E0));
#12516=DIRECTION('',(5.E-1,0.E0,8.660254037844E-1));
#12517=DIRECTION('',(8.660254037844E-1,0.E0,-5.E-1));
#12518=AXIS2_PLACEMENT_3D('',#12515,#12516,#12517);
#12519=PLANE('',#12518);
#12520=ORIENTED_EDGE('',*,*,#10060,.F.);
#12522=ORIENTED_EDGE('',*,*,#12521,.T.);
#12523=ORIENTED_EDGE('',*,*,#11287,.T.);
#12524=ORIENTED_EDGE('',*,*,#12508,.F.);
#12525=EDGE_LOOP('',(#12520,#12522,#12523,#12524));
#12526=FACE_OUTER_BOUND('',#12525,.F.);
#12528=CARTESIAN_POINT('',(9.019237886467E-1,1.05E1,7.562177826491E0));
#12529=DIRECTION('',(-5.E-1,0.E0,8.660254037844E-1));
#12530=DIRECTION('',(8.660254037844E-1,0.E0,5.E-1));
#12531=AXIS2_PLACEMENT_3D('',#12528,#12529,#12530);
#12532=PLANE('',#12531);
#12533=ORIENTED_EDGE('',*,*,#10058,.F.);
#12534=ORIENTED_EDGE('',*,*,#12471,.T.);
#12535=ORIENTED_EDGE('',*,*,#11289,.T.);
#12536=ORIENTED_EDGE('',*,*,#12521,.F.);
#12537=EDGE_LOOP('',(#12533,#12534,#12535,#12536));
#12538=FACE_OUTER_BOUND('',#12537,.F.);
#12540=CARTESIAN_POINT('',(7.901923788647E0,1.05E1,-7.562177826491E0));
#12541=DIRECTION('',(-1.E0,0.E0,0.E0));
#12542=DIRECTION('',(0.E0,0.E0,1.E0));
#12543=AXIS2_PLACEMENT_3D('',#12540,#12541,#12542);
#12544=PLANE('',#12543);
#12545=ORIENTED_EDGE('',*,*,#10070,.F.);
#12547=ORIENTED_EDGE('',*,*,#12546,.T.);
#12548=ORIENTED_EDGE('',*,*,#11293,.T.);
#12550=ORIENTED_EDGE('',*,*,#12549,.F.);
#12551=EDGE_LOOP('',(#12545,#12547,#12548,#12550));
#12552=FACE_OUTER_BOUND('',#12551,.F.);
#12554=CARTESIAN_POINT('',(1.05E1,1.05E1,-9.062177826491E0));
#12555=DIRECTION('',(-5.E-1,0.E0,-8.660254037844E-1));
#12556=DIRECTION('',(-8.660254037844E-1,0.E0,5.E-1));
#12557=AXIS2_PLACEMENT_3D('',#12554,#12555,#12556);
#12558=PLANE('',#12557);
#12559=ORIENTED_EDGE('',*,*,#10080,.F.);
#12561=ORIENTED_EDGE('',*,*,#12560,.T.);
#12562=ORIENTED_EDGE('',*,*,#11295,.T.);
#12563=ORIENTED_EDGE('',*,*,#12546,.F.);
#12564=EDGE_LOOP('',(#12559,#12561,#12562,#12563));
#12565=FACE_OUTER_BOUND('',#12564,.F.);
#12567=CARTESIAN_POINT('',(1.309807621135E1,1.05E1,-7.562177826491E0));
#12568=DIRECTION('',(5.E-1,0.E0,-8.660254037844E-1));
#12569=DIRECTION('',(-8.660254037844E-1,0.E0,-5.E-1));
#12570=AXIS2_PLACEMENT_3D('',#12567,#12568,#12569);
#12571=PLANE('',#12570);
#12572=ORIENTED_EDGE('',*,*,#10078,.F.);
#12574=ORIENTED_EDGE('',*,*,#12573,.T.);
#12575=ORIENTED_EDGE('',*,*,#11297,.T.);
#12576=ORIENTED_EDGE('',*,*,#12560,.F.);
#12577=EDGE_LOOP('',(#12572,#12574,#12575,#12576));
#12578=FACE_OUTER_BOUND('',#12577,.F.);
#12580=CARTESIAN_POINT('',(1.309807621135E1,1.05E1,-4.562177826491E0));
#12581=DIRECTION('',(1.E0,0.E0,0.E0));
#12582=DIRECTION('',(0.E0,0.E0,-1.E0));
#12583=AXIS2_PLACEMENT_3D('',#12580,#12581,#12582);
#12584=PLANE('',#12583);
#12585=ORIENTED_EDGE('',*,*,#10076,.F.);
#12587=ORIENTED_EDGE('',*,*,#12586,.T.);
#12588=ORIENTED_EDGE('',*,*,#11299,.T.);
#12589=ORIENTED_EDGE('',*,*,#12573,.F.);
#12590=EDGE_LOOP('',(#12585,#12587,#12588,#12589));
#12591=FACE_OUTER_BOUND('',#12590,.F.);
#12593=CARTESIAN_POINT('',(1.05E1,1.05E1,-3.062177826491E0));
#12594=DIRECTION('',(5.E-1,0.E0,8.660254037844E-1));
#12595=DIRECTION('',(8.660254037844E-1,0.E0,-5.E-1));
#12596=AXIS2_PLACEMENT_3D('',#12593,#12594,#12595);
#12597=PLANE('',#12596);
#12598=ORIENTED_EDGE('',*,*,#10074,.F.);
#12600=ORIENTED_EDGE('',*,*,#12599,.T.);
#12601=ORIENTED_EDGE('',*,*,#11301,.T.);
#12602=ORIENTED_EDGE('',*,*,#12586,.F.);
#12603=EDGE_LOOP('',(#12598,#12600,#12601,#12602));
#12604=FACE_OUTER_BOUND('',#12603,.F.);
#12606=CARTESIAN_POINT('',(7.901923788647E0,1.05E1,-4.562177826491E0));
#12607=DIRECTION('',(-5.E-1,0.E0,8.660254037844E-1));
#12608=DIRECTION('',(8.660254037844E-1,0.E0,5.E-1));
#12609=AXIS2_PLACEMENT_3D('',#12606,#12607,#12608);
#12610=PLANE('',#12609);
#12611=ORIENTED_EDGE('',*,*,#10072,.F.);
#12612=ORIENTED_EDGE('',*,*,#12549,.T.);
#12613=ORIENTED_EDGE('',*,*,#11303,.T.);
#12614=ORIENTED_EDGE('',*,*,#12599,.F.);
#12615=EDGE_LOOP('',(#12611,#12612,#12613,#12614));
#12616=FACE_OUTER_BOUND('',#12615,.F.);
#12618=CARTESIAN_POINT('',(4.401923788647E0,1.05E1,-1.362435565298E1));
#12619=DIRECTION('',(-1.E0,0.E0,0.E0));
#12620=DIRECTION('',(0.E0,0.E0,1.E0));
#12621=AXIS2_PLACEMENT_3D('',#12618,#12619,#12620);
#12622=PLANE('',#12621);
#12623=ORIENTED_EDGE('',*,*,#10084,.F.);
#12625=ORIENTED_EDGE('',*,*,#12624,.T.);
#12626=ORIENTED_EDGE('',*,*,#11307,.T.);
#12628=ORIENTED_EDGE('',*,*,#12627,.F.);
#12629=EDGE_LOOP('',(#12623,#12625,#12626,#12628));
#12630=FACE_OUTER_BOUND('',#12629,.F.);
#12632=CARTESIAN_POINT('',(7.E0,1.05E1,-1.512435565298E1));
#12633=DIRECTION('',(-5.E-1,0.E0,-8.660254037844E-1));
#12634=DIRECTION('',(-8.660254037844E-1,0.E0,5.E-1));
#12635=AXIS2_PLACEMENT_3D('',#12632,#12633,#12634);
#12636=PLANE('',#12635);
#12637=ORIENTED_EDGE('',*,*,#10094,.F.);
#12639=ORIENTED_EDGE('',*,*,#12638,.T.);
#12640=ORIENTED_EDGE('',*,*,#11309,.T.);
#12641=ORIENTED_EDGE('',*,*,#12624,.F.);
#12642=EDGE_LOOP('',(#12637,#12639,#12640,#12641));
#12643=FACE_OUTER_BOUND('',#12642,.F.);
#12645=CARTESIAN_POINT('',(9.598076211353E0,1.05E1,-1.362435565298E1));
#12646=DIRECTION('',(5.E-1,0.E0,-8.660254037844E-1));
#12647=DIRECTION('',(-8.660254037844E-1,0.E0,-5.E-1));
#12648=AXIS2_PLACEMENT_3D('',#12645,#12646,#12647);
#12649=PLANE('',#12648);
#12650=ORIENTED_EDGE('',*,*,#10092,.F.);
#12652=ORIENTED_EDGE('',*,*,#12651,.T.);
#12653=ORIENTED_EDGE('',*,*,#11311,.T.);
#12654=ORIENTED_EDGE('',*,*,#12638,.F.);
#12655=EDGE_LOOP('',(#12650,#12652,#12653,#12654));
#12656=FACE_OUTER_BOUND('',#12655,.F.);
#12658=CARTESIAN_POINT('',(9.598076211353E0,1.05E1,-1.062435565298E1));
#12659=DIRECTION('',(1.E0,0.E0,0.E0));
#12660=DIRECTION('',(0.E0,0.E0,-1.E0));
#12661=AXIS2_PLACEMENT_3D('',#12658,#12659,#12660);
#12662=PLANE('',#12661);
#12663=ORIENTED_EDGE('',*,*,#10090,.F.);
#12665=ORIENTED_EDGE('',*,*,#12664,.T.);
#12666=ORIENTED_EDGE('',*,*,#11313,.T.);
#12667=ORIENTED_EDGE('',*,*,#12651,.F.);
#12668=EDGE_LOOP('',(#12663,#12665,#12666,#12667));
#12669=FACE_OUTER_BOUND('',#12668,.F.);
#12671=CARTESIAN_POINT('',(7.E0,1.05E1,-9.124355652982E0));
#12672=DIRECTION('',(5.E-1,0.E0,8.660254037844E-1));
#12673=DIRECTION('',(8.660254037844E-1,0.E0,-5.E-1));
#12674=AXIS2_PLACEMENT_3D('',#12671,#12672,#12673);
#12675=PLANE('',#12674);
#12676=ORIENTED_EDGE('',*,*,#10088,.F.);
#12678=ORIENTED_EDGE('',*,*,#12677,.T.);
#12679=ORIENTED_EDGE('',*,*,#11315,.T.);
#12680=ORIENTED_EDGE('',*,*,#12664,.F.);
#12681=EDGE_LOOP('',(#12676,#12678,#12679,#12680));
#12682=FACE_OUTER_BOUND('',#12681,.F.);
#12684=CARTESIAN_POINT('',(4.401923788647E0,1.05E1,-1.062435565298E1));
#12685=DIRECTION('',(-5.E-1,0.E0,8.660254037844E-1));
#12686=DIRECTION('',(8.660254037844E-1,0.E0,5.E-1));
#12687=AXIS2_PLACEMENT_3D('',#12684,#12685,#12686);
#12688=PLANE('',#12687);
#12689=ORIENTED_EDGE('',*,*,#10086,.F.);
#12690=ORIENTED_EDGE('',*,*,#12627,.T.);
#12691=ORIENTED_EDGE('',*,*,#11317,.T.);
#12692=ORIENTED_EDGE('',*,*,#12677,.F.);
#12693=EDGE_LOOP('',(#12689,#12690,#12691,#12692));
#12694=FACE_OUTER_BOUND('',#12693,.F.);
#12696=CARTESIAN_POINT('',(-2.598076211353E0,1.05E1,-1.362435565298E1));
#12697=DIRECTION('',(-1.E0,0.E0,0.E0));
#12698=DIRECTION('',(0.E0,0.E0,1.E0));
#12699=AXIS2_PLACEMENT_3D('',#12696,#12697,#12698);
#12700=PLANE('',#12699);
#12701=ORIENTED_EDGE('',*,*,#10098,.F.);
#12703=ORIENTED_EDGE('',*,*,#12702,.T.);
#12704=ORIENTED_EDGE('',*,*,#11321,.T.);
#12706=ORIENTED_EDGE('',*,*,#12705,.F.);
#12707=EDGE_LOOP('',(#12701,#12703,#12704,#12706));
#12708=FACE_OUTER_BOUND('',#12707,.F.);
#12710=CARTESIAN_POINT('',(0.E0,1.05E1,-1.512435565298E1));
#12711=DIRECTION('',(-5.E-1,0.E0,-8.660254037844E-1));
#12712=DIRECTION('',(-8.660254037844E-1,0.E0,5.E-1));
#12713=AXIS2_PLACEMENT_3D('',#12710,#12711,#12712);
#12714=PLANE('',#12713);
#12715=ORIENTED_EDGE('',*,*,#10108,.F.);
#12717=ORIENTED_EDGE('',*,*,#12716,.T.);
#12718=ORIENTED_EDGE('',*,*,#11323,.T.);
#12719=ORIENTED_EDGE('',*,*,#12702,.F.);
#12720=EDGE_LOOP('',(#12715,#12717,#12718,#12719));
#12721=FACE_OUTER_BOUND('',#12720,.F.);
#12723=CARTESIAN_POINT('',(2.598076211353E0,1.05E1,-1.362435565298E1));
#12724=DIRECTION('',(5.E-1,0.E0,-8.660254037844E-1));
#12725=DIRECTION('',(-8.660254037844E-1,0.E0,-5.E-1));
#12726=AXIS2_PLACEMENT_3D('',#12723,#12724,#12725);
#12727=PLANE('',#12726);
#12728=ORIENTED_EDGE('',*,*,#10106,.F.);
#12730=ORIENTED_EDGE('',*,*,#12729,.T.);
#12731=ORIENTED_EDGE('',*,*,#11325,.T.);
#12732=ORIENTED_EDGE('',*,*,#12716,.F.);
#12733=EDGE_LOOP('',(#12728,#12730,#12731,#12732));
#12734=FACE_OUTER_BOUND('',#12733,.F.);
#12736=CARTESIAN_POINT('',(2.598076211353E0,1.05E1,-1.062435565298E1));
#12737=DIRECTION('',(1.E0,0.E0,0.E0));
#12738=DIRECTION('',(0.E0,0.E0,-1.E0));
#12739=AXIS2_PLACEMENT_3D('',#12736,#12737,#12738);
#12740=PLANE('',#12739);
#12741=ORIENTED_EDGE('',*,*,#10104,.F.);
#12743=ORIENTED_EDGE('',*,*,#12742,.T.);
#12744=ORIENTED_EDGE('',*,*,#11327,.T.);
#12745=ORIENTED_EDGE('',*,*,#12729,.F.);
#12746=EDGE_LOOP('',(#12741,#12743,#12744,#12745));
#12747=FACE_OUTER_BOUND('',#12746,.F.);
#12749=CARTESIAN_POINT('',(0.E0,1.05E1,-9.124355652982E0));
#12750=DIRECTION('',(5.E-1,0.E0,8.660254037844E-1));
#12751=DIRECTION('',(8.660254037844E-1,0.E0,-5.E-1));
#12752=AXIS2_PLACEMENT_3D('',#12749,#12750,#12751);
#12753=PLANE('',#12752);
#12754=ORIENTED_EDGE('',*,*,#10102,.F.);
#12756=ORIENTED_EDGE('',*,*,#12755,.T.);
#12757=ORIENTED_EDGE('',*,*,#11329,.T.);
#12758=ORIENTED_EDGE('',*,*,#12742,.F.);
#12759=EDGE_LOOP('',(#12754,#12756,#12757,#12758));
#12760=FACE_OUTER_BOUND('',#12759,.F.);
#12762=CARTESIAN_POINT('',(-2.598076211353E0,1.05E1,-1.062435565298E1));
#12763=DIRECTION('',(-5.E-1,0.E0,8.660254037844E-1));
#12764=DIRECTION('',(8.660254037844E-1,0.E0,5.E-1));
#12765=AXIS2_PLACEMENT_3D('',#12762,#12763,#12764);
#12766=PLANE('',#12765);
#12767=ORIENTED_EDGE('',*,*,#10100,.F.);
#12768=ORIENTED_EDGE('',*,*,#12705,.T.);
#12769=ORIENTED_EDGE('',*,*,#11331,.T.);
#12770=ORIENTED_EDGE('',*,*,#12755,.F.);
#12771=EDGE_LOOP('',(#12767,#12768,#12769,#12770));
#12772=FACE_OUTER_BOUND('',#12771,.F.);
#12774=CARTESIAN_POINT('',(-9.598076211353E0,1.05E1,-1.362435565298E1));
#12775=DIRECTION('',(-1.E0,0.E0,0.E0));
#12776=DIRECTION('',(0.E0,0.E0,1.E0));
#12777=AXIS2_PLACEMENT_3D('',#12774,#12775,#12776);
#12778=PLANE('',#12777);
#12779=ORIENTED_EDGE('',*,*,#10112,.F.);
#12781=ORIENTED_EDGE('',*,*,#12780,.T.);
#12782=ORIENTED_EDGE('',*,*,#11335,.T.);
#12784=ORIENTED_EDGE('',*,*,#12783,.F.);
#12785=EDGE_LOOP('',(#12779,#12781,#12782,#12784));
#12786=FACE_OUTER_BOUND('',#12785,.F.);
#12788=CARTESIAN_POINT('',(-7.E0,1.05E1,-1.512435565298E1));
#12789=DIRECTION('',(-5.E-1,0.E0,-8.660254037844E-1));
#12790=DIRECTION('',(-8.660254037844E-1,0.E0,5.E-1));
#12791=AXIS2_PLACEMENT_3D('',#12788,#12789,#12790);
#12792=PLANE('',#12791);
#12793=ORIENTED_EDGE('',*,*,#10122,.F.);
#12795=ORIENTED_EDGE('',*,*,#12794,.T.);
#12796=ORIENTED_EDGE('',*,*,#11337,.T.);
#12797=ORIENTED_EDGE('',*,*,#12780,.F.);
#12798=EDGE_LOOP('',(#12793,#12795,#12796,#12797));
#12799=FACE_OUTER_BOUND('',#12798,.F.);
#12801=CARTESIAN_POINT('',(-4.401923788647E0,1.05E1,-1.362435565298E1));
#12802=DIRECTION('',(5.E-1,0.E0,-8.660254037844E-1));
#12803=DIRECTION('',(-8.660254037844E-1,0.E0,-5.E-1));
#12804=AXIS2_PLACEMENT_3D('',#12801,#12802,#12803);
#12805=PLANE('',#12804);
#12806=ORIENTED_EDGE('',*,*,#10120,.F.);
#12808=ORIENTED_EDGE('',*,*,#12807,.T.);
#12809=ORIENTED_EDGE('',*,*,#11339,.T.);
#12810=ORIENTED_EDGE('',*,*,#12794,.F.);
#12811=EDGE_LOOP('',(#12806,#12808,#12809,#12810));
#12812=FACE_OUTER_BOUND('',#12811,.F.);
#12814=CARTESIAN_POINT('',(-4.401923788647E0,1.05E1,-1.062435565298E1));
#12815=DIRECTION('',(1.E0,0.E0,0.E0));
#12816=DIRECTION('',(0.E0,0.E0,-1.E0));
#12817=AXIS2_PLACEMENT_3D('',#12814,#12815,#12816);
#12818=PLANE('',#12817);
#12819=ORIENTED_EDGE('',*,*,#10118,.F.);
#12821=ORIENTED_EDGE('',*,*,#12820,.T.);
#12822=ORIENTED_EDGE('',*,*,#11341,.T.);
#12823=ORIENTED_EDGE('',*,*,#12807,.F.);
#12824=EDGE_LOOP('',(#12819,#12821,#12822,#12823));
#12825=FACE_OUTER_BOUND('',#12824,.F.);
#12827=CARTESIAN_POINT('',(-7.E0,1.05E1,-9.124355652982E0));
#12828=DIRECTION('',(5.E-1,0.E0,8.660254037844E-1));
#12829=DIRECTION('',(8.660254037844E-1,0.E0,-5.E-1));
#12830=AXIS2_PLACEMENT_3D('',#12827,#12828,#12829);
#12831=PLANE('',#12830);
#12832=ORIENTED_EDGE('',*,*,#10116,.F.);
#12834=ORIENTED_EDGE('',*,*,#12833,.T.);
#12835=ORIENTED_EDGE('',*,*,#11343,.T.);
#12836=ORIENTED_EDGE('',*,*,#12820,.F.);
#12837=EDGE_LOOP('',(#12832,#12834,#12835,#12836));
#12838=FACE_OUTER_BOUND('',#12837,.F.);
#12840=CARTESIAN_POINT('',(-9.598076211353E0,1.05E1,-1.062435565298E1));
#12841=DIRECTION('',(-5.E-1,0.E0,8.660254037844E-1));
#12842=DIRECTION('',(8.660254037844E-1,0.E0,5.E-1));
#12843=AXIS2_PLACEMENT_3D('',#12840,#12841,#12842);
#12844=PLANE('',#12843);
#12845=ORIENTED_EDGE('',*,*,#10114,.F.);
#12846=ORIENTED_EDGE('',*,*,#12783,.T.);
#12847=ORIENTED_EDGE('',*,*,#11345,.T.);
#12848=ORIENTED_EDGE('',*,*,#12833,.F.);
#12849=EDGE_LOOP('',(#12845,#12846,#12847,#12848));
#12850=FACE_OUTER_BOUND('',#12849,.F.);
#12852=CARTESIAN_POINT('',(-1.309807621135E1,1.05E1,-7.562177826491E0));
#12853=DIRECTION('',(-1.E0,0.E0,0.E0));
#12854=DIRECTION('',(0.E0,0.E0,1.E0));
#12855=AXIS2_PLACEMENT_3D('',#12852,#12853,#12854);
#12856=PLANE('',#12855);
#12857=ORIENTED_EDGE('',*,*,#10126,.F.);
#12859=ORIENTED_EDGE('',*,*,#12858,.T.);
#12860=ORIENTED_EDGE('',*,*,#11349,.T.);
#12862=ORIENTED_EDGE('',*,*,#12861,.F.);
#12863=EDGE_LOOP('',(#12857,#12859,#12860,#12862));
#12864=FACE_OUTER_BOUND('',#12863,.F.);
#12866=CARTESIAN_POINT('',(-1.05E1,1.05E1,-9.062177826491E0));
#12867=DIRECTION('',(-5.E-1,0.E0,-8.660254037844E-1));
#12868=DIRECTION('',(-8.660254037844E-1,0.E0,5.E-1));
#12869=AXIS2_PLACEMENT_3D('',#12866,#12867,#12868);
#12870=PLANE('',#12869);
#12871=ORIENTED_EDGE('',*,*,#10136,.F.);
#12873=ORIENTED_EDGE('',*,*,#12872,.T.);
#12874=ORIENTED_EDGE('',*,*,#11351,.T.);
#12875=ORIENTED_EDGE('',*,*,#12858,.F.);
#12876=EDGE_LOOP('',(#12871,#12873,#12874,#12875));
#12877=FACE_OUTER_BOUND('',#12876,.F.);
#12879=CARTESIAN_POINT('',(-7.901923788647E0,1.05E1,-7.562177826491E0));
#12880=DIRECTION('',(5.E-1,0.E0,-8.660254037844E-1));
#12881=DIRECTION('',(-8.660254037844E-1,0.E0,-5.E-1));
#12882=AXIS2_PLACEMENT_3D('',#12879,#12880,#12881);
#12883=PLANE('',#12882);
#12884=ORIENTED_EDGE('',*,*,#10134,.F.);
#12886=ORIENTED_EDGE('',*,*,#12885,.T.);
#12887=ORIENTED_EDGE('',*,*,#11353,.T.);
#12888=ORIENTED_EDGE('',*,*,#12872,.F.);
#12889=EDGE_LOOP('',(#12884,#12886,#12887,#12888));
#12890=FACE_OUTER_BOUND('',#12889,.F.);
#12892=CARTESIAN_POINT('',(-7.901923788647E0,1.05E1,-4.562177826491E0));
#12893=DIRECTION('',(1.E0,0.E0,0.E0));
#12894=DIRECTION('',(0.E0,0.E0,-1.E0));
#12895=AXIS2_PLACEMENT_3D('',#12892,#12893,#12894);
#12896=PLANE('',#12895);
#12897=ORIENTED_EDGE('',*,*,#10132,.F.);
#12899=ORIENTED_EDGE('',*,*,#12898,.T.);
#12900=ORIENTED_EDGE('',*,*,#11355,.T.);
#12901=ORIENTED_EDGE('',*,*,#12885,.F.);
#12902=EDGE_LOOP('',(#12897,#12899,#12900,#12901));
#12903=FACE_OUTER_BOUND('',#12902,.F.);
#12905=CARTESIAN_POINT('',(-1.05E1,1.05E1,-3.062177826491E0));
#12906=DIRECTION('',(5.E-1,0.E0,8.660254037844E-1));
#12907=DIRECTION('',(8.660254037844E-1,0.E0,-5.E-1));
#12908=AXIS2_PLACEMENT_3D('',#12905,#12906,#12907);
#12909=PLANE('',#12908);
#12910=ORIENTED_EDGE('',*,*,#10130,.F.);
#12912=ORIENTED_EDGE('',*,*,#12911,.T.);
#12913=ORIENTED_EDGE('',*,*,#11357,.T.);
#12914=ORIENTED_EDGE('',*,*,#12898,.F.);
#12915=EDGE_LOOP('',(#12910,#12912,#12913,#12914));
#12916=FACE_OUTER_BOUND('',#12915,.F.);
#12918=CARTESIAN_POINT('',(-1.309807621135E1,1.05E1,-4.562177826491E0));
#12919=DIRECTION('',(-5.E-1,0.E0,8.660254037844E-1));
#12920=DIRECTION('',(8.660254037844E-1,0.E0,5.E-1));
#12921=AXIS2_PLACEMENT_3D('',#12918,#12919,#12920);
#12922=PLANE('',#12921);
#12923=ORIENTED_EDGE('',*,*,#10128,.F.);
#12924=ORIENTED_EDGE('',*,*,#12861,.T.);
#12925=ORIENTED_EDGE('',*,*,#11359,.T.);
#12926=ORIENTED_EDGE('',*,*,#12911,.F.);
#12927=EDGE_LOOP('',(#12923,#12924,#12925,#12926));
#12928=FACE_OUTER_BOUND('',#12927,.F.);
#12930=CARTESIAN_POINT('',(-1.659807621135E1,1.05E1,-1.5E0));
#12931=DIRECTION('',(-1.E0,0.E0,0.E0));
#12932=DIRECTION('',(0.E0,0.E0,1.E0));
#12933=AXIS2_PLACEMENT_3D('',#12930,#12931,#12932);
#12934=PLANE('',#12933);
#12935=ORIENTED_EDGE('',*,*,#10140,.F.);
#12937=ORIENTED_EDGE('',*,*,#12936,.T.);
#12938=ORIENTED_EDGE('',*,*,#11363,.T.);
#12940=ORIENTED_EDGE('',*,*,#12939,.F.);
#12941=EDGE_LOOP('',(#12935,#12937,#12938,#12940));
#12942=FACE_OUTER_BOUND('',#12941,.F.);
#12944=CARTESIAN_POINT('',(-1.4E1,1.05E1,-3.E0));
#12945=DIRECTION('',(-5.E-1,0.E0,-8.660254037844E-1));
#12946=DIRECTION('',(-8.660254037844E-1,0.E0,5.E-1));
#12947=AXIS2_PLACEMENT_3D('',#12944,#12945,#12946);
#12948=PLANE('',#12947);
#12949=ORIENTED_EDGE('',*,*,#10150,.F.);
#12951=ORIENTED_EDGE('',*,*,#12950,.T.);
#12952=ORIENTED_EDGE('',*,*,#11365,.T.);
#12953=ORIENTED_EDGE('',*,*,#12936,.F.);
#12954=EDGE_LOOP('',(#12949,#12951,#12952,#12953));
#12955=FACE_OUTER_BOUND('',#12954,.F.);
#12957=CARTESIAN_POINT('',(-1.140192378865E1,1.05E1,-1.5E0));
#12958=DIRECTION('',(5.E-1,0.E0,-8.660254037844E-1));
#12959=DIRECTION('',(-8.660254037844E-1,0.E0,-5.E-1));
#12960=AXIS2_PLACEMENT_3D('',#12957,#12958,#12959);
#12961=PLANE('',#12960);
#12962=ORIENTED_EDGE('',*,*,#10148,.F.);
#12964=ORIENTED_EDGE('',*,*,#12963,.T.);
#12965=ORIENTED_EDGE('',*,*,#11367,.T.);
#12966=ORIENTED_EDGE('',*,*,#12950,.F.);
#12967=EDGE_LOOP('',(#12962,#12964,#12965,#12966));
#12968=FACE_OUTER_BOUND('',#12967,.F.);
#12970=CARTESIAN_POINT('',(-1.140192378865E1,1.05E1,1.5E0));
#12971=DIRECTION('',(1.E0,0.E0,0.E0));
#12972=DIRECTION('',(0.E0,0.E0,-1.E0));
#12973=AXIS2_PLACEMENT_3D('',#12970,#12971,#12972);
#12974=PLANE('',#12973);
#12975=ORIENTED_EDGE('',*,*,#10146,.F.);
#12977=ORIENTED_EDGE('',*,*,#12976,.T.);
#12978=ORIENTED_EDGE('',*,*,#11369,.T.);
#12979=ORIENTED_EDGE('',*,*,#12963,.F.);
#12980=EDGE_LOOP('',(#12975,#12977,#12978,#12979));
#12981=FACE_OUTER_BOUND('',#12980,.F.);
#12983=CARTESIAN_POINT('',(-1.4E1,1.05E1,3.E0));
#12984=DIRECTION('',(5.E-1,0.E0,8.660254037844E-1));
#12985=DIRECTION('',(8.660254037844E-1,0.E0,-5.E-1));
#12986=AXIS2_PLACEMENT_3D('',#12983,#12984,#12985);
#12987=PLANE('',#12986);
#12988=ORIENTED_EDGE('',*,*,#10144,.F.);
#12990=ORIENTED_EDGE('',*,*,#12989,.T.);
#12991=ORIENTED_EDGE('',*,*,#11371,.T.);
#12992=ORIENTED_EDGE('',*,*,#12976,.F.);
#12993=EDGE_LOOP('',(#12988,#12990,#12991,#12992));
#12994=FACE_OUTER_BOUND('',#12993,.F.);
#12996=CARTESIAN_POINT('',(-1.659807621135E1,1.05E1,1.5E0));
#12997=DIRECTION('',(-5.E-1,0.E0,8.660254037844E-1));
#12998=DIRECTION('',(8.660254037844E-1,0.E0,5.E-1));
#12999=AXIS2_PLACEMENT_3D('',#12996,#12997,#12998);
#13000=PLANE('',#12999);
#13001=ORIENTED_EDGE('',*,*,#10142,.F.);
#13002=ORIENTED_EDGE('',*,*,#12939,.T.);
#13003=ORIENTED_EDGE('',*,*,#11373,.T.);
#13004=ORIENTED_EDGE('',*,*,#12989,.F.);
#13005=EDGE_LOOP('',(#13001,#13002,#13003,#13004));
#13006=FACE_OUTER_BOUND('',#13005,.F.);
#13008=CARTESIAN_POINT('',(-1.309807621135E1,1.05E1,4.562177826491E0));
#13009=DIRECTION('',(-1.E0,0.E0,0.E0));
#13010=DIRECTION('',(0.E0,0.E0,1.E0));
#13011=AXIS2_PLACEMENT_3D('',#13008,#13009,#13010);
#13012=PLANE('',#13011);
#13013=ORIENTED_EDGE('',*,*,#10154,.F.);
#13015=ORIENTED_EDGE('',*,*,#13014,.T.);
#13016=ORIENTED_EDGE('',*,*,#11377,.T.);
#13018=ORIENTED_EDGE('',*,*,#13017,.F.);
#13019=EDGE_LOOP('',(#13013,#13015,#13016,#13018));
#13020=FACE_OUTER_BOUND('',#13019,.F.);
#13022=CARTESIAN_POINT('',(-1.05E1,1.05E1,3.062177826491E0));
#13023=DIRECTION('',(-5.E-1,0.E0,-8.660254037844E-1));
#13024=DIRECTION('',(-8.660254037844E-1,0.E0,5.E-1));
#13025=AXIS2_PLACEMENT_3D('',#13022,#13023,#13024);
#13026=PLANE('',#13025);
#13027=ORIENTED_EDGE('',*,*,#10164,.F.);
#13029=ORIENTED_EDGE('',*,*,#13028,.T.);
#13030=ORIENTED_EDGE('',*,*,#11379,.T.);
#13031=ORIENTED_EDGE('',*,*,#13014,.F.);
#13032=EDGE_LOOP('',(#13027,#13029,#13030,#13031));
#13033=FACE_OUTER_BOUND('',#13032,.F.);
#13035=CARTESIAN_POINT('',(-7.901923788647E0,1.05E1,4.562177826491E0));
#13036=DIRECTION('',(5.E-1,0.E0,-8.660254037844E-1));
#13037=DIRECTION('',(-8.660254037844E-1,0.E0,-5.E-1));
#13038=AXIS2_PLACEMENT_3D('',#13035,#13036,#13037);
#13039=PLANE('',#13038);
#13040=ORIENTED_EDGE('',*,*,#10162,.F.);
#13042=ORIENTED_EDGE('',*,*,#13041,.T.);
#13043=ORIENTED_EDGE('',*,*,#11381,.T.);
#13044=ORIENTED_EDGE('',*,*,#13028,.F.);
#13045=EDGE_LOOP('',(#13040,#13042,#13043,#13044));
#13046=FACE_OUTER_BOUND('',#13045,.F.);
#13048=CARTESIAN_POINT('',(-7.901923788647E0,1.05E1,7.562177826491E0));
#13049=DIRECTION('',(1.E0,0.E0,0.E0));
#13050=DIRECTION('',(0.E0,0.E0,-1.E0));
#13051=AXIS2_PLACEMENT_3D('',#13048,#13049,#13050);
#13052=PLANE('',#13051);
#13053=ORIENTED_EDGE('',*,*,#10160,.F.);
#13055=ORIENTED_EDGE('',*,*,#13054,.T.);
#13056=ORIENTED_EDGE('',*,*,#11383,.T.);
#13057=ORIENTED_EDGE('',*,*,#13041,.F.);
#13058=EDGE_LOOP('',(#13053,#13055,#13056,#13057));
#13059=FACE_OUTER_BOUND('',#13058,.F.);
#13061=CARTESIAN_POINT('',(-1.05E1,1.05E1,9.062177826491E0));
#13062=DIRECTION('',(5.E-1,0.E0,8.660254037844E-1));
#13063=DIRECTION('',(8.660254037844E-1,0.E0,-5.E-1));
#13064=AXIS2_PLACEMENT_3D('',#13061,#13062,#13063);
#13065=PLANE('',#13064);
#13066=ORIENTED_EDGE('',*,*,#10158,.F.);
#13068=ORIENTED_EDGE('',*,*,#13067,.T.);
#13069=ORIENTED_EDGE('',*,*,#11385,.T.);
#13070=ORIENTED_EDGE('',*,*,#13054,.F.);
#13071=EDGE_LOOP('',(#13066,#13068,#13069,#13070));
#13072=FACE_OUTER_BOUND('',#13071,.F.);
#13074=CARTESIAN_POINT('',(-1.309807621135E1,1.05E1,7.562177826491E0));
#13075=DIRECTION('',(-5.E-1,0.E0,8.660254037844E-1));
#13076=DIRECTION('',(8.660254037844E-1,0.E0,5.E-1));
#13077=AXIS2_PLACEMENT_3D('',#13074,#13075,#13076);
#13078=PLANE('',#13077);
#13079=ORIENTED_EDGE('',*,*,#10156,.F.);
#13080=ORIENTED_EDGE('',*,*,#13017,.T.);
#13081=ORIENTED_EDGE('',*,*,#11387,.T.);
#13082=ORIENTED_EDGE('',*,*,#13067,.F.);
#13083=EDGE_LOOP('',(#13079,#13080,#13081,#13082));
#13084=FACE_OUTER_BOUND('',#13083,.F.);
#13086=CARTESIAN_POINT('',(-9.598076211353E0,1.05E1,1.062435565298E1));
#13087=DIRECTION('',(-1.E0,0.E0,0.E0));
#13088=DIRECTION('',(0.E0,0.E0,1.E0));
#13089=AXIS2_PLACEMENT_3D('',#13086,#13087,#13088);
#13090=PLANE('',#13089);
#13091=ORIENTED_EDGE('',*,*,#10168,.F.);
#13093=ORIENTED_EDGE('',*,*,#13092,.T.);
#13094=ORIENTED_EDGE('',*,*,#11391,.T.);
#13096=ORIENTED_EDGE('',*,*,#13095,.F.);
#13097=EDGE_LOOP('',(#13091,#13093,#13094,#13096));
#13098=FACE_OUTER_BOUND('',#13097,.F.);
#13100=CARTESIAN_POINT('',(-7.E0,1.05E1,9.124355652982E0));
#13101=DIRECTION('',(-5.E-1,0.E0,-8.660254037844E-1));
#13102=DIRECTION('',(-8.660254037844E-1,0.E0,5.E-1));
#13103=AXIS2_PLACEMENT_3D('',#13100,#13101,#13102);
#13104=PLANE('',#13103);
#13105=ORIENTED_EDGE('',*,*,#10178,.F.);
#13107=ORIENTED_EDGE('',*,*,#13106,.T.);
#13108=ORIENTED_EDGE('',*,*,#11393,.T.);
#13109=ORIENTED_EDGE('',*,*,#13092,.F.);
#13110=EDGE_LOOP('',(#13105,#13107,#13108,#13109));
#13111=FACE_OUTER_BOUND('',#13110,.F.);
#13113=CARTESIAN_POINT('',(-4.401923788647E0,1.05E1,1.062435565298E1));
#13114=DIRECTION('',(5.E-1,0.E0,-8.660254037844E-1));
#13115=DIRECTION('',(-8.660254037844E-1,0.E0,-5.E-1));
#13116=AXIS2_PLACEMENT_3D('',#13113,#13114,#13115);
#13117=PLANE('',#13116);
#13118=ORIENTED_EDGE('',*,*,#10176,.F.);
#13120=ORIENTED_EDGE('',*,*,#13119,.T.);
#13121=ORIENTED_EDGE('',*,*,#11395,.T.);
#13122=ORIENTED_EDGE('',*,*,#13106,.F.);
#13123=EDGE_LOOP('',(#13118,#13120,#13121,#13122));
#13124=FACE_OUTER_BOUND('',#13123,.F.);
#13126=CARTESIAN_POINT('',(-4.401923788647E0,1.05E1,1.362435565298E1));
#13127=DIRECTION('',(1.E0,0.E0,0.E0));
#13128=DIRECTION('',(0.E0,0.E0,-1.E0));
#13129=AXIS2_PLACEMENT_3D('',#13126,#13127,#13128);
#13130=PLANE('',#13129);
#13131=ORIENTED_EDGE('',*,*,#10174,.F.);
#13133=ORIENTED_EDGE('',*,*,#13132,.T.);
#13134=ORIENTED_EDGE('',*,*,#11397,.T.);
#13135=ORIENTED_EDGE('',*,*,#13119,.F.);
#13136=EDGE_LOOP('',(#13131,#13133,#13134,#13135));
#13137=FACE_OUTER_BOUND('',#13136,.F.);
#13139=CARTESIAN_POINT('',(-7.E0,1.05E1,1.512435565298E1));
#13140=DIRECTION('',(5.E-1,0.E0,8.660254037844E-1));
#13141=DIRECTION('',(8.660254037844E-1,0.E0,-5.E-1));
#13142=AXIS2_PLACEMENT_3D('',#13139,#13140,#13141);
#13143=PLANE('',#13142);
#13144=ORIENTED_EDGE('',*,*,#10172,.F.);
#13146=ORIENTED_EDGE('',*,*,#13145,.T.);
#13147=ORIENTED_EDGE('',*,*,#11399,.T.);
#13148=ORIENTED_EDGE('',*,*,#13132,.F.);
#13149=EDGE_LOOP('',(#13144,#13146,#13147,#13148));
#13150=FACE_OUTER_BOUND('',#13149,.F.);
#13152=CARTESIAN_POINT('',(-9.598076211353E0,1.05E1,1.362435565298E1));
#13153=DIRECTION('',(-5.E-1,0.E0,8.660254037844E-1));
#13154=DIRECTION('',(8.660254037844E-1,0.E0,5.E-1));
#13155=AXIS2_PLACEMENT_3D('',#13152,#13153,#13154);
#13156=PLANE('',#13155);
#13157=ORIENTED_EDGE('',*,*,#10170,.F.);
#13158=ORIENTED_EDGE('',*,*,#13095,.T.);
#13159=ORIENTED_EDGE('',*,*,#11401,.T.);
#13160=ORIENTED_EDGE('',*,*,#13145,.F.);
#13161=EDGE_LOOP('',(#13157,#13158,#13159,#13160));
#13162=FACE_OUTER_BOUND('',#13161,.F.);
#13164=CARTESIAN_POINT('',(-2.598076211353E0,1.05E1,1.062435565298E1));
#13165=DIRECTION('',(-1.E0,0.E0,0.E0));
#13166=DIRECTION('',(0.E0,0.E0,1.E0));
#13167=AXIS2_PLACEMENT_3D('',#13164,#13165,#13166);
#13168=PLANE('',#13167);
#13169=ORIENTED_EDGE('',*,*,#10182,.F.);
#13171=ORIENTED_EDGE('',*,*,#13170,.T.);
#13172=ORIENTED_EDGE('',*,*,#11405,.T.);
#13174=ORIENTED_EDGE('',*,*,#13173,.F.);
#13175=EDGE_LOOP('',(#13169,#13171,#13172,#13174));
#13176=FACE_OUTER_BOUND('',#13175,.F.);
#13178=CARTESIAN_POINT('',(0.E0,1.05E1,9.124355652982E0));
#13179=DIRECTION('',(-5.E-1,0.E0,-8.660254037844E-1));
#13180=DIRECTION('',(-8.660254037844E-1,0.E0,5.E-1));
#13181=AXIS2_PLACEMENT_3D('',#13178,#13179,#13180);
#13182=PLANE('',#13181);
#13183=ORIENTED_EDGE('',*,*,#10192,.F.);
#13185=ORIENTED_EDGE('',*,*,#13184,.T.);
#13186=ORIENTED_EDGE('',*,*,#11407,.T.);
#13187=ORIENTED_EDGE('',*,*,#13170,.F.);
#13188=EDGE_LOOP('',(#13183,#13185,#13186,#13187));
#13189=FACE_OUTER_BOUND('',#13188,.F.);
#13191=CARTESIAN_POINT('',(2.598076211353E0,1.05E1,1.062435565298E1));
#13192=DIRECTION('',(5.E-1,0.E0,-8.660254037844E-1));
#13193=DIRECTION('',(-8.660254037844E-1,0.E0,-5.E-1));
#13194=AXIS2_PLACEMENT_3D('',#13191,#13192,#13193);
#13195=PLANE('',#13194);
#13196=ORIENTED_EDGE('',*,*,#10190,.F.);
#13198=ORIENTED_EDGE('',*,*,#13197,.T.);
#13199=ORIENTED_EDGE('',*,*,#11409,.T.);
#13200=ORIENTED_EDGE('',*,*,#13184,.F.);
#13201=EDGE_LOOP('',(#13196,#13198,#13199,#13200));
#13202=FACE_OUTER_BOUND('',#13201,.F.);
#13204=CARTESIAN_POINT('',(2.598076211353E0,1.05E1,1.362435565298E1));
#13205=DIRECTION('',(1.E0,0.E0,0.E0));
#13206=DIRECTION('',(0.E0,0.E0,-1.E0));
#13207=AXIS2_PLACEMENT_3D('',#13204,#13205,#13206);
#13208=PLANE('',#13207);
#13209=ORIENTED_EDGE('',*,*,#10188,.F.);
#13211=ORIENTED_EDGE('',*,*,#13210,.T.);
#13212=ORIENTED_EDGE('',*,*,#11411,.T.);
#13213=ORIENTED_EDGE('',*,*,#13197,.F.);
#13214=EDGE_LOOP('',(#13209,#13211,#13212,#13213));
#13215=FACE_OUTER_BOUND('',#13214,.F.);
#13217=CARTESIAN_POINT('',(0.E0,1.05E1,1.512435565298E1));
#13218=DIRECTION('',(5.E-1,0.E0,8.660254037844E-1));
#13219=DIRECTION('',(8.660254037844E-1,0.E0,-5.E-1));
#13220=AXIS2_PLACEMENT_3D('',#13217,#13218,#13219);
#13221=PLANE('',#13220);
#13222=ORIENTED_EDGE('',*,*,#10186,.F.);
#13224=ORIENTED_EDGE('',*,*,#13223,.T.);
#13225=ORIENTED_EDGE('',*,*,#11413,.T.);
#13226=ORIENTED_EDGE('',*,*,#13210,.F.);
#13227=EDGE_LOOP('',(#13222,#13224,#13225,#13226));
#13228=FACE_OUTER_BOUND('',#13227,.F.);
#13230=CARTESIAN_POINT('',(-2.598076211353E0,1.05E1,1.362435565298E1));
#13231=DIRECTION('',(-5.E-1,0.E0,8.660254037844E-1));
#13232=DIRECTION('',(8.660254037844E-1,0.E0,5.E-1));
#13233=AXIS2_PLACEMENT_3D('',#13230,#13231,#13232);
#13234=PLANE('',#13233);
#13235=ORIENTED_EDGE('',*,*,#10184,.F.);
#13236=ORIENTED_EDGE('',*,*,#13173,.T.);
#13237=ORIENTED_EDGE('',*,*,#11415,.T.);
#13238=ORIENTED_EDGE('',*,*,#13223,.F.);
#13239=EDGE_LOOP('',(#13235,#13236,#13237,#13238));
#13240=FACE_OUTER_BOUND('',#13239,.F.);
#13242=CARTESIAN_POINT('',(4.401923788647E0,1.05E1,1.062435565298E1));
#13243=DIRECTION('',(-1.E0,0.E0,0.E0));
#13244=DIRECTION('',(0.E0,0.E0,1.E0));
#13245=AXIS2_PLACEMENT_3D('',#13242,#13243,#13244);
#13246=PLANE('',#13245);
#13247=ORIENTED_EDGE('',*,*,#10196,.F.);
#13249=ORIENTED_EDGE('',*,*,#13248,.T.);
#13250=ORIENTED_EDGE('',*,*,#11419,.T.);
#13252=ORIENTED_EDGE('',*,*,#13251,.F.);
#13253=EDGE_LOOP('',(#13247,#13249,#13250,#13252));
#13254=FACE_OUTER_BOUND('',#13253,.F.);
#13256=CARTESIAN_POINT('',(7.E0,1.05E1,9.124355652982E0));
#13257=DIRECTION('',(-5.E-1,0.E0,-8.660254037844E-1));
#13258=DIRECTION('',(-8.660254037844E-1,0.E0,5.E-1));
#13259=AXIS2_PLACEMENT_3D('',#13256,#13257,#13258);
#13260=PLANE('',#13259);
#13261=ORIENTED_EDGE('',*,*,#10206,.F.);
#13263=ORIENTED_EDGE('',*,*,#13262,.T.);
#13264=ORIENTED_EDGE('',*,*,#11421,.T.);
#13265=ORIENTED_EDGE('',*,*,#13248,.F.);
#13266=EDGE_LOOP('',(#13261,#13263,#13264,#13265));
#13267=FACE_OUTER_BOUND('',#13266,.F.);
#13269=CARTESIAN_POINT('',(9.598076211353E0,1.05E1,1.062435565298E1));
#13270=DIRECTION('',(5.E-1,0.E0,-8.660254037844E-1));
#13271=DIRECTION('',(-8.660254037844E-1,0.E0,-5.E-1));
#13272=AXIS2_PLACEMENT_3D('',#13269,#13270,#13271);
#13273=PLANE('',#13272);
#13274=ORIENTED_EDGE('',*,*,#10204,.F.);
#13276=ORIENTED_EDGE('',*,*,#13275,.T.);
#13277=ORIENTED_EDGE('',*,*,#11423,.T.);
#13278=ORIENTED_EDGE('',*,*,#13262,.F.);
#13279=EDGE_LOOP('',(#13274,#13276,#13277,#13278));
#13280=FACE_OUTER_BOUND('',#13279,.F.);
#13282=CARTESIAN_POINT('',(9.598076211353E0,1.05E1,1.362435565298E1));
#13283=DIRECTION('',(1.E0,0.E0,0.E0));
#13284=DIRECTION('',(0.E0,0.E0,-1.E0));
#13285=AXIS2_PLACEMENT_3D('',#13282,#13283,#13284);
#13286=PLANE('',#13285);
#13287=ORIENTED_EDGE('',*,*,#10202,.F.);
#13289=ORIENTED_EDGE('',*,*,#13288,.T.);
#13290=ORIENTED_EDGE('',*,*,#11425,.T.);
#13291=ORIENTED_EDGE('',*,*,#13275,.F.);
#13292=EDGE_LOOP('',(#13287,#13289,#13290,#13291));
#13293=FACE_OUTER_BOUND('',#13292,.F.);
#13295=CARTESIAN_POINT('',(7.E0,1.05E1,1.512435565298E1));
#13296=DIRECTION('',(5.E-1,0.E0,8.660254037844E-1));
#13297=DIRECTION('',(8.660254037844E-1,0.E0,-5.E-1));
#13298=AXIS2_PLACEMENT_3D('',#13295,#13296,#13297);
#13299=PLANE('',#13298);
#13300=ORIENTED_EDGE('',*,*,#10200,.F.);
#13302=ORIENTED_EDGE('',*,*,#13301,.T.);
#13303=ORIENTED_EDGE('',*,*,#11427,.T.);
#13304=ORIENTED_EDGE('',*,*,#13288,.F.);
#13305=EDGE_LOOP('',(#13300,#13302,#13303,#13304));
#13306=FACE_OUTER_BOUND('',#13305,.F.);
#13308=CARTESIAN_POINT('',(4.401923788647E0,1.05E1,1.362435565298E1));
#13309=DIRECTION('',(-5.E-1,0.E0,8.660254037844E-1));
#13310=DIRECTION('',(8.660254037844E-1,0.E0,5.E-1));
#13311=AXIS2_PLACEMENT_3D('',#13308,#13309,#13310);
#13312=PLANE('',#13311);
#13313=ORIENTED_EDGE('',*,*,#10198,.F.);
#13314=ORIENTED_EDGE('',*,*,#13251,.T.);
#13315=ORIENTED_EDGE('',*,*,#11429,.T.);
#13316=ORIENTED_EDGE('',*,*,#13301,.F.);
#13317=EDGE_LOOP('',(#13313,#13314,#13315,#13316));
#13318=FACE_OUTER_BOUND('',#13317,.F.);
#13320=CARTESIAN_POINT('',(7.901923788647E0,1.05E1,4.562177826491E0));
#13321=DIRECTION('',(-1.E0,0.E0,0.E0));
#13322=DIRECTION('',(0.E0,0.E0,1.E0));
#13323=AXIS2_PLACEMENT_3D('',#13320,#13321,#13322);
#13324=PLANE('',#13323);
#13325=ORIENTED_EDGE('',*,*,#10210,.F.);
#13327=ORIENTED_EDGE('',*,*,#13326,.T.);
#13328=ORIENTED_EDGE('',*,*,#11433,.T.);
#13330=ORIENTED_EDGE('',*,*,#13329,.F.);
#13331=EDGE_LOOP('',(#13325,#13327,#13328,#13330));
#13332=FACE_OUTER_BOUND('',#13331,.F.);
#13334=CARTESIAN_POINT('',(1.05E1,1.05E1,3.062177826491E0));
#13335=DIRECTION('',(-5.E-1,0.E0,-8.660254037844E-1));
#13336=DIRECTION('',(-8.660254037844E-1,0.E0,5.E-1));
#13337=AXIS2_PLACEMENT_3D('',#13334,#13335,#13336);
#13338=PLANE('',#13337);
#13339=ORIENTED_EDGE('',*,*,#10220,.F.);
#13341=ORIENTED_EDGE('',*,*,#13340,.T.);
#13342=ORIENTED_EDGE('',*,*,#11435,.T.);
#13343=ORIENTED_EDGE('',*,*,#13326,.F.);
#13344=EDGE_LOOP('',(#13339,#13341,#13342,#13343));
#13345=FACE_OUTER_BOUND('',#13344,.F.);
#13347=CARTESIAN_POINT('',(1.309807621135E1,1.05E1,4.562177826491E0));
#13348=DIRECTION('',(5.E-1,0.E0,-8.660254037844E-1));
#13349=DIRECTION('',(-8.660254037844E-1,0.E0,-5.E-1));
#13350=AXIS2_PLACEMENT_3D('',#13347,#13348,#13349);
#13351=PLANE('',#13350);
#13352=ORIENTED_EDGE('',*,*,#10218,.F.);
#13354=ORIENTED_EDGE('',*,*,#13353,.T.);
#13355=ORIENTED_EDGE('',*,*,#11437,.T.);
#13356=ORIENTED_EDGE('',*,*,#13340,.F.);
#13357=EDGE_LOOP('',(#13352,#13354,#13355,#13356));
#13358=FACE_OUTER_BOUND('',#13357,.F.);
#13360=CARTESIAN_POINT('',(1.309807621135E1,1.05E1,7.562177826491E0));
#13361=DIRECTION('',(1.E0,0.E0,0.E0));
#13362=DIRECTION('',(0.E0,0.E0,-1.E0));
#13363=AXIS2_PLACEMENT_3D('',#13360,#13361,#13362);
#13364=PLANE('',#13363);
#13365=ORIENTED_EDGE('',*,*,#10216,.F.);
#13367=ORIENTED_EDGE('',*,*,#13366,.T.);
#13368=ORIENTED_EDGE('',*,*,#11439,.T.);
#13369=ORIENTED_EDGE('',*,*,#13353,.F.);
#13370=EDGE_LOOP('',(#13365,#13367,#13368,#13369));
#13371=FACE_OUTER_BOUND('',#13370,.F.);
#13373=CARTESIAN_POINT('',(1.05E1,1.05E1,9.062177826491E0));
#13374=DIRECTION('',(5.E-1,0.E0,8.660254037844E-1));
#13375=DIRECTION('',(8.660254037844E-1,0.E0,-5.E-1));
#13376=AXIS2_PLACEMENT_3D('',#13373,#13374,#13375);
#13377=PLANE('',#13376);
#13378=ORIENTED_EDGE('',*,*,#10214,.F.);
#13380=ORIENTED_EDGE('',*,*,#13379,.T.);
#13381=ORIENTED_EDGE('',*,*,#11441,.T.);
#13382=ORIENTED_EDGE('',*,*,#13366,.F.);
#13383=EDGE_LOOP('',(#13378,#13380,#13381,#13382));
#13384=FACE_OUTER_BOUND('',#13383,.F.);
#13386=CARTESIAN_POINT('',(7.901923788647E0,1.05E1,7.562177826491E0));
#13387=DIRECTION('',(-5.E-1,0.E0,8.660254037844E-1));
#13388=DIRECTION('',(8.660254037844E-1,0.E0,5.E-1));
#13389=AXIS2_PLACEMENT_3D('',#13386,#13387,#13388);
#13390=PLANE('',#13389);
#13391=ORIENTED_EDGE('',*,*,#10212,.F.);
#13392=ORIENTED_EDGE('',*,*,#13329,.T.);
#13393=ORIENTED_EDGE('',*,*,#11443,.T.);
#13394=ORIENTED_EDGE('',*,*,#13379,.F.);
#13395=EDGE_LOOP('',(#13391,#13392,#13393,#13394));
#13396=FACE_OUTER_BOUND('',#13395,.F.);
#13398=CARTESIAN_POINT('',(7.901923788647E0,1.05E1,-1.968653347947E1));
#13399=DIRECTION('',(-1.E0,0.E0,0.E0));
#13400=DIRECTION('',(0.E0,0.E0,1.E0));
#13401=AXIS2_PLACEMENT_3D('',#13398,#13399,#13400);
#13402=PLANE('',#13401);
#13403=ORIENTED_EDGE('',*,*,#10224,.F.);
#13405=ORIENTED_EDGE('',*,*,#13404,.T.);
#13406=ORIENTED_EDGE('',*,*,#11447,.T.);
#13408=ORIENTED_EDGE('',*,*,#13407,.F.);
#13409=EDGE_LOOP('',(#13403,#13405,#13406,#13408));
#13410=FACE_OUTER_BOUND('',#13409,.F.);
#13412=CARTESIAN_POINT('',(1.05E1,1.05E1,-2.118653347947E1));
#13413=DIRECTION('',(-5.E-1,0.E0,-8.660254037844E-1));
#13414=DIRECTION('',(-8.660254037844E-1,0.E0,5.E-1));
#13415=AXIS2_PLACEMENT_3D('',#13412,#13413,#13414);
#13416=PLANE('',#13415);
#13417=ORIENTED_EDGE('',*,*,#10234,.F.);
#13419=ORIENTED_EDGE('',*,*,#13418,.T.);
#13420=ORIENTED_EDGE('',*,*,#11449,.T.);
#13421=ORIENTED_EDGE('',*,*,#13404,.F.);
#13422=EDGE_LOOP('',(#13417,#13419,#13420,#13421));
#13423=FACE_OUTER_BOUND('',#13422,.F.);
#13425=CARTESIAN_POINT('',(1.309807621135E1,1.05E1,-1.968653347947E1));
#13426=DIRECTION('',(5.E-1,0.E0,-8.660254037844E-1));
#13427=DIRECTION('',(-8.660254037844E-1,0.E0,-5.E-1));
#13428=AXIS2_PLACEMENT_3D('',#13425,#13426,#13427);
#13429=PLANE('',#13428);
#13430=ORIENTED_EDGE('',*,*,#10232,.F.);
#13432=ORIENTED_EDGE('',*,*,#13431,.T.);
#13433=ORIENTED_EDGE('',*,*,#11451,.T.);
#13434=ORIENTED_EDGE('',*,*,#13418,.F.);
#13435=EDGE_LOOP('',(#13430,#13432,#13433,#13434));
#13436=FACE_OUTER_BOUND('',#13435,.F.);
#13438=CARTESIAN_POINT('',(1.309807621135E1,1.05E1,-1.668653347947E1));
#13439=DIRECTION('',(1.E0,0.E0,0.E0));
#13440=DIRECTION('',(0.E0,0.E0,-1.E0));
#13441=AXIS2_PLACEMENT_3D('',#13438,#13439,#13440);
#13442=PLANE('',#13441);
#13443=ORIENTED_EDGE('',*,*,#10230,.F.);
#13445=ORIENTED_EDGE('',*,*,#13444,.T.);
#13446=ORIENTED_EDGE('',*,*,#11453,.T.);
#13447=ORIENTED_EDGE('',*,*,#13431,.F.);
#13448=EDGE_LOOP('',(#13443,#13445,#13446,#13447));
#13449=FACE_OUTER_BOUND('',#13448,.F.);
#13451=CARTESIAN_POINT('',(1.05E1,1.05E1,-1.518653347947E1));
#13452=DIRECTION('',(5.E-1,0.E0,8.660254037844E-1));
#13453=DIRECTION('',(8.660254037844E-1,0.E0,-5.E-1));
#13454=AXIS2_PLACEMENT_3D('',#13451,#13452,#13453);
#13455=PLANE('',#13454);
#13456=ORIENTED_EDGE('',*,*,#10228,.F.);
#13458=ORIENTED_EDGE('',*,*,#13457,.T.);
#13459=ORIENTED_EDGE('',*,*,#11455,.T.);
#13460=ORIENTED_EDGE('',*,*,#13444,.F.);
#13461=EDGE_LOOP('',(#13456,#13458,#13459,#13460));
#13462=FACE_OUTER_BOUND('',#13461,.F.);
#13464=CARTESIAN_POINT('',(7.901923788647E0,1.05E1,-1.668653347947E1));
#13465=DIRECTION('',(-5.E-1,0.E0,8.660254037844E-1));
#13466=DIRECTION('',(8.660254037844E-1,0.E0,5.E-1));
#13467=AXIS2_PLACEMENT_3D('',#13464,#13465,#13466);
#13468=PLANE('',#13467);
#13469=ORIENTED_EDGE('',*,*,#10226,.F.);
#13470=ORIENTED_EDGE('',*,*,#13407,.T.);
#13471=ORIENTED_EDGE('',*,*,#11457,.T.);
#13472=ORIENTED_EDGE('',*,*,#13457,.F.);
#13473=EDGE_LOOP('',(#13469,#13470,#13471,#13472));
#13474=FACE_OUTER_BOUND('',#13473,.F.);
#13476=CARTESIAN_POINT('',(9.019237886467E-1,1.05E1,-1.968653347947E1));
#13477=DIRECTION('',(-1.E0,0.E0,0.E0));
#13478=DIRECTION('',(0.E0,0.E0,1.E0));
#13479=AXIS2_PLACEMENT_3D('',#13476,#13477,#13478);
#13480=PLANE('',#13479);
#13481=ORIENTED_EDGE('',*,*,#10238,.F.);
#13483=ORIENTED_EDGE('',*,*,#13482,.T.);
#13484=ORIENTED_EDGE('',*,*,#11461,.T.);
#13486=ORIENTED_EDGE('',*,*,#13485,.F.);
#13487=EDGE_LOOP('',(#13481,#13483,#13484,#13486));
#13488=FACE_OUTER_BOUND('',#13487,.F.);
#13490=CARTESIAN_POINT('',(3.5E0,1.05E1,-2.118653347947E1));
#13491=DIRECTION('',(-5.E-1,0.E0,-8.660254037844E-1));
#13492=DIRECTION('',(-8.660254037844E-1,0.E0,5.E-1));
#13493=AXIS2_PLACEMENT_3D('',#13490,#13491,#13492);
#13494=PLANE('',#13493);
#13495=ORIENTED_EDGE('',*,*,#10248,.F.);
#13497=ORIENTED_EDGE('',*,*,#13496,.T.);
#13498=ORIENTED_EDGE('',*,*,#11463,.T.);
#13499=ORIENTED_EDGE('',*,*,#13482,.F.);
#13500=EDGE_LOOP('',(#13495,#13497,#13498,#13499));
#13501=FACE_OUTER_BOUND('',#13500,.F.);
#13503=CARTESIAN_POINT('',(6.098076211353E0,1.05E1,-1.968653347947E1));
#13504=DIRECTION('',(5.E-1,0.E0,-8.660254037844E-1));
#13505=DIRECTION('',(-8.660254037844E-1,0.E0,-5.E-1));
#13506=AXIS2_PLACEMENT_3D('',#13503,#13504,#13505);
#13507=PLANE('',#13506);
#13508=ORIENTED_EDGE('',*,*,#10246,.F.);
#13510=ORIENTED_EDGE('',*,*,#13509,.T.);
#13511=ORIENTED_EDGE('',*,*,#11465,.T.);
#13512=ORIENTED_EDGE('',*,*,#13496,.F.);
#13513=EDGE_LOOP('',(#13508,#13510,#13511,#13512));
#13514=FACE_OUTER_BOUND('',#13513,.F.);
#13516=CARTESIAN_POINT('',(6.098076211353E0,1.05E1,-1.668653347947E1));
#13517=DIRECTION('',(1.E0,0.E0,0.E0));
#13518=DIRECTION('',(0.E0,0.E0,-1.E0));
#13519=AXIS2_PLACEMENT_3D('',#13516,#13517,#13518);
#13520=PLANE('',#13519);
#13521=ORIENTED_EDGE('',*,*,#10244,.F.);
#13523=ORIENTED_EDGE('',*,*,#13522,.T.);
#13524=ORIENTED_EDGE('',*,*,#11467,.T.);
#13525=ORIENTED_EDGE('',*,*,#13509,.F.);
#13526=EDGE_LOOP('',(#13521,#13523,#13524,#13525));
#13527=FACE_OUTER_BOUND('',#13526,.F.);
#13529=CARTESIAN_POINT('',(3.5E0,1.05E1,-1.518653347947E1));
#13530=DIRECTION('',(5.E-1,0.E0,8.660254037844E-1));
#13531=DIRECTION('',(8.660254037844E-1,0.E0,-5.E-1));
#13532=AXIS2_PLACEMENT_3D('',#13529,#13530,#13531);
#13533=PLANE('',#13532);
#13534=ORIENTED_EDGE('',*,*,#10242,.F.);
#13536=ORIENTED_EDGE('',*,*,#13535,.T.);
#13537=ORIENTED_EDGE('',*,*,#11469,.T.);
#13538=ORIENTED_EDGE('',*,*,#13522,.F.);
#13539=EDGE_LOOP('',(#13534,#13536,#13537,#13538));
#13540=FACE_OUTER_BOUND('',#13539,.F.);
#13542=CARTESIAN_POINT('',(9.019237886467E-1,1.05E1,-1.668653347947E1));
#13543=DIRECTION('',(-5.E-1,0.E0,8.660254037844E-1));
#13544=DIRECTION('',(8.660254037844E-1,0.E0,5.E-1));
#13545=AXIS2_PLACEMENT_3D('',#13542,#13543,#13544);
#13546=PLANE('',#13545);
#13547=ORIENTED_EDGE('',*,*,#10240,.F.);
#13548=ORIENTED_EDGE('',*,*,#13485,.T.);
#13549=ORIENTED_EDGE('',*,*,#11471,.T.);
#13550=ORIENTED_EDGE('',*,*,#13535,.F.);
#13551=EDGE_LOOP('',(#13547,#13548,#13549,#13550));
#13552=FACE_OUTER_BOUND('',#13551,.F.);
#13554=CARTESIAN_POINT('',(-6.098076211353E0,1.05E1,-1.968653347947E1));
#13555=DIRECTION('',(-1.E0,0.E0,0.E0));
#13556=DIRECTION('',(0.E0,0.E0,1.E0));
#13557=AXIS2_PLACEMENT_3D('',#13554,#13555,#13556);
#13558=PLANE('',#13557);
#13559=ORIENTED_EDGE('',*,*,#10252,.F.);
#13561=ORIENTED_EDGE('',*,*,#13560,.T.);
#13562=ORIENTED_EDGE('',*,*,#11475,.T.);
#13564=ORIENTED_EDGE('',*,*,#13563,.F.);
#13565=EDGE_LOOP('',(#13559,#13561,#13562,#13564));
#13566=FACE_OUTER_BOUND('',#13565,.F.);
#13568=CARTESIAN_POINT('',(-3.5E0,1.05E1,-2.118653347947E1));
#13569=DIRECTION('',(-5.E-1,0.E0,-8.660254037844E-1));
#13570=DIRECTION('',(-8.660254037844E-1,0.E0,5.E-1));
#13571=AXIS2_PLACEMENT_3D('',#13568,#13569,#13570);
#13572=PLANE('',#13571);
#13573=ORIENTED_EDGE('',*,*,#10262,.F.);
#13575=ORIENTED_EDGE('',*,*,#13574,.T.);
#13576=ORIENTED_EDGE('',*,*,#11477,.T.);
#13577=ORIENTED_EDGE('',*,*,#13560,.F.);
#13578=EDGE_LOOP('',(#13573,#13575,#13576,#13577));
#13579=FACE_OUTER_BOUND('',#13578,.F.);
#13581=CARTESIAN_POINT('',(-9.019237886467E-1,1.05E1,-1.968653347947E1));
#13582=DIRECTION('',(5.E-1,0.E0,-8.660254037844E-1));
#13583=DIRECTION('',(-8.660254037844E-1,0.E0,-5.E-1));
#13584=AXIS2_PLACEMENT_3D('',#13581,#13582,#13583);
#13585=PLANE('',#13584);
#13586=ORIENTED_EDGE('',*,*,#10260,.F.);
#13588=ORIENTED_EDGE('',*,*,#13587,.T.);
#13589=ORIENTED_EDGE('',*,*,#11479,.T.);
#13590=ORIENTED_EDGE('',*,*,#13574,.F.);
#13591=EDGE_LOOP('',(#13586,#13588,#13589,#13590));
#13592=FACE_OUTER_BOUND('',#13591,.F.);
#13594=CARTESIAN_POINT('',(-9.019237886467E-1,1.05E1,-1.668653347947E1));
#13595=DIRECTION('',(1.E0,0.E0,0.E0));
#13596=DIRECTION('',(0.E0,0.E0,-1.E0));
#13597=AXIS2_PLACEMENT_3D('',#13594,#13595,#13596);
#13598=PLANE('',#13597);
#13599=ORIENTED_EDGE('',*,*,#10258,.F.);
#13601=ORIENTED_EDGE('',*,*,#13600,.T.);
#13602=ORIENTED_EDGE('',*,*,#11481,.T.);
#13603=ORIENTED_EDGE('',*,*,#13587,.F.);
#13604=EDGE_LOOP('',(#13599,#13601,#13602,#13603));
#13605=FACE_OUTER_BOUND('',#13604,.F.);
#13607=CARTESIAN_POINT('',(-3.5E0,1.05E1,-1.518653347947E1));
#13608=DIRECTION('',(5.E-1,0.E0,8.660254037844E-1));
#13609=DIRECTION('',(8.660254037844E-1,0.E0,-5.E-1));
#13610=AXIS2_PLACEMENT_3D('',#13607,#13608,#13609);
#13611=PLANE('',#13610);
#13612=ORIENTED_EDGE('',*,*,#10256,.F.);
#13614=ORIENTED_EDGE('',*,*,#13613,.T.);
#13615=ORIENTED_EDGE('',*,*,#11483,.T.);
#13616=ORIENTED_EDGE('',*,*,#13600,.F.);
#13617=EDGE_LOOP('',(#13612,#13614,#13615,#13616));
#13618=FACE_OUTER_BOUND('',#13617,.F.);
#13620=CARTESIAN_POINT('',(-6.098076211353E0,1.05E1,-1.668653347947E1));
#13621=DIRECTION('',(-5.E-1,0.E0,8.660254037844E-1));
#13622=DIRECTION('',(8.660254037844E-1,0.E0,5.E-1));
#13623=AXIS2_PLACEMENT_3D('',#13620,#13621,#13622);
#13624=PLANE('',#13623);
#13625=ORIENTED_EDGE('',*,*,#10254,.F.);
#13626=ORIENTED_EDGE('',*,*,#13563,.T.);
#13627=ORIENTED_EDGE('',*,*,#11485,.T.);
#13628=ORIENTED_EDGE('',*,*,#13613,.F.);
#13629=EDGE_LOOP('',(#13625,#13626,#13627,#13628));
#13630=FACE_OUTER_BOUND('',#13629,.F.);
#13632=CARTESIAN_POINT('',(-1.309807621135E1,1.05E1,-1.968653347947E1));
#13633=DIRECTION('',(-1.E0,0.E0,0.E0));
#13634=DIRECTION('',(0.E0,0.E0,1.E0));
#13635=AXIS2_PLACEMENT_3D('',#13632,#13633,#13634);
#13636=PLANE('',#13635);
#13637=ORIENTED_EDGE('',*,*,#10266,.F.);
#13639=ORIENTED_EDGE('',*,*,#13638,.T.);
#13640=ORIENTED_EDGE('',*,*,#11489,.T.);
#13642=ORIENTED_EDGE('',*,*,#13641,.F.);
#13643=EDGE_LOOP('',(#13637,#13639,#13640,#13642));
#13644=FACE_OUTER_BOUND('',#13643,.F.);
#13646=CARTESIAN_POINT('',(-1.05E1,1.05E1,-2.118653347947E1));
#13647=DIRECTION('',(-5.E-1,0.E0,-8.660254037844E-1));
#13648=DIRECTION('',(-8.660254037844E-1,0.E0,5.E-1));
#13649=AXIS2_PLACEMENT_3D('',#13646,#13647,#13648);
#13650=PLANE('',#13649);
#13651=ORIENTED_EDGE('',*,*,#10276,.F.);
#13653=ORIENTED_EDGE('',*,*,#13652,.T.);
#13654=ORIENTED_EDGE('',*,*,#11491,.T.);
#13655=ORIENTED_EDGE('',*,*,#13638,.F.);
#13656=EDGE_LOOP('',(#13651,#13653,#13654,#13655));
#13657=FACE_OUTER_BOUND('',#13656,.F.);
#13659=CARTESIAN_POINT('',(-7.901923788647E0,1.05E1,-1.968653347947E1));
#13660=DIRECTION('',(5.E-1,0.E0,-8.660254037844E-1));
#13661=DIRECTION('',(-8.660254037844E-1,0.E0,-5.E-1));
#13662=AXIS2_PLACEMENT_3D('',#13659,#13660,#13661);
#13663=PLANE('',#13662);
#13664=ORIENTED_EDGE('',*,*,#10274,.F.);
#13666=ORIENTED_EDGE('',*,*,#13665,.T.);
#13667=ORIENTED_EDGE('',*,*,#11493,.T.);
#13668=ORIENTED_EDGE('',*,*,#13652,.F.);
#13669=EDGE_LOOP('',(#13664,#13666,#13667,#13668));
#13670=FACE_OUTER_BOUND('',#13669,.F.);
#13672=CARTESIAN_POINT('',(-7.901923788647E0,1.05E1,-1.668653347947E1));
#13673=DIRECTION('',(1.E0,0.E0,0.E0));
#13674=DIRECTION('',(0.E0,0.E0,-1.E0));
#13675=AXIS2_PLACEMENT_3D('',#13672,#13673,#13674);
#13676=PLANE('',#13675);
#13677=ORIENTED_EDGE('',*,*,#10272,.F.);
#13679=ORIENTED_EDGE('',*,*,#13678,.T.);
#13680=ORIENTED_EDGE('',*,*,#11495,.T.);
#13681=ORIENTED_EDGE('',*,*,#13665,.F.);
#13682=EDGE_LOOP('',(#13677,#13679,#13680,#13681));
#13683=FACE_OUTER_BOUND('',#13682,.F.);
#13685=CARTESIAN_POINT('',(-1.05E1,1.05E1,-1.518653347947E1));
#13686=DIRECTION('',(5.E-1,0.E0,8.660254037844E-1));
#13687=DIRECTION('',(8.660254037844E-1,0.E0,-5.E-1));
#13688=AXIS2_PLACEMENT_3D('',#13685,#13686,#13687);
#13689=PLANE('',#13688);
#13690=ORIENTED_EDGE('',*,*,#10270,.F.);
#13692=ORIENTED_EDGE('',*,*,#13691,.T.);
#13693=ORIENTED_EDGE('',*,*,#11497,.T.);
#13694=ORIENTED_EDGE('',*,*,#13678,.F.);
#13695=EDGE_LOOP('',(#13690,#13692,#13693,#13694));
#13696=FACE_OUTER_BOUND('',#13695,.F.);
#13698=CARTESIAN_POINT('',(-1.309807621135E1,1.05E1,-1.668653347947E1));
#13699=DIRECTION('',(-5.E-1,0.E0,8.660254037844E-1));
#13700=DIRECTION('',(8.660254037844E-1,0.E0,5.E-1));
#13701=AXIS2_PLACEMENT_3D('',#13698,#13699,#13700);
#13702=PLANE('',#13701);
#13703=ORIENTED_EDGE('',*,*,#10268,.F.);
#13704=ORIENTED_EDGE('',*,*,#13641,.T.);
#13705=ORIENTED_EDGE('',*,*,#11499,.T.);
#13706=ORIENTED_EDGE('',*,*,#13691,.F.);
#13707=EDGE_LOOP('',(#13703,#13704,#13705,#13706));
#13708=FACE_OUTER_BOUND('',#13707,.F.);
#13710=CARTESIAN_POINT('',(-1.659807621135E1,1.05E1,-1.362435565298E1));
#13711=DIRECTION('',(-1.E0,0.E0,0.E0));
#13712=DIRECTION('',(0.E0,0.E0,1.E0));
#13713=AXIS2_PLACEMENT_3D('',#13710,#13711,#13712);
#13714=PLANE('',#13713);
#13715=ORIENTED_EDGE('',*,*,#10280,.F.);
#13717=ORIENTED_EDGE('',*,*,#13716,.T.);
#13718=ORIENTED_EDGE('',*,*,#11503,.T.);
#13720=ORIENTED_EDGE('',*,*,#13719,.F.);
#13721=EDGE_LOOP('',(#13715,#13717,#13718,#13720));
#13722=FACE_OUTER_BOUND('',#13721,.F.);
#13724=CARTESIAN_POINT('',(-1.4E1,1.05E1,-1.512435565298E1));
#13725=DIRECTION('',(-5.E-1,0.E0,-8.660254037844E-1));
#13726=DIRECTION('',(-8.660254037844E-1,0.E0,5.E-1));
#13727=AXIS2_PLACEMENT_3D('',#13724,#13725,#13726);
#13728=PLANE('',#13727);
#13729=ORIENTED_EDGE('',*,*,#10290,.F.);
#13731=ORIENTED_EDGE('',*,*,#13730,.T.);
#13732=ORIENTED_EDGE('',*,*,#11505,.T.);
#13733=ORIENTED_EDGE('',*,*,#13716,.F.);
#13734=EDGE_LOOP('',(#13729,#13731,#13732,#13733));
#13735=FACE_OUTER_BOUND('',#13734,.F.);
#13737=CARTESIAN_POINT('',(-1.140192378865E1,1.05E1,-1.362435565298E1));
#13738=DIRECTION('',(5.E-1,0.E0,-8.660254037844E-1));
#13739=DIRECTION('',(-8.660254037844E-1,0.E0,-5.E-1));
#13740=AXIS2_PLACEMENT_3D('',#13737,#13738,#13739);
#13741=PLANE('',#13740);
#13742=ORIENTED_EDGE('',*,*,#10288,.F.);
#13744=ORIENTED_EDGE('',*,*,#13743,.T.);
#13745=ORIENTED_EDGE('',*,*,#11507,.T.);
#13746=ORIENTED_EDGE('',*,*,#13730,.F.);
#13747=EDGE_LOOP('',(#13742,#13744,#13745,#13746));
#13748=FACE_OUTER_BOUND('',#13747,.F.);
#13750=CARTESIAN_POINT('',(-1.140192378865E1,1.05E1,-1.062435565298E1));
#13751=DIRECTION('',(1.E0,0.E0,0.E0));
#13752=DIRECTION('',(0.E0,0.E0,-1.E0));
#13753=AXIS2_PLACEMENT_3D('',#13750,#13751,#13752);
#13754=PLANE('',#13753);
#13755=ORIENTED_EDGE('',*,*,#10286,.F.);
#13757=ORIENTED_EDGE('',*,*,#13756,.T.);
#13758=ORIENTED_EDGE('',*,*,#11509,.T.);
#13759=ORIENTED_EDGE('',*,*,#13743,.F.);
#13760=EDGE_LOOP('',(#13755,#13757,#13758,#13759));
#13761=FACE_OUTER_BOUND('',#13760,.F.);
#13763=CARTESIAN_POINT('',(-1.4E1,1.05E1,-9.124355652982E0));
#13764=DIRECTION('',(5.E-1,0.E0,8.660254037844E-1));
#13765=DIRECTION('',(8.660254037844E-1,0.E0,-5.E-1));
#13766=AXIS2_PLACEMENT_3D('',#13763,#13764,#13765);
#13767=PLANE('',#13766);
#13768=ORIENTED_EDGE('',*,*,#10284,.F.);
#13770=ORIENTED_EDGE('',*,*,#13769,.T.);
#13771=ORIENTED_EDGE('',*,*,#11511,.T.);
#13772=ORIENTED_EDGE('',*,*,#13756,.F.);
#13773=EDGE_LOOP('',(#13768,#13770,#13771,#13772));
#13774=FACE_OUTER_BOUND('',#13773,.F.);
#13776=CARTESIAN_POINT('',(-1.659807621135E1,1.05E1,-1.062435565298E1));
#13777=DIRECTION('',(-5.E-1,0.E0,8.660254037844E-1));
#13778=DIRECTION('',(8.660254037844E-1,0.E0,5.E-1));
#13779=AXIS2_PLACEMENT_3D('',#13776,#13777,#13778);
#13780=PLANE('',#13779);
#13781=ORIENTED_EDGE('',*,*,#10282,.F.);
#13782=ORIENTED_EDGE('',*,*,#13719,.T.);
#13783=ORIENTED_EDGE('',*,*,#11513,.T.);
#13784=ORIENTED_EDGE('',*,*,#13769,.F.);
#13785=EDGE_LOOP('',(#13781,#13782,#13783,#13784));
#13786=FACE_OUTER_BOUND('',#13785,.F.);
#13788=CARTESIAN_POINT('',(-2.009807621135E1,1.05E1,-7.562177826491E0));
#13789=DIRECTION('',(-1.E0,0.E0,0.E0));
#13790=DIRECTION('',(0.E0,0.E0,1.E0));
#13791=AXIS2_PLACEMENT_3D('',#13788,#13789,#13790);
#13792=PLANE('',#13791);
#13793=ORIENTED_EDGE('',*,*,#10294,.F.);
#13795=ORIENTED_EDGE('',*,*,#13794,.T.);
#13796=ORIENTED_EDGE('',*,*,#11517,.T.);
#13798=ORIENTED_EDGE('',*,*,#13797,.F.);
#13799=EDGE_LOOP('',(#13793,#13795,#13796,#13798));
#13800=FACE_OUTER_BOUND('',#13799,.F.);
#13802=CARTESIAN_POINT('',(-1.75E1,1.05E1,-9.062177826491E0));
#13803=DIRECTION('',(-5.E-1,0.E0,-8.660254037844E-1));
#13804=DIRECTION('',(-8.660254037844E-1,0.E0,5.E-1));
#13805=AXIS2_PLACEMENT_3D('',#13802,#13803,#13804);
#13806=PLANE('',#13805);
#13807=ORIENTED_EDGE('',*,*,#10304,.F.);
#13809=ORIENTED_EDGE('',*,*,#13808,.T.);
#13810=ORIENTED_EDGE('',*,*,#11519,.T.);
#13811=ORIENTED_EDGE('',*,*,#13794,.F.);
#13812=EDGE_LOOP('',(#13807,#13809,#13810,#13811));
#13813=FACE_OUTER_BOUND('',#13812,.F.);
#13815=CARTESIAN_POINT('',(-1.490192378865E1,1.05E1,-7.562177826491E0));
#13816=DIRECTION('',(5.E-1,0.E0,-8.660254037844E-1));
#13817=DIRECTION('',(-8.660254037844E-1,0.E0,-5.E-1));
#13818=AXIS2_PLACEMENT_3D('',#13815,#13816,#13817);
#13819=PLANE('',#13818);
#13820=ORIENTED_EDGE('',*,*,#10302,.F.);
#13822=ORIENTED_EDGE('',*,*,#13821,.T.);
#13823=ORIENTED_EDGE('',*,*,#11521,.T.);
#13824=ORIENTED_EDGE('',*,*,#13808,.F.);
#13825=EDGE_LOOP('',(#13820,#13822,#13823,#13824));
#13826=FACE_OUTER_BOUND('',#13825,.F.);
#13828=CARTESIAN_POINT('',(-1.490192378865E1,1.05E1,-4.562177826491E0));
#13829=DIRECTION('',(1.E0,0.E0,0.E0));
#13830=DIRECTION('',(0.E0,0.E0,-1.E0));
#13831=AXIS2_PLACEMENT_3D('',#13828,#13829,#13830);
#13832=PLANE('',#13831);
#13833=ORIENTED_EDGE('',*,*,#10300,.F.);
#13835=ORIENTED_EDGE('',*,*,#13834,.T.);
#13836=ORIENTED_EDGE('',*,*,#11523,.T.);
#13837=ORIENTED_EDGE('',*,*,#13821,.F.);
#13838=EDGE_LOOP('',(#13833,#13835,#13836,#13837));
#13839=FACE_OUTER_BOUND('',#13838,.F.);
#13841=CARTESIAN_POINT('',(-1.75E1,1.05E1,-3.062177826491E0));
#13842=DIRECTION('',(5.E-1,0.E0,8.660254037844E-1));
#13843=DIRECTION('',(8.660254037844E-1,0.E0,-5.E-1));
#13844=AXIS2_PLACEMENT_3D('',#13841,#13842,#13843);
#13845=PLANE('',#13844);
#13846=ORIENTED_EDGE('',*,*,#10298,.F.);
#13848=ORIENTED_EDGE('',*,*,#13847,.T.);
#13849=ORIENTED_EDGE('',*,*,#11525,.T.);
#13850=ORIENTED_EDGE('',*,*,#13834,.F.);
#13851=EDGE_LOOP('',(#13846,#13848,#13849,#13850));
#13852=FACE_OUTER_BOUND('',#13851,.F.);
#13854=CARTESIAN_POINT('',(-2.009807621135E1,1.05E1,-4.562177826491E0));
#13855=DIRECTION('',(-5.E-1,0.E0,8.660254037844E-1));
#13856=DIRECTION('',(8.660254037844E-1,0.E0,5.E-1));
#13857=AXIS2_PLACEMENT_3D('',#13854,#13855,#13856);
#13858=PLANE('',#13857);
#13859=ORIENTED_EDGE('',*,*,#10296,.F.);
#13860=ORIENTED_EDGE('',*,*,#13797,.T.);
#13861=ORIENTED_EDGE('',*,*,#11527,.T.);
#13862=ORIENTED_EDGE('',*,*,#13847,.F.);
#13863=EDGE_LOOP('',(#13859,#13860,#13861,#13862));
#13864=FACE_OUTER_BOUND('',#13863,.F.);
#13866=CARTESIAN_POINT('',(-2.359807621135E1,1.05E1,-1.5E0));
#13867=DIRECTION('',(-1.E0,0.E0,0.E0));
#13868=DIRECTION('',(0.E0,0.E0,1.E0));
#13869=AXIS2_PLACEMENT_3D('',#13866,#13867,#13868);
#13870=PLANE('',#13869);
#13871=ORIENTED_EDGE('',*,*,#10308,.F.);
#13873=ORIENTED_EDGE('',*,*,#13872,.T.);
#13874=ORIENTED_EDGE('',*,*,#11531,.T.);
#13876=ORIENTED_EDGE('',*,*,#13875,.F.);
#13877=EDGE_LOOP('',(#13871,#13873,#13874,#13876));
#13878=FACE_OUTER_BOUND('',#13877,.F.);
#13880=CARTESIAN_POINT('',(-2.1E1,1.05E1,-3.E0));
#13881=DIRECTION('',(-5.E-1,0.E0,-8.660254037844E-1));
#13882=DIRECTION('',(-8.660254037844E-1,0.E0,5.E-1));
#13883=AXIS2_PLACEMENT_3D('',#13880,#13881,#13882);
#13884=PLANE('',#13883);
#13885=ORIENTED_EDGE('',*,*,#10318,.F.);
#13887=ORIENTED_EDGE('',*,*,#13886,.T.);
#13888=ORIENTED_EDGE('',*,*,#11533,.T.);
#13889=ORIENTED_EDGE('',*,*,#13872,.F.);
#13890=EDGE_LOOP('',(#13885,#13887,#13888,#13889));
#13891=FACE_OUTER_BOUND('',#13890,.F.);
#13893=CARTESIAN_POINT('',(-1.840192378865E1,1.05E1,-1.5E0));
#13894=DIRECTION('',(5.E-1,0.E0,-8.660254037844E-1));
#13895=DIRECTION('',(-8.660254037844E-1,0.E0,-5.E-1));
#13896=AXIS2_PLACEMENT_3D('',#13893,#13894,#13895);
#13897=PLANE('',#13896);
#13898=ORIENTED_EDGE('',*,*,#10316,.F.);
#13900=ORIENTED_EDGE('',*,*,#13899,.T.);
#13901=ORIENTED_EDGE('',*,*,#11535,.T.);
#13902=ORIENTED_EDGE('',*,*,#13886,.F.);
#13903=EDGE_LOOP('',(#13898,#13900,#13901,#13902));
#13904=FACE_OUTER_BOUND('',#13903,.F.);
#13906=CARTESIAN_POINT('',(-1.840192378865E1,1.05E1,1.5E0));
#13907=DIRECTION('',(1.E0,0.E0,0.E0));
#13908=DIRECTION('',(0.E0,0.E0,-1.E0));
#13909=AXIS2_PLACEMENT_3D('',#13906,#13907,#13908);
#13910=PLANE('',#13909);
#13911=ORIENTED_EDGE('',*,*,#10314,.F.);
#13913=ORIENTED_EDGE('',*,*,#13912,.T.);
#13914=ORIENTED_EDGE('',*,*,#11537,.T.);
#13915=ORIENTED_EDGE('',*,*,#13899,.F.);
#13916=EDGE_LOOP('',(#13911,#13913,#13914,#13915));
#13917=FACE_OUTER_BOUND('',#13916,.F.);
#13919=CARTESIAN_POINT('',(-2.1E1,1.05E1,3.E0));
#13920=DIRECTION('',(5.E-1,0.E0,8.660254037844E-1));
#13921=DIRECTION('',(8.660254037844E-1,0.E0,-5.E-1));
#13922=AXIS2_PLACEMENT_3D('',#13919,#13920,#13921);
#13923=PLANE('',#13922);
#13924=ORIENTED_EDGE('',*,*,#10312,.F.);
#13926=ORIENTED_EDGE('',*,*,#13925,.T.);
#13927=ORIENTED_EDGE('',*,*,#11539,.T.);
#13928=ORIENTED_EDGE('',*,*,#13912,.F.);
#13929=EDGE_LOOP('',(#13924,#13926,#13927,#13928));
#13930=FACE_OUTER_BOUND('',#13929,.F.);
#13932=CARTESIAN_POINT('',(-2.359807621135E1,1.05E1,1.5E0));
#13933=DIRECTION('',(-5.E-1,0.E0,8.660254037844E-1));
#13934=DIRECTION('',(8.660254037844E-1,0.E0,5.E-1));
#13935=AXIS2_PLACEMENT_3D('',#13932,#13933,#13934);
#13936=PLANE('',#13935);
#13937=ORIENTED_EDGE('',*,*,#10310,.F.);
#13938=ORIENTED_EDGE('',*,*,#13875,.T.);
#13939=ORIENTED_EDGE('',*,*,#11541,.T.);
#13940=ORIENTED_EDGE('',*,*,#13925,.F.);
#13941=EDGE_LOOP('',(#13937,#13938,#13939,#13940));
#13942=FACE_OUTER_BOUND('',#13941,.F.);
#13944=CARTESIAN_POINT('',(-2.009807621135E1,1.05E1,4.562177826491E0));
#13945=DIRECTION('',(-1.E0,0.E0,0.E0));
#13946=DIRECTION('',(0.E0,0.E0,1.E0));
#13947=AXIS2_PLACEMENT_3D('',#13944,#13945,#13946);
#13948=PLANE('',#13947);
#13949=ORIENTED_EDGE('',*,*,#10322,.F.);
#13951=ORIENTED_EDGE('',*,*,#13950,.T.);
#13952=ORIENTED_EDGE('',*,*,#11545,.T.);
#13954=ORIENTED_EDGE('',*,*,#13953,.F.);
#13955=EDGE_LOOP('',(#13949,#13951,#13952,#13954));
#13956=FACE_OUTER_BOUND('',#13955,.F.);
#13958=CARTESIAN_POINT('',(-1.75E1,1.05E1,3.062177826491E0));
#13959=DIRECTION('',(-5.E-1,0.E0,-8.660254037844E-1));
#13960=DIRECTION('',(-8.660254037844E-1,0.E0,5.E-1));
#13961=AXIS2_PLACEMENT_3D('',#13958,#13959,#13960);
#13962=PLANE('',#13961);
#13963=ORIENTED_EDGE('',*,*,#10332,.F.);
#13965=ORIENTED_EDGE('',*,*,#13964,.T.);
#13966=ORIENTED_EDGE('',*,*,#11547,.T.);
#13967=ORIENTED_EDGE('',*,*,#13950,.F.);
#13968=EDGE_LOOP('',(#13963,#13965,#13966,#13967));
#13969=FACE_OUTER_BOUND('',#13968,.F.);
#13971=CARTESIAN_POINT('',(-1.490192378865E1,1.05E1,4.562177826491E0));
#13972=DIRECTION('',(5.E-1,0.E0,-8.660254037844E-1));
#13973=DIRECTION('',(-8.660254037844E-1,0.E0,-5.E-1));
#13974=AXIS2_PLACEMENT_3D('',#13971,#13972,#13973);
#13975=PLANE('',#13974);
#13976=ORIENTED_EDGE('',*,*,#10330,.F.);
#13978=ORIENTED_EDGE('',*,*,#13977,.T.);
#13979=ORIENTED_EDGE('',*,*,#11549,.T.);
#13980=ORIENTED_EDGE('',*,*,#13964,.F.);
#13981=EDGE_LOOP('',(#13976,#13978,#13979,#13980));
#13982=FACE_OUTER_BOUND('',#13981,.F.);
#13984=CARTESIAN_POINT('',(-1.490192378865E1,1.05E1,7.562177826491E0));
#13985=DIRECTION('',(1.E0,0.E0,0.E0));
#13986=DIRECTION('',(0.E0,0.E0,-1.E0));
#13987=AXIS2_PLACEMENT_3D('',#13984,#13985,#13986);
#13988=PLANE('',#13987);
#13989=ORIENTED_EDGE('',*,*,#10328,.F.);
#13991=ORIENTED_EDGE('',*,*,#13990,.T.);
#13992=ORIENTED_EDGE('',*,*,#11551,.T.);
#13993=ORIENTED_EDGE('',*,*,#13977,.F.);
#13994=EDGE_LOOP('',(#13989,#13991,#13992,#13993));
#13995=FACE_OUTER_BOUND('',#13994,.F.);
#13997=CARTESIAN_POINT('',(-1.75E1,1.05E1,9.062177826491E0));
#13998=DIRECTION('',(5.E-1,0.E0,8.660254037844E-1));
#13999=DIRECTION('',(8.660254037844E-1,0.E0,-5.E-1));
#14000=AXIS2_PLACEMENT_3D('',#13997,#13998,#13999);
#14001=PLANE('',#14000);
#14002=ORIENTED_EDGE('',*,*,#10326,.F.);
#14004=ORIENTED_EDGE('',*,*,#14003,.T.);
#14005=ORIENTED_EDGE('',*,*,#11553,.T.);
#14006=ORIENTED_EDGE('',*,*,#13990,.F.);
#14007=EDGE_LOOP('',(#14002,#14004,#14005,#14006));
#14008=FACE_OUTER_BOUND('',#14007,.F.);
#14010=CARTESIAN_POINT('',(-2.009807621135E1,1.05E1,7.562177826491E0));
#14011=DIRECTION('',(-5.E-1,0.E0,8.660254037844E-1));
#14012=DIRECTION('',(8.660254037844E-1,0.E0,5.E-1));
#14013=AXIS2_PLACEMENT_3D('',#14010,#14011,#14012);
#14014=PLANE('',#14013);
#14015=ORIENTED_EDGE('',*,*,#10324,.F.);
#14016=ORIENTED_EDGE('',*,*,#13953,.T.);
#14017=ORIENTED_EDGE('',*,*,#11555,.T.);
#14018=ORIENTED_EDGE('',*,*,#14003,.F.);
#14019=EDGE_LOOP('',(#14015,#14016,#14017,#14018));
#14020=FACE_OUTER_BOUND('',#14019,.F.);
#14022=CARTESIAN_POINT('',(-1.659807621135E1,1.05E1,1.062435565298E1));
#14023=DIRECTION('',(-1.E0,0.E0,0.E0));
#14024=DIRECTION('',(0.E0,0.E0,1.E0));
#14025=AXIS2_PLACEMENT_3D('',#14022,#14023,#14024);
#14026=PLANE('',#14025);
#14027=ORIENTED_EDGE('',*,*,#10336,.F.);
#14029=ORIENTED_EDGE('',*,*,#14028,.T.);
#14030=ORIENTED_EDGE('',*,*,#11559,.T.);
#14032=ORIENTED_EDGE('',*,*,#14031,.F.);
#14033=EDGE_LOOP('',(#14027,#14029,#14030,#14032));
#14034=FACE_OUTER_BOUND('',#14033,.F.);
#14036=CARTESIAN_POINT('',(-1.4E1,1.05E1,9.124355652982E0));
#14037=DIRECTION('',(-5.E-1,0.E0,-8.660254037844E-1));
#14038=DIRECTION('',(-8.660254037844E-1,0.E0,5.E-1));
#14039=AXIS2_PLACEMENT_3D('',#14036,#14037,#14038);
#14040=PLANE('',#14039);
#14041=ORIENTED_EDGE('',*,*,#10346,.F.);
#14043=ORIENTED_EDGE('',*,*,#14042,.T.);
#14044=ORIENTED_EDGE('',*,*,#11561,.T.);
#14045=ORIENTED_EDGE('',*,*,#14028,.F.);
#14046=EDGE_LOOP('',(#14041,#14043,#14044,#14045));
#14047=FACE_OUTER_BOUND('',#14046,.F.);
#14049=CARTESIAN_POINT('',(-1.140192378865E1,1.05E1,1.062435565298E1));
#14050=DIRECTION('',(5.E-1,0.E0,-8.660254037844E-1));
#14051=DIRECTION('',(-8.660254037844E-1,0.E0,-5.E-1));
#14052=AXIS2_PLACEMENT_3D('',#14049,#14050,#14051);
#14053=PLANE('',#14052);
#14054=ORIENTED_EDGE('',*,*,#10344,.F.);
#14056=ORIENTED_EDGE('',*,*,#14055,.T.);
#14057=ORIENTED_EDGE('',*,*,#11563,.T.);
#14058=ORIENTED_EDGE('',*,*,#14042,.F.);
#14059=EDGE_LOOP('',(#14054,#14056,#14057,#14058));
#14060=FACE_OUTER_BOUND('',#14059,.F.);
#14062=CARTESIAN_POINT('',(-1.140192378865E1,1.05E1,1.362435565298E1));
#14063=DIRECTION('',(1.E0,0.E0,0.E0));
#14064=DIRECTION('',(0.E0,0.E0,-1.E0));
#14065=AXIS2_PLACEMENT_3D('',#14062,#14063,#14064);
#14066=PLANE('',#14065);
#14067=ORIENTED_EDGE('',*,*,#10342,.F.);
#14069=ORIENTED_EDGE('',*,*,#14068,.T.);
#14070=ORIENTED_EDGE('',*,*,#11565,.T.);
#14071=ORIENTED_EDGE('',*,*,#14055,.F.);
#14072=EDGE_LOOP('',(#14067,#14069,#14070,#14071));
#14073=FACE_OUTER_BOUND('',#14072,.F.);
#14075=CARTESIAN_POINT('',(-1.4E1,1.05E1,1.512435565298E1));
#14076=DIRECTION('',(5.E-1,0.E0,8.660254037844E-1));
#14077=DIRECTION('',(8.660254037844E-1,0.E0,-5.E-1));
#14078=AXIS2_PLACEMENT_3D('',#14075,#14076,#14077);
#14079=PLANE('',#14078);
#14080=ORIENTED_EDGE('',*,*,#10340,.F.);
#14082=ORIENTED_EDGE('',*,*,#14081,.T.);
#14083=ORIENTED_EDGE('',*,*,#11567,.T.);
#14084=ORIENTED_EDGE('',*,*,#14068,.F.);
#14085=EDGE_LOOP('',(#14080,#14082,#14083,#14084));
#14086=FACE_OUTER_BOUND('',#14085,.F.);
#14088=CARTESIAN_POINT('',(-1.659807621135E1,1.05E1,1.362435565298E1));
#14089=DIRECTION('',(-5.E-1,0.E0,8.660254037844E-1));
#14090=DIRECTION('',(8.660254037844E-1,0.E0,5.E-1));
#14091=AXIS2_PLACEMENT_3D('',#14088,#14089,#14090);
#14092=PLANE('',#14091);
#14093=ORIENTED_EDGE('',*,*,#10338,.F.);
#14094=ORIENTED_EDGE('',*,*,#14031,.T.);
#14095=ORIENTED_EDGE('',*,*,#11569,.T.);
#14096=ORIENTED_EDGE('',*,*,#14081,.F.);
#14097=EDGE_LOOP('',(#14093,#14094,#14095,#14096));
#14098=FACE_OUTER_BOUND('',#14097,.F.);
#14100=CARTESIAN_POINT('',(-1.309807621135E1,1.05E1,1.668653347947E1));
#14101=DIRECTION('',(-1.E0,0.E0,0.E0));
#14102=DIRECTION('',(0.E0,0.E0,1.E0));
#14103=AXIS2_PLACEMENT_3D('',#14100,#14101,#14102);
#14104=PLANE('',#14103);
#14105=ORIENTED_EDGE('',*,*,#10350,.F.);
#14107=ORIENTED_EDGE('',*,*,#14106,.T.);
#14108=ORIENTED_EDGE('',*,*,#11573,.T.);
#14110=ORIENTED_EDGE('',*,*,#14109,.F.);
#14111=EDGE_LOOP('',(#14105,#14107,#14108,#14110));
#14112=FACE_OUTER_BOUND('',#14111,.F.);
#14114=CARTESIAN_POINT('',(-1.05E1,1.05E1,1.518653347947E1));
#14115=DIRECTION('',(-5.E-1,0.E0,-8.660254037844E-1));
#14116=DIRECTION('',(-8.660254037844E-1,0.E0,5.E-1));
#14117=AXIS2_PLACEMENT_3D('',#14114,#14115,#14116);
#14118=PLANE('',#14117);
#14119=ORIENTED_EDGE('',*,*,#10360,.F.);
#14121=ORIENTED_EDGE('',*,*,#14120,.T.);
#14122=ORIENTED_EDGE('',*,*,#11575,.T.);
#14123=ORIENTED_EDGE('',*,*,#14106,.F.);
#14124=EDGE_LOOP('',(#14119,#14121,#14122,#14123));
#14125=FACE_OUTER_BOUND('',#14124,.F.);
#14127=CARTESIAN_POINT('',(-7.901923788647E0,1.05E1,1.668653347947E1));
#14128=DIRECTION('',(5.E-1,0.E0,-8.660254037844E-1));
#14129=DIRECTION('',(-8.660254037844E-1,0.E0,-5.E-1));
#14130=AXIS2_PLACEMENT_3D('',#14127,#14128,#14129);
#14131=PLANE('',#14130);
#14132=ORIENTED_EDGE('',*,*,#10358,.F.);
#14134=ORIENTED_EDGE('',*,*,#14133,.T.);
#14135=ORIENTED_EDGE('',*,*,#11577,.T.);
#14136=ORIENTED_EDGE('',*,*,#14120,.F.);
#14137=EDGE_LOOP('',(#14132,#14134,#14135,#14136));
#14138=FACE_OUTER_BOUND('',#14137,.F.);
#14140=CARTESIAN_POINT('',(-7.901923788647E0,1.05E1,1.968653347947E1));
#14141=DIRECTION('',(1.E0,0.E0,0.E0));
#14142=DIRECTION('',(0.E0,0.E0,-1.E0));
#14143=AXIS2_PLACEMENT_3D('',#14140,#14141,#14142);
#14144=PLANE('',#14143);
#14145=ORIENTED_EDGE('',*,*,#10356,.F.);
#14147=ORIENTED_EDGE('',*,*,#14146,.T.);
#14148=ORIENTED_EDGE('',*,*,#11579,.T.);
#14149=ORIENTED_EDGE('',*,*,#14133,.F.);
#14150=EDGE_LOOP('',(#14145,#14147,#14148,#14149));
#14151=FACE_OUTER_BOUND('',#14150,.F.);
#14153=CARTESIAN_POINT('',(-1.05E1,1.05E1,2.118653347947E1));
#14154=DIRECTION('',(5.E-1,0.E0,8.660254037844E-1));
#14155=DIRECTION('',(8.660254037844E-1,0.E0,-5.E-1));
#14156=AXIS2_PLACEMENT_3D('',#14153,#14154,#14155);
#14157=PLANE('',#14156);
#14158=ORIENTED_EDGE('',*,*,#10354,.F.);
#14160=ORIENTED_EDGE('',*,*,#14159,.T.);
#14161=ORIENTED_EDGE('',*,*,#11581,.T.);
#14162=ORIENTED_EDGE('',*,*,#14146,.F.);
#14163=EDGE_LOOP('',(#14158,#14160,#14161,#14162));
#14164=FACE_OUTER_BOUND('',#14163,.F.);
#14166=CARTESIAN_POINT('',(-1.309807621135E1,1.05E1,1.968653347947E1));
#14167=DIRECTION('',(-5.E-1,0.E0,8.660254037844E-1));
#14168=DIRECTION('',(8.660254037844E-1,0.E0,5.E-1));
#14169=AXIS2_PLACEMENT_3D('',#14166,#14167,#14168);
#14170=PLANE('',#14169);
#14171=ORIENTED_EDGE('',*,*,#10352,.F.);
#14172=ORIENTED_EDGE('',*,*,#14109,.T.);
#14173=ORIENTED_EDGE('',*,*,#11583,.T.);
#14174=ORIENTED_EDGE('',*,*,#14159,.F.);
#14175=EDGE_LOOP('',(#14171,#14172,#14173,#14174));
#14176=FACE_OUTER_BOUND('',#14175,.F.);
#14178=CARTESIAN_POINT('',(-6.098076211353E0,1.05E1,1.668653347947E1));
#14179=DIRECTION('',(-1.E0,0.E0,0.E0));
#14180=DIRECTION('',(0.E0,0.E0,1.E0));
#14181=AXIS2_PLACEMENT_3D('',#14178,#14179,#14180);
#14182=PLANE('',#14181);
#14183=ORIENTED_EDGE('',*,*,#10364,.F.);
#14185=ORIENTED_EDGE('',*,*,#14184,.T.);
#14186=ORIENTED_EDGE('',*,*,#11587,.T.);
#14188=ORIENTED_EDGE('',*,*,#14187,.F.);
#14189=EDGE_LOOP('',(#14183,#14185,#14186,#14188));
#14190=FACE_OUTER_BOUND('',#14189,.F.);
#14192=CARTESIAN_POINT('',(-3.5E0,1.05E1,1.518653347947E1));
#14193=DIRECTION('',(-5.E-1,0.E0,-8.660254037844E-1));
#14194=DIRECTION('',(-8.660254037844E-1,0.E0,5.E-1));
#14195=AXIS2_PLACEMENT_3D('',#14192,#14193,#14194);
#14196=PLANE('',#14195);
#14197=ORIENTED_EDGE('',*,*,#10374,.F.);
#14199=ORIENTED_EDGE('',*,*,#14198,.T.);
#14200=ORIENTED_EDGE('',*,*,#11589,.T.);
#14201=ORIENTED_EDGE('',*,*,#14184,.F.);
#14202=EDGE_LOOP('',(#14197,#14199,#14200,#14201));
#14203=FACE_OUTER_BOUND('',#14202,.F.);
#14205=CARTESIAN_POINT('',(-9.019237886467E-1,1.05E1,1.668653347947E1));
#14206=DIRECTION('',(5.E-1,0.E0,-8.660254037844E-1));
#14207=DIRECTION('',(-8.660254037844E-1,0.E0,-5.E-1));
#14208=AXIS2_PLACEMENT_3D('',#14205,#14206,#14207);
#14209=PLANE('',#14208);
#14210=ORIENTED_EDGE('',*,*,#10372,.F.);
#14212=ORIENTED_EDGE('',*,*,#14211,.T.);
#14213=ORIENTED_EDGE('',*,*,#11591,.T.);
#14214=ORIENTED_EDGE('',*,*,#14198,.F.);
#14215=EDGE_LOOP('',(#14210,#14212,#14213,#14214));
#14216=FACE_OUTER_BOUND('',#14215,.F.);
#14218=CARTESIAN_POINT('',(-9.019237886467E-1,1.05E1,1.968653347947E1));
#14219=DIRECTION('',(1.E0,0.E0,0.E0));
#14220=DIRECTION('',(0.E0,0.E0,-1.E0));
#14221=AXIS2_PLACEMENT_3D('',#14218,#14219,#14220);
#14222=PLANE('',#14221);
#14223=ORIENTED_EDGE('',*,*,#10370,.F.);
#14225=ORIENTED_EDGE('',*,*,#14224,.T.);
#14226=ORIENTED_EDGE('',*,*,#11593,.T.);
#14227=ORIENTED_EDGE('',*,*,#14211,.F.);
#14228=EDGE_LOOP('',(#14223,#14225,#14226,#14227));
#14229=FACE_OUTER_BOUND('',#14228,.F.);
#14231=CARTESIAN_POINT('',(-3.5E0,1.05E1,2.118653347947E1));
#14232=DIRECTION('',(5.E-1,0.E0,8.660254037844E-1));
#14233=DIRECTION('',(8.660254037844E-1,0.E0,-5.E-1));
#14234=AXIS2_PLACEMENT_3D('',#14231,#14232,#14233);
#14235=PLANE('',#14234);
#14236=ORIENTED_EDGE('',*,*,#10368,.F.);
#14238=ORIENTED_EDGE('',*,*,#14237,.T.);
#14239=ORIENTED_EDGE('',*,*,#11595,.T.);
#14240=ORIENTED_EDGE('',*,*,#14224,.F.);
#14241=EDGE_LOOP('',(#14236,#14238,#14239,#14240));
#14242=FACE_OUTER_BOUND('',#14241,.F.);
#14244=CARTESIAN_POINT('',(-6.098076211353E0,1.05E1,1.968653347947E1));
#14245=DIRECTION('',(-5.E-1,0.E0,8.660254037844E-1));
#14246=DIRECTION('',(8.660254037844E-1,0.E0,5.E-1));
#14247=AXIS2_PLACEMENT_3D('',#14244,#14245,#14246);
#14248=PLANE('',#14247);
#14249=ORIENTED_EDGE('',*,*,#10366,.F.);
#14250=ORIENTED_EDGE('',*,*,#14187,.T.);
#14251=ORIENTED_EDGE('',*,*,#11597,.T.);
#14252=ORIENTED_EDGE('',*,*,#14237,.F.);
#14253=EDGE_LOOP('',(#14249,#14250,#14251,#14252));
#14254=FACE_OUTER_BOUND('',#14253,.F.);
#14256=CARTESIAN_POINT('',(9.019237886467E-1,1.05E1,1.668653347947E1));
#14257=DIRECTION('',(-1.E0,0.E0,0.E0));
#14258=DIRECTION('',(0.E0,0.E0,1.E0));
#14259=AXIS2_PLACEMENT_3D('',#14256,#14257,#14258);
#14260=PLANE('',#14259);
#14261=ORIENTED_EDGE('',*,*,#10378,.F.);
#14263=ORIENTED_EDGE('',*,*,#14262,.T.);
#14264=ORIENTED_EDGE('',*,*,#11601,.T.);
#14266=ORIENTED_EDGE('',*,*,#14265,.F.);
#14267=EDGE_LOOP('',(#14261,#14263,#14264,#14266));
#14268=FACE_OUTER_BOUND('',#14267,.F.);
#14270=CARTESIAN_POINT('',(3.5E0,1.05E1,1.518653347947E1));
#14271=DIRECTION('',(-5.E-1,0.E0,-8.660254037844E-1));
#14272=DIRECTION('',(-8.660254037844E-1,0.E0,5.E-1));
#14273=AXIS2_PLACEMENT_3D('',#14270,#14271,#14272);
#14274=PLANE('',#14273);
#14275=ORIENTED_EDGE('',*,*,#10388,.F.);
#14277=ORIENTED_EDGE('',*,*,#14276,.T.);
#14278=ORIENTED_EDGE('',*,*,#11603,.T.);
#14279=ORIENTED_EDGE('',*,*,#14262,.F.);
#14280=EDGE_LOOP('',(#14275,#14277,#14278,#14279));
#14281=FACE_OUTER_BOUND('',#14280,.F.);
#14283=CARTESIAN_POINT('',(6.098076211353E0,1.05E1,1.668653347947E1));
#14284=DIRECTION('',(5.E-1,0.E0,-8.660254037844E-1));
#14285=DIRECTION('',(-8.660254037844E-1,0.E0,-5.E-1));
#14286=AXIS2_PLACEMENT_3D('',#14283,#14284,#14285);
#14287=PLANE('',#14286);
#14288=ORIENTED_EDGE('',*,*,#10386,.F.);
#14290=ORIENTED_EDGE('',*,*,#14289,.T.);
#14291=ORIENTED_EDGE('',*,*,#11605,.T.);
#14292=ORIENTED_EDGE('',*,*,#14276,.F.);
#14293=EDGE_LOOP('',(#14288,#14290,#14291,#14292));
#14294=FACE_OUTER_BOUND('',#14293,.F.);
#14296=CARTESIAN_POINT('',(6.098076211353E0,1.05E1,1.968653347947E1));
#14297=DIRECTION('',(1.E0,0.E0,0.E0));
#14298=DIRECTION('',(0.E0,0.E0,-1.E0));
#14299=AXIS2_PLACEMENT_3D('',#14296,#14297,#14298);
#14300=PLANE('',#14299);
#14301=ORIENTED_EDGE('',*,*,#10384,.F.);
#14303=ORIENTED_EDGE('',*,*,#14302,.T.);
#14304=ORIENTED_EDGE('',*,*,#11607,.T.);
#14305=ORIENTED_EDGE('',*,*,#14289,.F.);
#14306=EDGE_LOOP('',(#14301,#14303,#14304,#14305));
#14307=FACE_OUTER_BOUND('',#14306,.F.);
#14309=CARTESIAN_POINT('',(3.5E0,1.05E1,2.118653347947E1));
#14310=DIRECTION('',(5.E-1,0.E0,8.660254037844E-1));
#14311=DIRECTION('',(8.660254037844E-1,0.E0,-5.E-1));
#14312=AXIS2_PLACEMENT_3D('',#14309,#14310,#14311);
#14313=PLANE('',#14312);
#14314=ORIENTED_EDGE('',*,*,#10382,.F.);
#14316=ORIENTED_EDGE('',*,*,#14315,.T.);
#14317=ORIENTED_EDGE('',*,*,#11609,.T.);
#14318=ORIENTED_EDGE('',*,*,#14302,.F.);
#14319=EDGE_LOOP('',(#14314,#14316,#14317,#14318));
#14320=FACE_OUTER_BOUND('',#14319,.F.);
#14322=CARTESIAN_POINT('',(9.019237886467E-1,1.05E1,1.968653347947E1));
#14323=DIRECTION('',(-5.E-1,0.E0,8.660254037844E-1));
#14324=DIRECTION('',(8.660254037844E-1,0.E0,5.E-1));
#14325=AXIS2_PLACEMENT_3D('',#14322,#14323,#14324);
#14326=PLANE('',#14325);
#14327=ORIENTED_EDGE('',*,*,#10380,.F.);
#14328=ORIENTED_EDGE('',*,*,#14265,.T.);
#14329=ORIENTED_EDGE('',*,*,#11611,.T.);
#14330=ORIENTED_EDGE('',*,*,#14315,.F.);
#14331=EDGE_LOOP('',(#14327,#14328,#14329,#14330));
#14332=FACE_OUTER_BOUND('',#14331,.F.);
#14334=CARTESIAN_POINT('',(7.901923788647E0,1.05E1,1.668653347947E1));
#14335=DIRECTION('',(-1.E0,0.E0,0.E0));
#14336=DIRECTION('',(0.E0,0.E0,1.E0));
#14337=AXIS2_PLACEMENT_3D('',#14334,#14335,#14336);
#14338=PLANE('',#14337);
#14339=ORIENTED_EDGE('',*,*,#10392,.F.);
#14341=ORIENTED_EDGE('',*,*,#14340,.T.);
#14342=ORIENTED_EDGE('',*,*,#11615,.T.);
#14344=ORIENTED_EDGE('',*,*,#14343,.F.);
#14345=EDGE_LOOP('',(#14339,#14341,#14342,#14344));
#14346=FACE_OUTER_BOUND('',#14345,.F.);
#14348=CARTESIAN_POINT('',(1.05E1,1.05E1,1.518653347947E1));
#14349=DIRECTION('',(-5.E-1,0.E0,-8.660254037844E-1));
#14350=DIRECTION('',(-8.660254037844E-1,0.E0,5.E-1));
#14351=AXIS2_PLACEMENT_3D('',#14348,#14349,#14350);
#14352=PLANE('',#14351);
#14353=ORIENTED_EDGE('',*,*,#10402,.F.);
#14355=ORIENTED_EDGE('',*,*,#14354,.T.);
#14356=ORIENTED_EDGE('',*,*,#11617,.T.);
#14357=ORIENTED_EDGE('',*,*,#14340,.F.);
#14358=EDGE_LOOP('',(#14353,#14355,#14356,#14357));
#14359=FACE_OUTER_BOUND('',#14358,.F.);
#14361=CARTESIAN_POINT('',(1.309807621135E1,1.05E1,1.668653347947E1));
#14362=DIRECTION('',(5.E-1,0.E0,-8.660254037844E-1));
#14363=DIRECTION('',(-8.660254037844E-1,0.E0,-5.E-1));
#14364=AXIS2_PLACEMENT_3D('',#14361,#14362,#14363);
#14365=PLANE('',#14364);
#14366=ORIENTED_EDGE('',*,*,#10400,.F.);
#14368=ORIENTED_EDGE('',*,*,#14367,.T.);
#14369=ORIENTED_EDGE('',*,*,#11619,.T.);
#14370=ORIENTED_EDGE('',*,*,#14354,.F.);
#14371=EDGE_LOOP('',(#14366,#14368,#14369,#14370));
#14372=FACE_OUTER_BOUND('',#14371,.F.);
#14374=CARTESIAN_POINT('',(1.309807621135E1,1.05E1,1.968653347947E1));
#14375=DIRECTION('',(1.E0,0.E0,0.E0));
#14376=DIRECTION('',(0.E0,0.E0,-1.E0));
#14377=AXIS2_PLACEMENT_3D('',#14374,#14375,#14376);
#14378=PLANE('',#14377);
#14379=ORIENTED_EDGE('',*,*,#10398,.F.);
#14381=ORIENTED_EDGE('',*,*,#14380,.T.);
#14382=ORIENTED_EDGE('',*,*,#11621,.T.);
#14383=ORIENTED_EDGE('',*,*,#14367,.F.);
#14384=EDGE_LOOP('',(#14379,#14381,#14382,#14383));
#14385=FACE_OUTER_BOUND('',#14384,.F.);
#14387=CARTESIAN_POINT('',(1.05E1,1.05E1,2.118653347947E1));
#14388=DIRECTION('',(5.E-1,0.E0,8.660254037844E-1));
#14389=DIRECTION('',(8.660254037844E-1,0.E0,-5.E-1));
#14390=AXIS2_PLACEMENT_3D('',#14387,#14388,#14389);
#14391=PLANE('',#14390);
#14392=ORIENTED_EDGE('',*,*,#10396,.F.);
#14394=ORIENTED_EDGE('',*,*,#14393,.T.);
#14395=ORIENTED_EDGE('',*,*,#11623,.T.);
#14396=ORIENTED_EDGE('',*,*,#14380,.F.);
#14397=EDGE_LOOP('',(#14392,#14394,#14395,#14396));
#14398=FACE_OUTER_BOUND('',#14397,.F.);
#14400=CARTESIAN_POINT('',(7.901923788647E0,1.05E1,1.968653347947E1));
#14401=DIRECTION('',(-5.E-1,0.E0,8.660254037844E-1));
#14402=DIRECTION('',(8.660254037844E-1,0.E0,5.E-1));
#14403=AXIS2_PLACEMENT_3D('',#14400,#14401,#14402);
#14404=PLANE('',#14403);
#14405=ORIENTED_EDGE('',*,*,#10394,.F.);
#14406=ORIENTED_EDGE('',*,*,#14343,.T.);
#14407=ORIENTED_EDGE('',*,*,#11625,.T.);
#14408=ORIENTED_EDGE('',*,*,#14393,.F.);
#14409=EDGE_LOOP('',(#14405,#14406,#14407,#14408));
#14410=FACE_OUTER_BOUND('',#14409,.F.);
#14412=CARTESIAN_POINT('',(-2.009807621135E1,1.05E1,-1.968653347947E1));
#14413=DIRECTION('',(-1.E0,0.E0,0.E0));
#14414=DIRECTION('',(0.E0,0.E0,1.E0));
#14415=AXIS2_PLACEMENT_3D('',#14412,#14413,#14414);
#14416=PLANE('',#14415);
#14417=ORIENTED_EDGE('',*,*,#10462,.F.);
#14419=ORIENTED_EDGE('',*,*,#14418,.T.);
#14420=ORIENTED_EDGE('',*,*,#11629,.T.);
#14422=ORIENTED_EDGE('',*,*,#14421,.F.);
#14423=EDGE_LOOP('',(#14417,#14419,#14420,#14422));
#14424=FACE_OUTER_BOUND('',#14423,.F.);
#14426=CARTESIAN_POINT('',(-1.75E1,1.05E1,-2.118653347947E1));
#14427=DIRECTION('',(-5.E-1,0.E0,-8.660254037844E-1));
#14428=DIRECTION('',(-8.660254037844E-1,0.E0,5.E-1));
#14429=AXIS2_PLACEMENT_3D('',#14426,#14427,#14428);
#14430=PLANE('',#14429);
#14431=ORIENTED_EDGE('',*,*,#10472,.F.);
#14433=ORIENTED_EDGE('',*,*,#14432,.T.);
#14434=ORIENTED_EDGE('',*,*,#11631,.T.);
#14435=ORIENTED_EDGE('',*,*,#14418,.F.);
#14436=EDGE_LOOP('',(#14431,#14433,#14434,#14435));
#14437=FACE_OUTER_BOUND('',#14436,.F.);
#14439=CARTESIAN_POINT('',(-1.490192378865E1,1.05E1,-1.968653347947E1));
#14440=DIRECTION('',(5.E-1,0.E0,-8.660254037844E-1));
#14441=DIRECTION('',(-8.660254037844E-1,0.E0,-5.E-1));
#14442=AXIS2_PLACEMENT_3D('',#14439,#14440,#14441);
#14443=PLANE('',#14442);
#14444=ORIENTED_EDGE('',*,*,#10470,.F.);
#14446=ORIENTED_EDGE('',*,*,#14445,.T.);
#14447=ORIENTED_EDGE('',*,*,#11633,.T.);
#14448=ORIENTED_EDGE('',*,*,#14432,.F.);
#14449=EDGE_LOOP('',(#14444,#14446,#14447,#14448));
#14450=FACE_OUTER_BOUND('',#14449,.F.);
#14452=CARTESIAN_POINT('',(-1.490192378865E1,1.05E1,-1.668653347947E1));
#14453=DIRECTION('',(1.E0,0.E0,0.E0));
#14454=DIRECTION('',(0.E0,0.E0,-1.E0));
#14455=AXIS2_PLACEMENT_3D('',#14452,#14453,#14454);
#14456=PLANE('',#14455);
#14457=ORIENTED_EDGE('',*,*,#10468,.F.);
#14459=ORIENTED_EDGE('',*,*,#14458,.T.);
#14460=ORIENTED_EDGE('',*,*,#11635,.T.);
#14461=ORIENTED_EDGE('',*,*,#14445,.F.);
#14462=EDGE_LOOP('',(#14457,#14459,#14460,#14461));
#14463=FACE_OUTER_BOUND('',#14462,.F.);
#14465=CARTESIAN_POINT('',(-1.75E1,1.05E1,-1.518653347947E1));
#14466=DIRECTION('',(5.E-1,0.E0,8.660254037844E-1));
#14467=DIRECTION('',(8.660254037844E-1,0.E0,-5.E-1));
#14468=AXIS2_PLACEMENT_3D('',#14465,#14466,#14467);
#14469=PLANE('',#14468);
#14470=ORIENTED_EDGE('',*,*,#10466,.F.);
#14472=ORIENTED_EDGE('',*,*,#14471,.T.);
#14473=ORIENTED_EDGE('',*,*,#11637,.T.);
#14474=ORIENTED_EDGE('',*,*,#14458,.F.);
#14475=EDGE_LOOP('',(#14470,#14472,#14473,#14474));
#14476=FACE_OUTER_BOUND('',#14475,.F.);
#14478=CARTESIAN_POINT('',(-2.009807621135E1,1.05E1,-1.668653347947E1));
#14479=DIRECTION('',(-5.E-1,0.E0,8.660254037844E-1));
#14480=DIRECTION('',(8.660254037844E-1,0.E0,5.E-1));
#14481=AXIS2_PLACEMENT_3D('',#14478,#14479,#14480);
#14482=PLANE('',#14481);
#14483=ORIENTED_EDGE('',*,*,#10464,.F.);
#14484=ORIENTED_EDGE('',*,*,#14421,.T.);
#14485=ORIENTED_EDGE('',*,*,#11639,.T.);
#14486=ORIENTED_EDGE('',*,*,#14471,.F.);
#14487=EDGE_LOOP('',(#14483,#14484,#14485,#14486));
#14488=FACE_OUTER_BOUND('',#14487,.F.);
#14490=CARTESIAN_POINT('',(-2.359807621135E1,1.05E1,-1.362435565298E1));
#14491=DIRECTION('',(-1.E0,0.E0,0.E0));
#14492=DIRECTION('',(0.E0,0.E0,1.E0));
#14493=AXIS2_PLACEMENT_3D('',#14490,#14491,#14492);
#14494=PLANE('',#14493);
#14495=ORIENTED_EDGE('',*,*,#10476,.F.);
#14497=ORIENTED_EDGE('',*,*,#14496,.T.);
#14498=ORIENTED_EDGE('',*,*,#11643,.T.);
#14500=ORIENTED_EDGE('',*,*,#14499,.F.);
#14501=EDGE_LOOP('',(#14495,#14497,#14498,#14500));
#14502=FACE_OUTER_BOUND('',#14501,.F.);
#14504=CARTESIAN_POINT('',(-2.1E1,1.05E1,-1.512435565298E1));
#14505=DIRECTION('',(-5.E-1,0.E0,-8.660254037844E-1));
#14506=DIRECTION('',(-8.660254037844E-1,0.E0,5.E-1));
#14507=AXIS2_PLACEMENT_3D('',#14504,#14505,#14506);
#14508=PLANE('',#14507);
#14509=ORIENTED_EDGE('',*,*,#10486,.F.);
#14511=ORIENTED_EDGE('',*,*,#14510,.T.);
#14512=ORIENTED_EDGE('',*,*,#11645,.T.);
#14513=ORIENTED_EDGE('',*,*,#14496,.F.);
#14514=EDGE_LOOP('',(#14509,#14511,#14512,#14513));
#14515=FACE_OUTER_BOUND('',#14514,.F.);
#14517=CARTESIAN_POINT('',(-1.840192378865E1,1.05E1,-1.362435565298E1));
#14518=DIRECTION('',(5.E-1,0.E0,-8.660254037844E-1));
#14519=DIRECTION('',(-8.660254037844E-1,0.E0,-5.E-1));
#14520=AXIS2_PLACEMENT_3D('',#14517,#14518,#14519);
#14521=PLANE('',#14520);
#14522=ORIENTED_EDGE('',*,*,#10484,.F.);
#14524=ORIENTED_EDGE('',*,*,#14523,.T.);
#14525=ORIENTED_EDGE('',*,*,#11647,.T.);
#14526=ORIENTED_EDGE('',*,*,#14510,.F.);
#14527=EDGE_LOOP('',(#14522,#14524,#14525,#14526));
#14528=FACE_OUTER_BOUND('',#14527,.F.);
#14530=CARTESIAN_POINT('',(-1.840192378865E1,1.05E1,-1.062435565298E1));
#14531=DIRECTION('',(1.E0,0.E0,0.E0));
#14532=DIRECTION('',(0.E0,0.E0,-1.E0));
#14533=AXIS2_PLACEMENT_3D('',#14530,#14531,#14532);
#14534=PLANE('',#14533);
#14535=ORIENTED_EDGE('',*,*,#10482,.F.);
#14537=ORIENTED_EDGE('',*,*,#14536,.T.);
#14538=ORIENTED_EDGE('',*,*,#11649,.T.);
#14539=ORIENTED_EDGE('',*,*,#14523,.F.);
#14540=EDGE_LOOP('',(#14535,#14537,#14538,#14539));
#14541=FACE_OUTER_BOUND('',#14540,.F.);
#14543=CARTESIAN_POINT('',(-2.1E1,1.05E1,-9.124355652982E0));
#14544=DIRECTION('',(5.E-1,0.E0,8.660254037844E-1));
#14545=DIRECTION('',(8.660254037844E-1,0.E0,-5.E-1));
#14546=AXIS2_PLACEMENT_3D('',#14543,#14544,#14545);
#14547=PLANE('',#14546);
#14548=ORIENTED_EDGE('',*,*,#10480,.F.);
#14550=ORIENTED_EDGE('',*,*,#14549,.T.);
#14551=ORIENTED_EDGE('',*,*,#11651,.T.);
#14552=ORIENTED_EDGE('',*,*,#14536,.F.);
#14553=EDGE_LOOP('',(#14548,#14550,#14551,#14552));
#14554=FACE_OUTER_BOUND('',#14553,.F.);
#14556=CARTESIAN_POINT('',(-2.359807621135E1,1.05E1,-1.062435565298E1));
#14557=DIRECTION('',(-5.E-1,0.E0,8.660254037844E-1));
#14558=DIRECTION('',(8.660254037844E-1,0.E0,5.E-1));
#14559=AXIS2_PLACEMENT_3D('',#14556,#14557,#14558);
#14560=PLANE('',#14559);
#14561=ORIENTED_EDGE('',*,*,#10478,.F.);
#14562=ORIENTED_EDGE('',*,*,#14499,.T.);
#14563=ORIENTED_EDGE('',*,*,#11653,.T.);
#14564=ORIENTED_EDGE('',*,*,#14549,.F.);
#14565=EDGE_LOOP('',(#14561,#14562,#14563,#14564));
#14566=FACE_OUTER_BOUND('',#14565,.F.);
#14568=CARTESIAN_POINT('',(-2.709807621135E1,1.05E1,-7.562177826491E0));
#14569=DIRECTION('',(-1.E0,0.E0,0.E0));
#14570=DIRECTION('',(0.E0,0.E0,1.E0));
#14571=AXIS2_PLACEMENT_3D('',#14568,#14569,#14570);
#14572=PLANE('',#14571);
#14573=ORIENTED_EDGE('',*,*,#10490,.F.);
#14575=ORIENTED_EDGE('',*,*,#14574,.T.);
#14576=ORIENTED_EDGE('',*,*,#11657,.T.);
#14578=ORIENTED_EDGE('',*,*,#14577,.F.);
#14579=EDGE_LOOP('',(#14573,#14575,#14576,#14578));
#14580=FACE_OUTER_BOUND('',#14579,.F.);
#14582=CARTESIAN_POINT('',(-2.45E1,1.05E1,-9.062177826491E0));
#14583=DIRECTION('',(-5.E-1,0.E0,-8.660254037844E-1));
#14584=DIRECTION('',(-8.660254037844E-1,0.E0,5.E-1));
#14585=AXIS2_PLACEMENT_3D('',#14582,#14583,#14584);
#14586=PLANE('',#14585);
#14587=ORIENTED_EDGE('',*,*,#10500,.F.);
#14589=ORIENTED_EDGE('',*,*,#14588,.T.);
#14590=ORIENTED_EDGE('',*,*,#11659,.T.);
#14591=ORIENTED_EDGE('',*,*,#14574,.F.);
#14592=EDGE_LOOP('',(#14587,#14589,#14590,#14591));
#14593=FACE_OUTER_BOUND('',#14592,.F.);
#14595=CARTESIAN_POINT('',(-2.190192378865E1,1.05E1,-7.562177826491E0));
#14596=DIRECTION('',(5.E-1,0.E0,-8.660254037844E-1));
#14597=DIRECTION('',(-8.660254037844E-1,0.E0,-5.E-1));
#14598=AXIS2_PLACEMENT_3D('',#14595,#14596,#14597);
#14599=PLANE('',#14598);
#14600=ORIENTED_EDGE('',*,*,#10498,.F.);
#14602=ORIENTED_EDGE('',*,*,#14601,.T.);
#14603=ORIENTED_EDGE('',*,*,#11661,.T.);
#14604=ORIENTED_EDGE('',*,*,#14588,.F.);
#14605=EDGE_LOOP('',(#14600,#14602,#14603,#14604));
#14606=FACE_OUTER_BOUND('',#14605,.F.);
#14608=CARTESIAN_POINT('',(-2.190192378865E1,1.05E1,-4.562177826491E0));
#14609=DIRECTION('',(1.E0,0.E0,0.E0));
#14610=DIRECTION('',(0.E0,0.E0,-1.E0));
#14611=AXIS2_PLACEMENT_3D('',#14608,#14609,#14610);
#14612=PLANE('',#14611);
#14613=ORIENTED_EDGE('',*,*,#10496,.F.);
#14615=ORIENTED_EDGE('',*,*,#14614,.T.);
#14616=ORIENTED_EDGE('',*,*,#11663,.T.);
#14617=ORIENTED_EDGE('',*,*,#14601,.F.);
#14618=EDGE_LOOP('',(#14613,#14615,#14616,#14617));
#14619=FACE_OUTER_BOUND('',#14618,.F.);
#14621=CARTESIAN_POINT('',(-2.45E1,1.05E1,-3.062177826491E0));
#14622=DIRECTION('',(5.E-1,0.E0,8.660254037844E-1));
#14623=DIRECTION('',(8.660254037844E-1,0.E0,-5.E-1));
#14624=AXIS2_PLACEMENT_3D('',#14621,#14622,#14623);
#14625=PLANE('',#14624);
#14626=ORIENTED_EDGE('',*,*,#10494,.F.);
#14628=ORIENTED_EDGE('',*,*,#14627,.T.);
#14629=ORIENTED_EDGE('',*,*,#11665,.T.);
#14630=ORIENTED_EDGE('',*,*,#14614,.F.);
#14631=EDGE_LOOP('',(#14626,#14628,#14629,#14630));
#14632=FACE_OUTER_BOUND('',#14631,.F.);
#14634=CARTESIAN_POINT('',(-2.709807621135E1,1.05E1,-4.562177826491E0));
#14635=DIRECTION('',(-5.E-1,0.E0,8.660254037844E-1));
#14636=DIRECTION('',(8.660254037844E-1,0.E0,5.E-1));
#14637=AXIS2_PLACEMENT_3D('',#14634,#14635,#14636);
#14638=PLANE('',#14637);
#14639=ORIENTED_EDGE('',*,*,#10492,.F.);
#14640=ORIENTED_EDGE('',*,*,#14577,.T.);
#14641=ORIENTED_EDGE('',*,*,#11667,.T.);
#14642=ORIENTED_EDGE('',*,*,#14627,.F.);
#14643=EDGE_LOOP('',(#14639,#14640,#14641,#14642));
#14644=FACE_OUTER_BOUND('',#14643,.F.);
#14646=CARTESIAN_POINT('',(-3.059807621135E1,1.05E1,-1.5E0));
#14647=DIRECTION('',(-1.E0,0.E0,0.E0));
#14648=DIRECTION('',(0.E0,0.E0,1.E0));
#14649=AXIS2_PLACEMENT_3D('',#14646,#14647,#14648);
#14650=PLANE('',#14649);
#14651=ORIENTED_EDGE('',*,*,#10504,.F.);
#14653=ORIENTED_EDGE('',*,*,#14652,.T.);
#14654=ORIENTED_EDGE('',*,*,#11671,.T.);
#14656=ORIENTED_EDGE('',*,*,#14655,.F.);
#14657=EDGE_LOOP('',(#14651,#14653,#14654,#14656));
#14658=FACE_OUTER_BOUND('',#14657,.F.);
#14660=CARTESIAN_POINT('',(-2.8E1,1.05E1,-3.E0));
#14661=DIRECTION('',(-5.E-1,0.E0,-8.660254037844E-1));
#14662=DIRECTION('',(-8.660254037844E-1,0.E0,5.E-1));
#14663=AXIS2_PLACEMENT_3D('',#14660,#14661,#14662);
#14664=PLANE('',#14663);
#14665=ORIENTED_EDGE('',*,*,#10514,.F.);
#14667=ORIENTED_EDGE('',*,*,#14666,.T.);
#14668=ORIENTED_EDGE('',*,*,#11673,.T.);
#14669=ORIENTED_EDGE('',*,*,#14652,.F.);
#14670=EDGE_LOOP('',(#14665,#14667,#14668,#14669));
#14671=FACE_OUTER_BOUND('',#14670,.F.);
#14673=CARTESIAN_POINT('',(-2.540192378865E1,1.05E1,-1.5E0));
#14674=DIRECTION('',(5.E-1,0.E0,-8.660254037844E-1));
#14675=DIRECTION('',(-8.660254037844E-1,0.E0,-5.E-1));
#14676=AXIS2_PLACEMENT_3D('',#14673,#14674,#14675);
#14677=PLANE('',#14676);
#14678=ORIENTED_EDGE('',*,*,#10512,.F.);
#14680=ORIENTED_EDGE('',*,*,#14679,.T.);
#14681=ORIENTED_EDGE('',*,*,#11675,.T.);
#14682=ORIENTED_EDGE('',*,*,#14666,.F.);
#14683=EDGE_LOOP('',(#14678,#14680,#14681,#14682));
#14684=FACE_OUTER_BOUND('',#14683,.F.);
#14686=CARTESIAN_POINT('',(-2.540192378865E1,1.05E1,1.5E0));
#14687=DIRECTION('',(1.E0,0.E0,0.E0));
#14688=DIRECTION('',(0.E0,0.E0,-1.E0));
#14689=AXIS2_PLACEMENT_3D('',#14686,#14687,#14688);
#14690=PLANE('',#14689);
#14691=ORIENTED_EDGE('',*,*,#10510,.F.);
#14693=ORIENTED_EDGE('',*,*,#14692,.T.);
#14694=ORIENTED_EDGE('',*,*,#11677,.T.);
#14695=ORIENTED_EDGE('',*,*,#14679,.F.);
#14696=EDGE_LOOP('',(#14691,#14693,#14694,#14695));
#14697=FACE_OUTER_BOUND('',#14696,.F.);
#14699=CARTESIAN_POINT('',(-2.8E1,1.05E1,3.E0));
#14700=DIRECTION('',(5.E-1,0.E0,8.660254037844E-1));
#14701=DIRECTION('',(8.660254037844E-1,0.E0,-5.E-1));
#14702=AXIS2_PLACEMENT_3D('',#14699,#14700,#14701);
#14703=PLANE('',#14702);
#14704=ORIENTED_EDGE('',*,*,#10508,.F.);
#14706=ORIENTED_EDGE('',*,*,#14705,.T.);
#14707=ORIENTED_EDGE('',*,*,#11679,.T.);
#14708=ORIENTED_EDGE('',*,*,#14692,.F.);
#14709=EDGE_LOOP('',(#14704,#14706,#14707,#14708));
#14710=FACE_OUTER_BOUND('',#14709,.F.);
#14712=CARTESIAN_POINT('',(-3.059807621135E1,1.05E1,1.5E0));
#14713=DIRECTION('',(-5.E-1,0.E0,8.660254037844E-1));
#14714=DIRECTION('',(8.660254037844E-1,0.E0,5.E-1));
#14715=AXIS2_PLACEMENT_3D('',#14712,#14713,#14714);
#14716=PLANE('',#14715);
#14717=ORIENTED_EDGE('',*,*,#10506,.F.);
#14718=ORIENTED_EDGE('',*,*,#14655,.T.);
#14719=ORIENTED_EDGE('',*,*,#11681,.T.);
#14720=ORIENTED_EDGE('',*,*,#14705,.F.);
#14721=EDGE_LOOP('',(#14717,#14718,#14719,#14720));
#14722=FACE_OUTER_BOUND('',#14721,.F.);
#14724=CARTESIAN_POINT('',(-2.709807621135E1,1.05E1,4.562177826491E0));
#14725=DIRECTION('',(-1.E0,0.E0,0.E0));
#14726=DIRECTION('',(0.E0,0.E0,1.E0));
#14727=AXIS2_PLACEMENT_3D('',#14724,#14725,#14726);
#14728=PLANE('',#14727);
#14729=ORIENTED_EDGE('',*,*,#10518,.F.);
#14731=ORIENTED_EDGE('',*,*,#14730,.T.);
#14732=ORIENTED_EDGE('',*,*,#11685,.T.);
#14734=ORIENTED_EDGE('',*,*,#14733,.F.);
#14735=EDGE_LOOP('',(#14729,#14731,#14732,#14734));
#14736=FACE_OUTER_BOUND('',#14735,.F.);
#14738=CARTESIAN_POINT('',(-2.45E1,1.05E1,3.062177826491E0));
#14739=DIRECTION('',(-5.E-1,0.E0,-8.660254037844E-1));
#14740=DIRECTION('',(-8.660254037844E-1,0.E0,5.E-1));
#14741=AXIS2_PLACEMENT_3D('',#14738,#14739,#14740);
#14742=PLANE('',#14741);
#14743=ORIENTED_EDGE('',*,*,#10528,.F.);
#14745=ORIENTED_EDGE('',*,*,#14744,.T.);
#14746=ORIENTED_EDGE('',*,*,#11687,.T.);
#14747=ORIENTED_EDGE('',*,*,#14730,.F.);
#14748=EDGE_LOOP('',(#14743,#14745,#14746,#14747));
#14749=FACE_OUTER_BOUND('',#14748,.F.);
#14751=CARTESIAN_POINT('',(-2.190192378865E1,1.05E1,4.562177826491E0));
#14752=DIRECTION('',(5.E-1,0.E0,-8.660254037844E-1));
#14753=DIRECTION('',(-8.660254037844E-1,0.E0,-5.E-1));
#14754=AXIS2_PLACEMENT_3D('',#14751,#14752,#14753);
#14755=PLANE('',#14754);
#14756=ORIENTED_EDGE('',*,*,#10526,.F.);
#14758=ORIENTED_EDGE('',*,*,#14757,.T.);
#14759=ORIENTED_EDGE('',*,*,#11689,.T.);
#14760=ORIENTED_EDGE('',*,*,#14744,.F.);
#14761=EDGE_LOOP('',(#14756,#14758,#14759,#14760));
#14762=FACE_OUTER_BOUND('',#14761,.F.);
#14764=CARTESIAN_POINT('',(-2.190192378865E1,1.05E1,7.562177826491E0));
#14765=DIRECTION('',(1.E0,0.E0,0.E0));
#14766=DIRECTION('',(0.E0,0.E0,-1.E0));
#14767=AXIS2_PLACEMENT_3D('',#14764,#14765,#14766);
#14768=PLANE('',#14767);
#14769=ORIENTED_EDGE('',*,*,#10524,.F.);
#14771=ORIENTED_EDGE('',*,*,#14770,.T.);
#14772=ORIENTED_EDGE('',*,*,#11691,.T.);
#14773=ORIENTED_EDGE('',*,*,#14757,.F.);
#14774=EDGE_LOOP('',(#14769,#14771,#14772,#14773));
#14775=FACE_OUTER_BOUND('',#14774,.F.);
#14777=CARTESIAN_POINT('',(-2.45E1,1.05E1,9.062177826491E0));
#14778=DIRECTION('',(5.E-1,0.E0,8.660254037844E-1));
#14779=DIRECTION('',(8.660254037844E-1,0.E0,-5.E-1));
#14780=AXIS2_PLACEMENT_3D('',#14777,#14778,#14779);
#14781=PLANE('',#14780);
#14782=ORIENTED_EDGE('',*,*,#10522,.F.);
#14784=ORIENTED_EDGE('',*,*,#14783,.T.);
#14785=ORIENTED_EDGE('',*,*,#11693,.T.);
#14786=ORIENTED_EDGE('',*,*,#14770,.F.);
#14787=EDGE_LOOP('',(#14782,#14784,#14785,#14786));
#14788=FACE_OUTER_BOUND('',#14787,.F.);
#14790=CARTESIAN_POINT('',(-2.709807621135E1,1.05E1,7.562177826491E0));
#14791=DIRECTION('',(-5.E-1,0.E0,8.660254037844E-1));
#14792=DIRECTION('',(8.660254037844E-1,0.E0,5.E-1));
#14793=AXIS2_PLACEMENT_3D('',#14790,#14791,#14792);
#14794=PLANE('',#14793);
#14795=ORIENTED_EDGE('',*,*,#10520,.F.);
#14796=ORIENTED_EDGE('',*,*,#14733,.T.);
#14797=ORIENTED_EDGE('',*,*,#11695,.T.);
#14798=ORIENTED_EDGE('',*,*,#14783,.F.);
#14799=EDGE_LOOP('',(#14795,#14796,#14797,#14798));
#14800=FACE_OUTER_BOUND('',#14799,.F.);
#14802=CARTESIAN_POINT('',(-2.359807621135E1,1.05E1,1.062435565298E1));
#14803=DIRECTION('',(-1.E0,0.E0,0.E0));
#14804=DIRECTION('',(0.E0,0.E0,1.E0));
#14805=AXIS2_PLACEMENT_3D('',#14802,#14803,#14804);
#14806=PLANE('',#14805);
#14807=ORIENTED_EDGE('',*,*,#10532,.F.);
#14809=ORIENTED_EDGE('',*,*,#14808,.T.);
#14810=ORIENTED_EDGE('',*,*,#11699,.T.);
#14812=ORIENTED_EDGE('',*,*,#14811,.F.);
#14813=EDGE_LOOP('',(#14807,#14809,#14810,#14812));
#14814=FACE_OUTER_BOUND('',#14813,.F.);
#14816=CARTESIAN_POINT('',(-2.1E1,1.05E1,9.124355652982E0));
#14817=DIRECTION('',(-5.E-1,0.E0,-8.660254037844E-1));
#14818=DIRECTION('',(-8.660254037844E-1,0.E0,5.E-1));
#14819=AXIS2_PLACEMENT_3D('',#14816,#14817,#14818);
#14820=PLANE('',#14819);
#14821=ORIENTED_EDGE('',*,*,#10542,.F.);
#14823=ORIENTED_EDGE('',*,*,#14822,.T.);
#14824=ORIENTED_EDGE('',*,*,#11701,.T.);
#14825=ORIENTED_EDGE('',*,*,#14808,.F.);
#14826=EDGE_LOOP('',(#14821,#14823,#14824,#14825));
#14827=FACE_OUTER_BOUND('',#14826,.F.);
#14829=CARTESIAN_POINT('',(-1.840192378865E1,1.05E1,1.062435565298E1));
#14830=DIRECTION('',(5.E-1,0.E0,-8.660254037844E-1));
#14831=DIRECTION('',(-8.660254037844E-1,0.E0,-5.E-1));
#14832=AXIS2_PLACEMENT_3D('',#14829,#14830,#14831);
#14833=PLANE('',#14832);
#14834=ORIENTED_EDGE('',*,*,#10540,.F.);
#14836=ORIENTED_EDGE('',*,*,#14835,.T.);
#14837=ORIENTED_EDGE('',*,*,#11703,.T.);
#14838=ORIENTED_EDGE('',*,*,#14822,.F.);
#14839=EDGE_LOOP('',(#14834,#14836,#14837,#14838));
#14840=FACE_OUTER_BOUND('',#14839,.F.);
#14842=CARTESIAN_POINT('',(-1.840192378865E1,1.05E1,1.362435565298E1));
#14843=DIRECTION('',(1.E0,0.E0,0.E0));
#14844=DIRECTION('',(0.E0,0.E0,-1.E0));
#14845=AXIS2_PLACEMENT_3D('',#14842,#14843,#14844);
#14846=PLANE('',#14845);
#14847=ORIENTED_EDGE('',*,*,#10538,.F.);
#14849=ORIENTED_EDGE('',*,*,#14848,.T.);
#14850=ORIENTED_EDGE('',*,*,#11705,.T.);
#14851=ORIENTED_EDGE('',*,*,#14835,.F.);
#14852=EDGE_LOOP('',(#14847,#14849,#14850,#14851));
#14853=FACE_OUTER_BOUND('',#14852,.F.);
#14855=CARTESIAN_POINT('',(-2.1E1,1.05E1,1.512435565298E1));
#14856=DIRECTION('',(5.E-1,0.E0,8.660254037844E-1));
#14857=DIRECTION('',(8.660254037844E-1,0.E0,-5.E-1));
#14858=AXIS2_PLACEMENT_3D('',#14855,#14856,#14857);
#14859=PLANE('',#14858);
#14860=ORIENTED_EDGE('',*,*,#10536,.F.);
#14862=ORIENTED_EDGE('',*,*,#14861,.T.);
#14863=ORIENTED_EDGE('',*,*,#11707,.T.);
#14864=ORIENTED_EDGE('',*,*,#14848,.F.);
#14865=EDGE_LOOP('',(#14860,#14862,#14863,#14864));
#14866=FACE_OUTER_BOUND('',#14865,.F.);
#14868=CARTESIAN_POINT('',(-2.359807621135E1,1.05E1,1.362435565298E1));
#14869=DIRECTION('',(-5.E-1,0.E0,8.660254037844E-1));
#14870=DIRECTION('',(8.660254037844E-1,0.E0,5.E-1));
#14871=AXIS2_PLACEMENT_3D('',#14868,#14869,#14870);
#14872=PLANE('',#14871);
#14873=ORIENTED_EDGE('',*,*,#10534,.F.);
#14874=ORIENTED_EDGE('',*,*,#14811,.T.);
#14875=ORIENTED_EDGE('',*,*,#11709,.T.);
#14876=ORIENTED_EDGE('',*,*,#14861,.F.);
#14877=EDGE_LOOP('',(#14873,#14874,#14875,#14876));
#14878=FACE_OUTER_BOUND('',#14877,.F.);
#14880=CARTESIAN_POINT('',(-2.009807621135E1,1.05E1,1.668653347947E1));
#14881=DIRECTION('',(-1.E0,0.E0,0.E0));
#14882=DIRECTION('',(0.E0,0.E0,1.E0));
#14883=AXIS2_PLACEMENT_3D('',#14880,#14881,#14882);
#14884=PLANE('',#14883);
#14885=ORIENTED_EDGE('',*,*,#10546,.F.);
#14887=ORIENTED_EDGE('',*,*,#14886,.T.);
#14888=ORIENTED_EDGE('',*,*,#11713,.T.);
#14890=ORIENTED_EDGE('',*,*,#14889,.F.);
#14891=EDGE_LOOP('',(#14885,#14887,#14888,#14890));
#14892=FACE_OUTER_BOUND('',#14891,.F.);
#14894=CARTESIAN_POINT('',(-1.75E1,1.05E1,1.518653347947E1));
#14895=DIRECTION('',(-5.E-1,0.E0,-8.660254037844E-1));
#14896=DIRECTION('',(-8.660254037844E-1,0.E0,5.E-1));
#14897=AXIS2_PLACEMENT_3D('',#14894,#14895,#14896);
#14898=PLANE('',#14897);
#14899=ORIENTED_EDGE('',*,*,#10556,.F.);
#14901=ORIENTED_EDGE('',*,*,#14900,.T.);
#14902=ORIENTED_EDGE('',*,*,#11715,.T.);
#14903=ORIENTED_EDGE('',*,*,#14886,.F.);
#14904=EDGE_LOOP('',(#14899,#14901,#14902,#14903));
#14905=FACE_OUTER_BOUND('',#14904,.F.);
#14907=CARTESIAN_POINT('',(-1.490192378865E1,1.05E1,1.668653347947E1));
#14908=DIRECTION('',(5.E-1,0.E0,-8.660254037844E-1));
#14909=DIRECTION('',(-8.660254037844E-1,0.E0,-5.E-1));
#14910=AXIS2_PLACEMENT_3D('',#14907,#14908,#14909);
#14911=PLANE('',#14910);
#14912=ORIENTED_EDGE('',*,*,#10554,.F.);
#14914=ORIENTED_EDGE('',*,*,#14913,.T.);
#14915=ORIENTED_EDGE('',*,*,#11717,.T.);
#14916=ORIENTED_EDGE('',*,*,#14900,.F.);
#14917=EDGE_LOOP('',(#14912,#14914,#14915,#14916));
#14918=FACE_OUTER_BOUND('',#14917,.F.);
#14920=CARTESIAN_POINT('',(-1.490192378865E1,1.05E1,1.968653347947E1));
#14921=DIRECTION('',(1.E0,0.E0,0.E0));
#14922=DIRECTION('',(0.E0,0.E0,-1.E0));
#14923=AXIS2_PLACEMENT_3D('',#14920,#14921,#14922);
#14924=PLANE('',#14923);
#14925=ORIENTED_EDGE('',*,*,#10552,.F.);
#14927=ORIENTED_EDGE('',*,*,#14926,.T.);
#14928=ORIENTED_EDGE('',*,*,#11719,.T.);
#14929=ORIENTED_EDGE('',*,*,#14913,.F.);
#14930=EDGE_LOOP('',(#14925,#14927,#14928,#14929));
#14931=FACE_OUTER_BOUND('',#14930,.F.);
#14933=CARTESIAN_POINT('',(-1.75E1,1.05E1,2.118653347947E1));
#14934=DIRECTION('',(5.E-1,0.E0,8.660254037844E-1));
#14935=DIRECTION('',(8.660254037844E-1,0.E0,-5.E-1));
#14936=AXIS2_PLACEMENT_3D('',#14933,#14934,#14935);
#14937=PLANE('',#14936);
#14938=ORIENTED_EDGE('',*,*,#10550,.F.);
#14940=ORIENTED_EDGE('',*,*,#14939,.T.);
#14941=ORIENTED_EDGE('',*,*,#11721,.T.);
#14942=ORIENTED_EDGE('',*,*,#14926,.F.);
#14943=EDGE_LOOP('',(#14938,#14940,#14941,#14942));
#14944=FACE_OUTER_BOUND('',#14943,.F.);
#14946=CARTESIAN_POINT('',(-2.009807621135E1,1.05E1,1.968653347947E1));
#14947=DIRECTION('',(-5.E-1,0.E0,8.660254037844E-1));
#14948=DIRECTION('',(8.660254037844E-1,0.E0,5.E-1));
#14949=AXIS2_PLACEMENT_3D('',#14946,#14947,#14948);
#14950=PLANE('',#14949);
#14951=ORIENTED_EDGE('',*,*,#10548,.F.);
#14952=ORIENTED_EDGE('',*,*,#14889,.T.);
#14953=ORIENTED_EDGE('',*,*,#11723,.T.);
#14954=ORIENTED_EDGE('',*,*,#14939,.F.);
#14955=EDGE_LOOP('',(#14951,#14952,#14953,#14954));
#14956=FACE_OUTER_BOUND('',#14955,.F.);
#14958=CARTESIAN_POINT('',(-2.709807621135E1,1.05E1,-1.968653347947E1));
#14959=DIRECTION('',(-1.E0,0.E0,0.E0));
#14960=DIRECTION('',(0.E0,0.E0,1.E0));
#14961=AXIS2_PLACEMENT_3D('',#14958,#14959,#14960);
#14962=PLANE('',#14961);
#14963=ORIENTED_EDGE('',*,*,#10574,.F.);
#14965=ORIENTED_EDGE('',*,*,#14964,.T.);
#14966=ORIENTED_EDGE('',*,*,#11727,.T.);
#14968=ORIENTED_EDGE('',*,*,#14967,.F.);
#14969=EDGE_LOOP('',(#14963,#14965,#14966,#14968));
#14970=FACE_OUTER_BOUND('',#14969,.F.);
#14972=CARTESIAN_POINT('',(-2.45E1,1.05E1,-2.118653347947E1));
#14973=DIRECTION('',(-5.E-1,0.E0,-8.660254037844E-1));
#14974=DIRECTION('',(-8.660254037844E-1,0.E0,5.E-1));
#14975=AXIS2_PLACEMENT_3D('',#14972,#14973,#14974);
#14976=PLANE('',#14975);
#14977=ORIENTED_EDGE('',*,*,#10584,.F.);
#14979=ORIENTED_EDGE('',*,*,#14978,.T.);
#14980=ORIENTED_EDGE('',*,*,#11729,.T.);
#14981=ORIENTED_EDGE('',*,*,#14964,.F.);
#14982=EDGE_LOOP('',(#14977,#14979,#14980,#14981));
#14983=FACE_OUTER_BOUND('',#14982,.F.);
#14985=CARTESIAN_POINT('',(-2.190192378865E1,1.05E1,-1.968653347947E1));
#14986=DIRECTION('',(5.E-1,0.E0,-8.660254037844E-1));
#14987=DIRECTION('',(-8.660254037844E-1,0.E0,-5.E-1));
#14988=AXIS2_PLACEMENT_3D('',#14985,#14986,#14987);
#14989=PLANE('',#14988);
#14990=ORIENTED_EDGE('',*,*,#10582,.F.);
#14992=ORIENTED_EDGE('',*,*,#14991,.T.);
#14993=ORIENTED_EDGE('',*,*,#11731,.T.);
#14994=ORIENTED_EDGE('',*,*,#14978,.F.);
#14995=EDGE_LOOP('',(#14990,#14992,#14993,#14994));
#14996=FACE_OUTER_BOUND('',#14995,.F.);
#14998=CARTESIAN_POINT('',(-2.190192378865E1,1.05E1,-1.668653347947E1));
#14999=DIRECTION('',(1.E0,0.E0,0.E0));
#15000=DIRECTION('',(0.E0,0.E0,-1.E0));
#15001=AXIS2_PLACEMENT_3D('',#14998,#14999,#15000);
#15002=PLANE('',#15001);
#15003=ORIENTED_EDGE('',*,*,#10580,.F.);
#15005=ORIENTED_EDGE('',*,*,#15004,.T.);
#15006=ORIENTED_EDGE('',*,*,#11733,.T.);
#15007=ORIENTED_EDGE('',*,*,#14991,.F.);
#15008=EDGE_LOOP('',(#15003,#15005,#15006,#15007));
#15009=FACE_OUTER_BOUND('',#15008,.F.);
#15011=CARTESIAN_POINT('',(-2.45E1,1.05E1,-1.518653347947E1));
#15012=DIRECTION('',(5.E-1,0.E0,8.660254037844E-1));
#15013=DIRECTION('',(8.660254037844E-1,0.E0,-5.E-1));
#15014=AXIS2_PLACEMENT_3D('',#15011,#15012,#15013);
#15015=PLANE('',#15014);
#15016=ORIENTED_EDGE('',*,*,#10578,.F.);
#15018=ORIENTED_EDGE('',*,*,#15017,.T.);
#15019=ORIENTED_EDGE('',*,*,#11735,.T.);
#15020=ORIENTED_EDGE('',*,*,#15004,.F.);
#15021=EDGE_LOOP('',(#15016,#15018,#15019,#15020));
#15022=FACE_OUTER_BOUND('',#15021,.F.);
#15024=CARTESIAN_POINT('',(-2.709807621135E1,1.05E1,-1.668653347947E1));
#15025=DIRECTION('',(-5.E-1,0.E0,8.660254037844E-1));
#15026=DIRECTION('',(8.660254037844E-1,0.E0,5.E-1));
#15027=AXIS2_PLACEMENT_3D('',#15024,#15025,#15026);
#15028=PLANE('',#15027);
#15029=ORIENTED_EDGE('',*,*,#10576,.F.);
#15030=ORIENTED_EDGE('',*,*,#14967,.T.);
#15031=ORIENTED_EDGE('',*,*,#11737,.T.);
#15032=ORIENTED_EDGE('',*,*,#15017,.F.);
#15033=EDGE_LOOP('',(#15029,#15030,#15031,#15032));
#15034=FACE_OUTER_BOUND('',#15033,.F.);
#15036=CARTESIAN_POINT('',(-3.059807621135E1,1.05E1,-1.362435565298E1));
#15037=DIRECTION('',(-1.E0,0.E0,0.E0));
#15038=DIRECTION('',(0.E0,0.E0,1.E0));
#15039=AXIS2_PLACEMENT_3D('',#15036,#15037,#15038);
#15040=PLANE('',#15039);
#15041=ORIENTED_EDGE('',*,*,#10588,.F.);
#15043=ORIENTED_EDGE('',*,*,#15042,.T.);
#15044=ORIENTED_EDGE('',*,*,#11741,.T.);
#15046=ORIENTED_EDGE('',*,*,#15045,.F.);
#15047=EDGE_LOOP('',(#15041,#15043,#15044,#15046));
#15048=FACE_OUTER_BOUND('',#15047,.F.);
#15050=CARTESIAN_POINT('',(-2.8E1,1.05E1,-1.512435565298E1));
#15051=DIRECTION('',(-5.E-1,0.E0,-8.660254037844E-1));
#15052=DIRECTION('',(-8.660254037844E-1,0.E0,5.E-1));
#15053=AXIS2_PLACEMENT_3D('',#15050,#15051,#15052);
#15054=PLANE('',#15053);
#15055=ORIENTED_EDGE('',*,*,#10598,.F.);
#15057=ORIENTED_EDGE('',*,*,#15056,.T.);
#15058=ORIENTED_EDGE('',*,*,#11743,.T.);
#15059=ORIENTED_EDGE('',*,*,#15042,.F.);
#15060=EDGE_LOOP('',(#15055,#15057,#15058,#15059));
#15061=FACE_OUTER_BOUND('',#15060,.F.);
#15063=CARTESIAN_POINT('',(-2.540192378865E1,1.05E1,-1.362435565298E1));
#15064=DIRECTION('',(5.E-1,0.E0,-8.660254037844E-1));
#15065=DIRECTION('',(-8.660254037844E-1,0.E0,-5.E-1));
#15066=AXIS2_PLACEMENT_3D('',#15063,#15064,#15065);
#15067=PLANE('',#15066);
#15068=ORIENTED_EDGE('',*,*,#10596,.F.);
#15070=ORIENTED_EDGE('',*,*,#15069,.T.);
#15071=ORIENTED_EDGE('',*,*,#11745,.T.);
#15072=ORIENTED_EDGE('',*,*,#15056,.F.);
#15073=EDGE_LOOP('',(#15068,#15070,#15071,#15072));
#15074=FACE_OUTER_BOUND('',#15073,.F.);
#15076=CARTESIAN_POINT('',(-2.540192378865E1,1.05E1,-1.062435565298E1));
#15077=DIRECTION('',(1.E0,0.E0,0.E0));
#15078=DIRECTION('',(0.E0,0.E0,-1.E0));
#15079=AXIS2_PLACEMENT_3D('',#15076,#15077,#15078);
#15080=PLANE('',#15079);
#15081=ORIENTED_EDGE('',*,*,#10594,.F.);
#15083=ORIENTED_EDGE('',*,*,#15082,.T.);
#15084=ORIENTED_EDGE('',*,*,#11747,.T.);
#15085=ORIENTED_EDGE('',*,*,#15069,.F.);
#15086=EDGE_LOOP('',(#15081,#15083,#15084,#15085));
#15087=FACE_OUTER_BOUND('',#15086,.F.);
#15089=CARTESIAN_POINT('',(-2.8E1,1.05E1,-9.124355652982E0));
#15090=DIRECTION('',(5.E-1,0.E0,8.660254037844E-1));
#15091=DIRECTION('',(8.660254037844E-1,0.E0,-5.E-1));
#15092=AXIS2_PLACEMENT_3D('',#15089,#15090,#15091);
#15093=PLANE('',#15092);
#15094=ORIENTED_EDGE('',*,*,#10592,.F.);
#15096=ORIENTED_EDGE('',*,*,#15095,.T.);
#15097=ORIENTED_EDGE('',*,*,#11749,.T.);
#15098=ORIENTED_EDGE('',*,*,#15082,.F.);
#15099=EDGE_LOOP('',(#15094,#15096,#15097,#15098));
#15100=FACE_OUTER_BOUND('',#15099,.F.);
#15102=CARTESIAN_POINT('',(-3.059807621135E1,1.05E1,-1.062435565298E1));
#15103=DIRECTION('',(-5.E-1,0.E0,8.660254037844E-1));
#15104=DIRECTION('',(8.660254037844E-1,0.E0,5.E-1));
#15105=AXIS2_PLACEMENT_3D('',#15102,#15103,#15104);
#15106=PLANE('',#15105);
#15107=ORIENTED_EDGE('',*,*,#10590,.F.);
#15108=ORIENTED_EDGE('',*,*,#15045,.T.);
#15109=ORIENTED_EDGE('',*,*,#11751,.T.);
#15110=ORIENTED_EDGE('',*,*,#15095,.F.);
#15111=EDGE_LOOP('',(#15107,#15108,#15109,#15110));
#15112=FACE_OUTER_BOUND('',#15111,.F.);
#15114=CARTESIAN_POINT('',(-3.409807621135E1,1.05E1,-7.562177826491E0));
#15115=DIRECTION('',(-1.E0,0.E0,0.E0));
#15116=DIRECTION('',(0.E0,0.E0,1.E0));
#15117=AXIS2_PLACEMENT_3D('',#15114,#15115,#15116);
#15118=PLANE('',#15117);
#15119=ORIENTED_EDGE('',*,*,#10602,.F.);
#15121=ORIENTED_EDGE('',*,*,#15120,.T.);
#15122=ORIENTED_EDGE('',*,*,#11755,.T.);
#15124=ORIENTED_EDGE('',*,*,#15123,.F.);
#15125=EDGE_LOOP('',(#15119,#15121,#15122,#15124));
#15126=FACE_OUTER_BOUND('',#15125,.F.);
#15128=CARTESIAN_POINT('',(-3.15E1,1.05E1,-9.062177826491E0));
#15129=DIRECTION('',(-5.E-1,0.E0,-8.660254037844E-1));
#15130=DIRECTION('',(-8.660254037844E-1,0.E0,5.E-1));
#15131=AXIS2_PLACEMENT_3D('',#15128,#15129,#15130);
#15132=PLANE('',#15131);
#15133=ORIENTED_EDGE('',*,*,#10612,.F.);
#15135=ORIENTED_EDGE('',*,*,#15134,.T.);
#15136=ORIENTED_EDGE('',*,*,#11757,.T.);
#15137=ORIENTED_EDGE('',*,*,#15120,.F.);
#15138=EDGE_LOOP('',(#15133,#15135,#15136,#15137));
#15139=FACE_OUTER_BOUND('',#15138,.F.);
#15141=CARTESIAN_POINT('',(-2.890192378865E1,1.05E1,-7.562177826491E0));
#15142=DIRECTION('',(5.E-1,0.E0,-8.660254037844E-1));
#15143=DIRECTION('',(-8.660254037844E-1,0.E0,-5.E-1));
#15144=AXIS2_PLACEMENT_3D('',#15141,#15142,#15143);
#15145=PLANE('',#15144);
#15146=ORIENTED_EDGE('',*,*,#10610,.F.);
#15148=ORIENTED_EDGE('',*,*,#15147,.T.);
#15149=ORIENTED_EDGE('',*,*,#11759,.T.);
#15150=ORIENTED_EDGE('',*,*,#15134,.F.);
#15151=EDGE_LOOP('',(#15146,#15148,#15149,#15150));
#15152=FACE_OUTER_BOUND('',#15151,.F.);
#15154=CARTESIAN_POINT('',(-2.890192378865E1,1.05E1,-4.562177826491E0));
#15155=DIRECTION('',(1.E0,0.E0,0.E0));
#15156=DIRECTION('',(0.E0,0.E0,-1.E0));
#15157=AXIS2_PLACEMENT_3D('',#15154,#15155,#15156);
#15158=PLANE('',#15157);
#15159=ORIENTED_EDGE('',*,*,#10608,.F.);
#15161=ORIENTED_EDGE('',*,*,#15160,.T.);
#15162=ORIENTED_EDGE('',*,*,#11761,.T.);
#15163=ORIENTED_EDGE('',*,*,#15147,.F.);
#15164=EDGE_LOOP('',(#15159,#15161,#15162,#15163));
#15165=FACE_OUTER_BOUND('',#15164,.F.);
#15167=CARTESIAN_POINT('',(-3.15E1,1.05E1,-3.062177826491E0));
#15168=DIRECTION('',(5.E-1,0.E0,8.660254037844E-1));
#15169=DIRECTION('',(8.660254037844E-1,0.E0,-5.E-1));
#15170=AXIS2_PLACEMENT_3D('',#15167,#15168,#15169);
#15171=PLANE('',#15170);
#15172=ORIENTED_EDGE('',*,*,#10606,.F.);
#15174=ORIENTED_EDGE('',*,*,#15173,.T.);
#15175=ORIENTED_EDGE('',*,*,#11763,.T.);
#15176=ORIENTED_EDGE('',*,*,#15160,.F.);
#15177=EDGE_LOOP('',(#15172,#15174,#15175,#15176));
#15178=FACE_OUTER_BOUND('',#15177,.F.);
#15180=CARTESIAN_POINT('',(-3.409807621135E1,1.05E1,-4.562177826491E0));
#15181=DIRECTION('',(-5.E-1,0.E0,8.660254037844E-1));
#15182=DIRECTION('',(8.660254037844E-1,0.E0,5.E-1));
#15183=AXIS2_PLACEMENT_3D('',#15180,#15181,#15182);
#15184=PLANE('',#15183);
#15185=ORIENTED_EDGE('',*,*,#10604,.F.);
#15186=ORIENTED_EDGE('',*,*,#15123,.T.);
#15187=ORIENTED_EDGE('',*,*,#11765,.T.);
#15188=ORIENTED_EDGE('',*,*,#15173,.F.);
#15189=EDGE_LOOP('',(#15185,#15186,#15187,#15188));
#15190=FACE_OUTER_BOUND('',#15189,.F.);
#15192=CARTESIAN_POINT('',(-3.759807621135E1,1.05E1,-1.5E0));
#15193=DIRECTION('',(-1.E0,0.E0,0.E0));
#15194=DIRECTION('',(0.E0,0.E0,1.E0));
#15195=AXIS2_PLACEMENT_3D('',#15192,#15193,#15194);
#15196=PLANE('',#15195);
#15197=ORIENTED_EDGE('',*,*,#10616,.F.);
#15199=ORIENTED_EDGE('',*,*,#15198,.T.);
#15200=ORIENTED_EDGE('',*,*,#11769,.T.);
#15202=ORIENTED_EDGE('',*,*,#15201,.F.);
#15203=EDGE_LOOP('',(#15197,#15199,#15200,#15202));
#15204=FACE_OUTER_BOUND('',#15203,.F.);
#15206=CARTESIAN_POINT('',(-3.5E1,1.05E1,-3.E0));
#15207=DIRECTION('',(-5.E-1,0.E0,-8.660254037844E-1));
#15208=DIRECTION('',(-8.660254037844E-1,0.E0,5.E-1));
#15209=AXIS2_PLACEMENT_3D('',#15206,#15207,#15208);
#15210=PLANE('',#15209);
#15211=ORIENTED_EDGE('',*,*,#10626,.F.);
#15213=ORIENTED_EDGE('',*,*,#15212,.T.);
#15214=ORIENTED_EDGE('',*,*,#11771,.T.);
#15215=ORIENTED_EDGE('',*,*,#15198,.F.);
#15216=EDGE_LOOP('',(#15211,#15213,#15214,#15215));
#15217=FACE_OUTER_BOUND('',#15216,.F.);
#15219=CARTESIAN_POINT('',(-3.240192378865E1,1.05E1,-1.5E0));
#15220=DIRECTION('',(5.E-1,0.E0,-8.660254037844E-1));
#15221=DIRECTION('',(-8.660254037844E-1,0.E0,-5.E-1));
#15222=AXIS2_PLACEMENT_3D('',#15219,#15220,#15221);
#15223=PLANE('',#15222);
#15224=ORIENTED_EDGE('',*,*,#10624,.F.);
#15226=ORIENTED_EDGE('',*,*,#15225,.T.);
#15227=ORIENTED_EDGE('',*,*,#11773,.T.);
#15228=ORIENTED_EDGE('',*,*,#15212,.F.);
#15229=EDGE_LOOP('',(#15224,#15226,#15227,#15228));
#15230=FACE_OUTER_BOUND('',#15229,.F.);
#15232=CARTESIAN_POINT('',(-3.240192378865E1,1.05E1,1.5E0));
#15233=DIRECTION('',(1.E0,0.E0,0.E0));
#15234=DIRECTION('',(0.E0,0.E0,-1.E0));
#15235=AXIS2_PLACEMENT_3D('',#15232,#15233,#15234);
#15236=PLANE('',#15235);
#15237=ORIENTED_EDGE('',*,*,#10622,.F.);
#15239=ORIENTED_EDGE('',*,*,#15238,.T.);
#15240=ORIENTED_EDGE('',*,*,#11775,.T.);
#15241=ORIENTED_EDGE('',*,*,#15225,.F.);
#15242=EDGE_LOOP('',(#15237,#15239,#15240,#15241));
#15243=FACE_OUTER_BOUND('',#15242,.F.);
#15245=CARTESIAN_POINT('',(-3.5E1,1.05E1,3.E0));
#15246=DIRECTION('',(5.E-1,0.E0,8.660254037844E-1));
#15247=DIRECTION('',(8.660254037844E-1,0.E0,-5.E-1));
#15248=AXIS2_PLACEMENT_3D('',#15245,#15246,#15247);
#15249=PLANE('',#15248);
#15250=ORIENTED_EDGE('',*,*,#10620,.F.);
#15252=ORIENTED_EDGE('',*,*,#15251,.T.);
#15253=ORIENTED_EDGE('',*,*,#11777,.T.);
#15254=ORIENTED_EDGE('',*,*,#15238,.F.);
#15255=EDGE_LOOP('',(#15250,#15252,#15253,#15254));
#15256=FACE_OUTER_BOUND('',#15255,.F.);
#15258=CARTESIAN_POINT('',(-3.759807621135E1,1.05E1,1.5E0));
#15259=DIRECTION('',(-5.E-1,0.E0,8.660254037844E-1));
#15260=DIRECTION('',(8.660254037844E-1,0.E0,5.E-1));
#15261=AXIS2_PLACEMENT_3D('',#15258,#15259,#15260);
#15262=PLANE('',#15261);
#15263=ORIENTED_EDGE('',*,*,#10618,.F.);
#15264=ORIENTED_EDGE('',*,*,#15201,.T.);
#15265=ORIENTED_EDGE('',*,*,#11779,.T.);
#15266=ORIENTED_EDGE('',*,*,#15251,.F.);
#15267=EDGE_LOOP('',(#15263,#15264,#15265,#15266));
#15268=FACE_OUTER_BOUND('',#15267,.F.);
#15270=CARTESIAN_POINT('',(-3.409807621135E1,1.05E1,4.562177826491E0));
#15271=DIRECTION('',(-1.E0,0.E0,0.E0));
#15272=DIRECTION('',(0.E0,0.E0,1.E0));
#15273=AXIS2_PLACEMENT_3D('',#15270,#15271,#15272);
#15274=PLANE('',#15273);
#15275=ORIENTED_EDGE('',*,*,#10630,.F.);
#15277=ORIENTED_EDGE('',*,*,#15276,.T.);
#15278=ORIENTED_EDGE('',*,*,#11783,.T.);
#15280=ORIENTED_EDGE('',*,*,#15279,.F.);
#15281=EDGE_LOOP('',(#15275,#15277,#15278,#15280));
#15282=FACE_OUTER_BOUND('',#15281,.F.);
#15284=CARTESIAN_POINT('',(-3.15E1,1.05E1,3.062177826491E0));
#15285=DIRECTION('',(-5.E-1,0.E0,-8.660254037844E-1));
#15286=DIRECTION('',(-8.660254037844E-1,0.E0,5.E-1));
#15287=AXIS2_PLACEMENT_3D('',#15284,#15285,#15286);
#15288=PLANE('',#15287);
#15289=ORIENTED_EDGE('',*,*,#10640,.F.);
#15291=ORIENTED_EDGE('',*,*,#15290,.T.);
#15292=ORIENTED_EDGE('',*,*,#11785,.T.);
#15293=ORIENTED_EDGE('',*,*,#15276,.F.);
#15294=EDGE_LOOP('',(#15289,#15291,#15292,#15293));
#15295=FACE_OUTER_BOUND('',#15294,.F.);
#15297=CARTESIAN_POINT('',(-2.890192378865E1,1.05E1,4.562177826491E0));
#15298=DIRECTION('',(5.E-1,0.E0,-8.660254037844E-1));
#15299=DIRECTION('',(-8.660254037844E-1,0.E0,-5.E-1));
#15300=AXIS2_PLACEMENT_3D('',#15297,#15298,#15299);
#15301=PLANE('',#15300);
#15302=ORIENTED_EDGE('',*,*,#10638,.F.);
#15304=ORIENTED_EDGE('',*,*,#15303,.T.);
#15305=ORIENTED_EDGE('',*,*,#11787,.T.);
#15306=ORIENTED_EDGE('',*,*,#15290,.F.);
#15307=EDGE_LOOP('',(#15302,#15304,#15305,#15306));
#15308=FACE_OUTER_BOUND('',#15307,.F.);
#15310=CARTESIAN_POINT('',(-2.890192378865E1,1.05E1,7.562177826491E0));
#15311=DIRECTION('',(1.E0,0.E0,0.E0));
#15312=DIRECTION('',(0.E0,0.E0,-1.E0));
#15313=AXIS2_PLACEMENT_3D('',#15310,#15311,#15312);
#15314=PLANE('',#15313);
#15315=ORIENTED_EDGE('',*,*,#10636,.F.);
#15317=ORIENTED_EDGE('',*,*,#15316,.T.);
#15318=ORIENTED_EDGE('',*,*,#11789,.T.);
#15319=ORIENTED_EDGE('',*,*,#15303,.F.);
#15320=EDGE_LOOP('',(#15315,#15317,#15318,#15319));
#15321=FACE_OUTER_BOUND('',#15320,.F.);
#15323=CARTESIAN_POINT('',(-3.15E1,1.05E1,9.062177826491E0));
#15324=DIRECTION('',(5.E-1,0.E0,8.660254037844E-1));
#15325=DIRECTION('',(8.660254037844E-1,0.E0,-5.E-1));
#15326=AXIS2_PLACEMENT_3D('',#15323,#15324,#15325);
#15327=PLANE('',#15326);
#15328=ORIENTED_EDGE('',*,*,#10634,.F.);
#15330=ORIENTED_EDGE('',*,*,#15329,.T.);
#15331=ORIENTED_EDGE('',*,*,#11791,.T.);
#15332=ORIENTED_EDGE('',*,*,#15316,.F.);
#15333=EDGE_LOOP('',(#15328,#15330,#15331,#15332));
#15334=FACE_OUTER_BOUND('',#15333,.F.);
#15336=CARTESIAN_POINT('',(-3.409807621135E1,1.05E1,7.562177826491E0));
#15337=DIRECTION('',(-5.E-1,0.E0,8.660254037844E-1));
#15338=DIRECTION('',(8.660254037844E-1,0.E0,5.E-1));
#15339=AXIS2_PLACEMENT_3D('',#15336,#15337,#15338);
#15340=PLANE('',#15339);
#15341=ORIENTED_EDGE('',*,*,#10632,.F.);
#15342=ORIENTED_EDGE('',*,*,#15279,.T.);
#15343=ORIENTED_EDGE('',*,*,#11793,.T.);
#15344=ORIENTED_EDGE('',*,*,#15329,.F.);
#15345=EDGE_LOOP('',(#15341,#15342,#15343,#15344));
#15346=FACE_OUTER_BOUND('',#15345,.F.);
#15348=CARTESIAN_POINT('',(-3.059807621135E1,1.05E1,1.062435565298E1));
#15349=DIRECTION('',(-1.E0,0.E0,0.E0));
#15350=DIRECTION('',(0.E0,0.E0,1.E0));
#15351=AXIS2_PLACEMENT_3D('',#15348,#15349,#15350);
#15352=PLANE('',#15351);
#15353=ORIENTED_EDGE('',*,*,#10644,.F.);
#15355=ORIENTED_EDGE('',*,*,#15354,.T.);
#15356=ORIENTED_EDGE('',*,*,#11797,.T.);
#15358=ORIENTED_EDGE('',*,*,#15357,.F.);
#15359=EDGE_LOOP('',(#15353,#15355,#15356,#15358));
#15360=FACE_OUTER_BOUND('',#15359,.F.);
#15362=CARTESIAN_POINT('',(-2.8E1,1.05E1,9.124355652982E0));
#15363=DIRECTION('',(-5.E-1,0.E0,-8.660254037844E-1));
#15364=DIRECTION('',(-8.660254037844E-1,0.E0,5.E-1));
#15365=AXIS2_PLACEMENT_3D('',#15362,#15363,#15364);
#15366=PLANE('',#15365);
#15367=ORIENTED_EDGE('',*,*,#10654,.F.);
#15369=ORIENTED_EDGE('',*,*,#15368,.T.);
#15370=ORIENTED_EDGE('',*,*,#11799,.T.);
#15371=ORIENTED_EDGE('',*,*,#15354,.F.);
#15372=EDGE_LOOP('',(#15367,#15369,#15370,#15371));
#15373=FACE_OUTER_BOUND('',#15372,.F.);
#15375=CARTESIAN_POINT('',(-2.540192378865E1,1.05E1,1.062435565298E1));
#15376=DIRECTION('',(5.E-1,0.E0,-8.660254037844E-1));
#15377=DIRECTION('',(-8.660254037844E-1,0.E0,-5.E-1));
#15378=AXIS2_PLACEMENT_3D('',#15375,#15376,#15377);
#15379=PLANE('',#15378);
#15380=ORIENTED_EDGE('',*,*,#10652,.F.);
#15382=ORIENTED_EDGE('',*,*,#15381,.T.);
#15383=ORIENTED_EDGE('',*,*,#11801,.T.);
#15384=ORIENTED_EDGE('',*,*,#15368,.F.);
#15385=EDGE_LOOP('',(#15380,#15382,#15383,#15384));
#15386=FACE_OUTER_BOUND('',#15385,.F.);
#15388=CARTESIAN_POINT('',(-2.540192378865E1,1.05E1,1.362435565298E1));
#15389=DIRECTION('',(1.E0,0.E0,0.E0));
#15390=DIRECTION('',(0.E0,0.E0,-1.E0));
#15391=AXIS2_PLACEMENT_3D('',#15388,#15389,#15390);
#15392=PLANE('',#15391);
#15393=ORIENTED_EDGE('',*,*,#10650,.F.);
#15395=ORIENTED_EDGE('',*,*,#15394,.T.);
#15396=ORIENTED_EDGE('',*,*,#11803,.T.);
#15397=ORIENTED_EDGE('',*,*,#15381,.F.);
#15398=EDGE_LOOP('',(#15393,#15395,#15396,#15397));
#15399=FACE_OUTER_BOUND('',#15398,.F.);
#15401=CARTESIAN_POINT('',(-2.8E1,1.05E1,1.512435565298E1));
#15402=DIRECTION('',(5.E-1,0.E0,8.660254037844E-1));
#15403=DIRECTION('',(8.660254037844E-1,0.E0,-5.E-1));
#15404=AXIS2_PLACEMENT_3D('',#15401,#15402,#15403);
#15405=PLANE('',#15404);
#15406=ORIENTED_EDGE('',*,*,#10648,.F.);
#15408=ORIENTED_EDGE('',*,*,#15407,.T.);
#15409=ORIENTED_EDGE('',*,*,#11805,.T.);
#15410=ORIENTED_EDGE('',*,*,#15394,.F.);
#15411=EDGE_LOOP('',(#15406,#15408,#15409,#15410));
#15412=FACE_OUTER_BOUND('',#15411,.F.);
#15414=CARTESIAN_POINT('',(-3.059807621135E1,1.05E1,1.362435565298E1));
#15415=DIRECTION('',(-5.E-1,0.E0,8.660254037844E-1));
#15416=DIRECTION('',(8.660254037844E-1,0.E0,5.E-1));
#15417=AXIS2_PLACEMENT_3D('',#15414,#15415,#15416);
#15418=PLANE('',#15417);
#15419=ORIENTED_EDGE('',*,*,#10646,.F.);
#15420=ORIENTED_EDGE('',*,*,#15357,.T.);
#15421=ORIENTED_EDGE('',*,*,#11807,.T.);
#15422=ORIENTED_EDGE('',*,*,#15407,.F.);
#15423=EDGE_LOOP('',(#15419,#15420,#15421,#15422));
#15424=FACE_OUTER_BOUND('',#15423,.F.);
#15426=CARTESIAN_POINT('',(-2.709807621135E1,1.05E1,1.668653347947E1));
#15427=DIRECTION('',(-1.E0,0.E0,0.E0));
#15428=DIRECTION('',(0.E0,0.E0,1.E0));
#15429=AXIS2_PLACEMENT_3D('',#15426,#15427,#15428);
#15430=PLANE('',#15429);
#15431=ORIENTED_EDGE('',*,*,#10658,.F.);
#15433=ORIENTED_EDGE('',*,*,#15432,.T.);
#15434=ORIENTED_EDGE('',*,*,#11811,.T.);
#15436=ORIENTED_EDGE('',*,*,#15435,.F.);
#15437=EDGE_LOOP('',(#15431,#15433,#15434,#15436));
#15438=FACE_OUTER_BOUND('',#15437,.F.);
#15440=CARTESIAN_POINT('',(-2.45E1,1.05E1,1.518653347947E1));
#15441=DIRECTION('',(-5.E-1,0.E0,-8.660254037844E-1));
#15442=DIRECTION('',(-8.660254037844E-1,0.E0,5.E-1));
#15443=AXIS2_PLACEMENT_3D('',#15440,#15441,#15442);
#15444=PLANE('',#15443);
#15445=ORIENTED_EDGE('',*,*,#10668,.F.);
#15447=ORIENTED_EDGE('',*,*,#15446,.T.);
#15448=ORIENTED_EDGE('',*,*,#11813,.T.);
#15449=ORIENTED_EDGE('',*,*,#15432,.F.);
#15450=EDGE_LOOP('',(#15445,#15447,#15448,#15449));
#15451=FACE_OUTER_BOUND('',#15450,.F.);
#15453=CARTESIAN_POINT('',(-2.190192378865E1,1.05E1,1.668653347947E1));
#15454=DIRECTION('',(5.E-1,0.E0,-8.660254037844E-1));
#15455=DIRECTION('',(-8.660254037844E-1,0.E0,-5.E-1));
#15456=AXIS2_PLACEMENT_3D('',#15453,#15454,#15455);
#15457=PLANE('',#15456);
#15458=ORIENTED_EDGE('',*,*,#10666,.F.);
#15460=ORIENTED_EDGE('',*,*,#15459,.T.);
#15461=ORIENTED_EDGE('',*,*,#11815,.T.);
#15462=ORIENTED_EDGE('',*,*,#15446,.F.);
#15463=EDGE_LOOP('',(#15458,#15460,#15461,#15462));
#15464=FACE_OUTER_BOUND('',#15463,.F.);
#15466=CARTESIAN_POINT('',(-2.190192378865E1,1.05E1,1.968653347947E1));
#15467=DIRECTION('',(1.E0,0.E0,0.E0));
#15468=DIRECTION('',(0.E0,0.E0,-1.E0));
#15469=AXIS2_PLACEMENT_3D('',#15466,#15467,#15468);
#15470=PLANE('',#15469);
#15471=ORIENTED_EDGE('',*,*,#10664,.F.);
#15473=ORIENTED_EDGE('',*,*,#15472,.T.);
#15474=ORIENTED_EDGE('',*,*,#11817,.T.);
#15475=ORIENTED_EDGE('',*,*,#15459,.F.);
#15476=EDGE_LOOP('',(#15471,#15473,#15474,#15475));
#15477=FACE_OUTER_BOUND('',#15476,.F.);
#15479=CARTESIAN_POINT('',(-2.45E1,1.05E1,2.118653347947E1));
#15480=DIRECTION('',(5.E-1,0.E0,8.660254037844E-1));
#15481=DIRECTION('',(8.660254037844E-1,0.E0,-5.E-1));
#15482=AXIS2_PLACEMENT_3D('',#15479,#15480,#15481);
#15483=PLANE('',#15482);
#15484=ORIENTED_EDGE('',*,*,#10662,.F.);
#15486=ORIENTED_EDGE('',*,*,#15485,.T.);
#15487=ORIENTED_EDGE('',*,*,#11819,.T.);
#15488=ORIENTED_EDGE('',*,*,#15472,.F.);
#15489=EDGE_LOOP('',(#15484,#15486,#15487,#15488));
#15490=FACE_OUTER_BOUND('',#15489,.F.);
#15492=CARTESIAN_POINT('',(-2.709807621135E1,1.05E1,1.968653347947E1));
#15493=DIRECTION('',(-5.E-1,0.E0,8.660254037844E-1));
#15494=DIRECTION('',(8.660254037844E-1,0.E0,5.E-1));
#15495=AXIS2_PLACEMENT_3D('',#15492,#15493,#15494);
#15496=PLANE('',#15495);
#15497=ORIENTED_EDGE('',*,*,#10660,.F.);
#15498=ORIENTED_EDGE('',*,*,#15435,.T.);
#15499=ORIENTED_EDGE('',*,*,#11821,.T.);
#15500=ORIENTED_EDGE('',*,*,#15485,.F.);
#15501=EDGE_LOOP('',(#15497,#15498,#15499,#15500));
#15502=FACE_OUTER_BOUND('',#15501,.F.);
#15504=CARTESIAN_POINT('',(-3.409807621135E1,1.05E1,-1.968653347947E1));
#15505=DIRECTION('',(-1.E0,0.E0,0.E0));
#15506=DIRECTION('',(0.E0,0.E0,1.E0));
#15507=AXIS2_PLACEMENT_3D('',#15504,#15505,#15506);
#15508=PLANE('',#15507);
#15509=ORIENTED_EDGE('',*,*,#10686,.F.);
#15511=ORIENTED_EDGE('',*,*,#15510,.T.);
#15512=ORIENTED_EDGE('',*,*,#11825,.T.);
#15514=ORIENTED_EDGE('',*,*,#15513,.F.);
#15515=EDGE_LOOP('',(#15509,#15511,#15512,#15514));
#15516=FACE_OUTER_BOUND('',#15515,.F.);
#15518=CARTESIAN_POINT('',(-3.15E1,1.05E1,-2.118653347947E1));
#15519=DIRECTION('',(-5.E-1,0.E0,-8.660254037844E-1));
#15520=DIRECTION('',(-8.660254037844E-1,0.E0,5.E-1));
#15521=AXIS2_PLACEMENT_3D('',#15518,#15519,#15520);
#15522=PLANE('',#15521);
#15523=ORIENTED_EDGE('',*,*,#10696,.F.);
#15525=ORIENTED_EDGE('',*,*,#15524,.T.);
#15526=ORIENTED_EDGE('',*,*,#11827,.T.);
#15527=ORIENTED_EDGE('',*,*,#15510,.F.);
#15528=EDGE_LOOP('',(#15523,#15525,#15526,#15527));
#15529=FACE_OUTER_BOUND('',#15528,.F.);
#15531=CARTESIAN_POINT('',(-2.890192378865E1,1.05E1,-1.968653347947E1));
#15532=DIRECTION('',(5.E-1,0.E0,-8.660254037844E-1));
#15533=DIRECTION('',(-8.660254037844E-1,0.E0,-5.E-1));
#15534=AXIS2_PLACEMENT_3D('',#15531,#15532,#15533);
#15535=PLANE('',#15534);
#15536=ORIENTED_EDGE('',*,*,#10694,.F.);
#15538=ORIENTED_EDGE('',*,*,#15537,.T.);
#15539=ORIENTED_EDGE('',*,*,#11829,.T.);
#15540=ORIENTED_EDGE('',*,*,#15524,.F.);
#15541=EDGE_LOOP('',(#15536,#15538,#15539,#15540));
#15542=FACE_OUTER_BOUND('',#15541,.F.);
#15544=CARTESIAN_POINT('',(-2.890192378865E1,1.05E1,-1.668653347947E1));
#15545=DIRECTION('',(1.E0,0.E0,0.E0));
#15546=DIRECTION('',(0.E0,0.E0,-1.E0));
#15547=AXIS2_PLACEMENT_3D('',#15544,#15545,#15546);
#15548=PLANE('',#15547);
#15549=ORIENTED_EDGE('',*,*,#10692,.F.);
#15551=ORIENTED_EDGE('',*,*,#15550,.T.);
#15552=ORIENTED_EDGE('',*,*,#11831,.T.);
#15553=ORIENTED_EDGE('',*,*,#15537,.F.);
#15554=EDGE_LOOP('',(#15549,#15551,#15552,#15553));
#15555=FACE_OUTER_BOUND('',#15554,.F.);
#15557=CARTESIAN_POINT('',(-3.15E1,1.05E1,-1.518653347947E1));
#15558=DIRECTION('',(5.E-1,0.E0,8.660254037844E-1));
#15559=DIRECTION('',(8.660254037844E-1,0.E0,-5.E-1));
#15560=AXIS2_PLACEMENT_3D('',#15557,#15558,#15559);
#15561=PLANE('',#15560);
#15562=ORIENTED_EDGE('',*,*,#10690,.F.);
#15564=ORIENTED_EDGE('',*,*,#15563,.T.);
#15565=ORIENTED_EDGE('',*,*,#11833,.T.);
#15566=ORIENTED_EDGE('',*,*,#15550,.F.);
#15567=EDGE_LOOP('',(#15562,#15564,#15565,#15566));
#15568=FACE_OUTER_BOUND('',#15567,.F.);
#15570=CARTESIAN_POINT('',(-3.409807621135E1,1.05E1,-1.668653347947E1));
#15571=DIRECTION('',(-5.E-1,0.E0,8.660254037844E-1));
#15572=DIRECTION('',(8.660254037844E-1,0.E0,5.E-1));
#15573=AXIS2_PLACEMENT_3D('',#15570,#15571,#15572);
#15574=PLANE('',#15573);
#15575=ORIENTED_EDGE('',*,*,#10688,.F.);
#15576=ORIENTED_EDGE('',*,*,#15513,.T.);
#15577=ORIENTED_EDGE('',*,*,#11835,.T.);
#15578=ORIENTED_EDGE('',*,*,#15563,.F.);
#15579=EDGE_LOOP('',(#15575,#15576,#15577,#15578));
#15580=FACE_OUTER_BOUND('',#15579,.F.);
#15582=CARTESIAN_POINT('',(-3.759807621135E1,1.05E1,-1.362435565298E1));
#15583=DIRECTION('',(-1.E0,0.E0,0.E0));
#15584=DIRECTION('',(0.E0,0.E0,1.E0));
#15585=AXIS2_PLACEMENT_3D('',#15582,#15583,#15584);
#15586=PLANE('',#15585);
#15587=ORIENTED_EDGE('',*,*,#10700,.F.);
#15589=ORIENTED_EDGE('',*,*,#15588,.T.);
#15590=ORIENTED_EDGE('',*,*,#11839,.T.);
#15592=ORIENTED_EDGE('',*,*,#15591,.F.);
#15593=EDGE_LOOP('',(#15587,#15589,#15590,#15592));
#15594=FACE_OUTER_BOUND('',#15593,.F.);
#15596=CARTESIAN_POINT('',(-3.5E1,1.05E1,-1.512435565298E1));
#15597=DIRECTION('',(-5.E-1,0.E0,-8.660254037844E-1));
#15598=DIRECTION('',(-8.660254037844E-1,0.E0,5.E-1));
#15599=AXIS2_PLACEMENT_3D('',#15596,#15597,#15598);
#15600=PLANE('',#15599);
#15601=ORIENTED_EDGE('',*,*,#10710,.F.);
#15603=ORIENTED_EDGE('',*,*,#15602,.T.);
#15604=ORIENTED_EDGE('',*,*,#11841,.T.);
#15605=ORIENTED_EDGE('',*,*,#15588,.F.);
#15606=EDGE_LOOP('',(#15601,#15603,#15604,#15605));
#15607=FACE_OUTER_BOUND('',#15606,.F.);
#15609=CARTESIAN_POINT('',(-3.240192378865E1,1.05E1,-1.362435565298E1));
#15610=DIRECTION('',(5.E-1,0.E0,-8.660254037844E-1));
#15611=DIRECTION('',(-8.660254037844E-1,0.E0,-5.E-1));
#15612=AXIS2_PLACEMENT_3D('',#15609,#15610,#15611);
#15613=PLANE('',#15612);
#15614=ORIENTED_EDGE('',*,*,#10708,.F.);
#15616=ORIENTED_EDGE('',*,*,#15615,.T.);
#15617=ORIENTED_EDGE('',*,*,#11843,.T.);
#15618=ORIENTED_EDGE('',*,*,#15602,.F.);
#15619=EDGE_LOOP('',(#15614,#15616,#15617,#15618));
#15620=FACE_OUTER_BOUND('',#15619,.F.);
#15622=CARTESIAN_POINT('',(-3.240192378865E1,1.05E1,-1.062435565298E1));
#15623=DIRECTION('',(1.E0,0.E0,0.E0));
#15624=DIRECTION('',(0.E0,0.E0,-1.E0));
#15625=AXIS2_PLACEMENT_3D('',#15622,#15623,#15624);
#15626=PLANE('',#15625);
#15627=ORIENTED_EDGE('',*,*,#10706,.F.);
#15629=ORIENTED_EDGE('',*,*,#15628,.T.);
#15630=ORIENTED_EDGE('',*,*,#11845,.T.);
#15631=ORIENTED_EDGE('',*,*,#15615,.F.);
#15632=EDGE_LOOP('',(#15627,#15629,#15630,#15631));
#15633=FACE_OUTER_BOUND('',#15632,.F.);
#15635=CARTESIAN_POINT('',(-3.5E1,1.05E1,-9.124355652982E0));
#15636=DIRECTION('',(5.E-1,0.E0,8.660254037844E-1));
#15637=DIRECTION('',(8.660254037844E-1,0.E0,-5.E-1));
#15638=AXIS2_PLACEMENT_3D('',#15635,#15636,#15637);
#15639=PLANE('',#15638);
#15640=ORIENTED_EDGE('',*,*,#10704,.F.);
#15642=ORIENTED_EDGE('',*,*,#15641,.T.);
#15643=ORIENTED_EDGE('',*,*,#11847,.T.);
#15644=ORIENTED_EDGE('',*,*,#15628,.F.);
#15645=EDGE_LOOP('',(#15640,#15642,#15643,#15644));
#15646=FACE_OUTER_BOUND('',#15645,.F.);
#15648=CARTESIAN_POINT('',(-3.759807621135E1,1.05E1,-1.062435565298E1));
#15649=DIRECTION('',(-5.E-1,0.E0,8.660254037844E-1));
#15650=DIRECTION('',(8.660254037844E-1,0.E0,5.E-1));
#15651=AXIS2_PLACEMENT_3D('',#15648,#15649,#15650);
#15652=PLANE('',#15651);
#15653=ORIENTED_EDGE('',*,*,#10702,.F.);
#15654=ORIENTED_EDGE('',*,*,#15591,.T.);
#15655=ORIENTED_EDGE('',*,*,#11849,.T.);
#15656=ORIENTED_EDGE('',*,*,#15641,.F.);
#15657=EDGE_LOOP('',(#15653,#15654,#15655,#15656));
#15658=FACE_OUTER_BOUND('',#15657,.F.);
#15660=CARTESIAN_POINT('',(-4.109807621135E1,1.05E1,-7.562177826491E0));
#15661=DIRECTION('',(-1.E0,0.E0,0.E0));
#15662=DIRECTION('',(0.E0,0.E0,1.E0));
#15663=AXIS2_PLACEMENT_3D('',#15660,#15661,#15662);
#15664=PLANE('',#15663);
#15665=ORIENTED_EDGE('',*,*,#10714,.F.);
#15667=ORIENTED_EDGE('',*,*,#15666,.T.);
#15668=ORIENTED_EDGE('',*,*,#11853,.T.);
#15670=ORIENTED_EDGE('',*,*,#15669,.F.);
#15671=EDGE_LOOP('',(#15665,#15667,#15668,#15670));
#15672=FACE_OUTER_BOUND('',#15671,.F.);
#15674=CARTESIAN_POINT('',(-3.85E1,1.05E1,-9.062177826491E0));
#15675=DIRECTION('',(-5.E-1,0.E0,-8.660254037844E-1));
#15676=DIRECTION('',(-8.660254037844E-1,0.E0,5.E-1));
#15677=AXIS2_PLACEMENT_3D('',#15674,#15675,#15676);
#15678=PLANE('',#15677);
#15679=ORIENTED_EDGE('',*,*,#10724,.F.);
#15681=ORIENTED_EDGE('',*,*,#15680,.T.);
#15682=ORIENTED_EDGE('',*,*,#11855,.T.);
#15683=ORIENTED_EDGE('',*,*,#15666,.F.);
#15684=EDGE_LOOP('',(#15679,#15681,#15682,#15683));
#15685=FACE_OUTER_BOUND('',#15684,.F.);
#15687=CARTESIAN_POINT('',(-3.590192378865E1,1.05E1,-7.562177826491E0));
#15688=DIRECTION('',(5.E-1,0.E0,-8.660254037844E-1));
#15689=DIRECTION('',(-8.660254037844E-1,0.E0,-5.E-1));
#15690=AXIS2_PLACEMENT_3D('',#15687,#15688,#15689);
#15691=PLANE('',#15690);
#15692=ORIENTED_EDGE('',*,*,#10722,.F.);
#15694=ORIENTED_EDGE('',*,*,#15693,.T.);
#15695=ORIENTED_EDGE('',*,*,#11857,.T.);
#15696=ORIENTED_EDGE('',*,*,#15680,.F.);
#15697=EDGE_LOOP('',(#15692,#15694,#15695,#15696));
#15698=FACE_OUTER_BOUND('',#15697,.F.);
#15700=CARTESIAN_POINT('',(-3.590192378865E1,1.05E1,-4.562177826491E0));
#15701=DIRECTION('',(1.E0,0.E0,0.E0));
#15702=DIRECTION('',(0.E0,0.E0,-1.E0));
#15703=AXIS2_PLACEMENT_3D('',#15700,#15701,#15702);
#15704=PLANE('',#15703);
#15705=ORIENTED_EDGE('',*,*,#10720,.F.);
#15707=ORIENTED_EDGE('',*,*,#15706,.T.);
#15708=ORIENTED_EDGE('',*,*,#11859,.T.);
#15709=ORIENTED_EDGE('',*,*,#15693,.F.);
#15710=EDGE_LOOP('',(#15705,#15707,#15708,#15709));
#15711=FACE_OUTER_BOUND('',#15710,.F.);
#15713=CARTESIAN_POINT('',(-3.85E1,1.05E1,-3.062177826491E0));
#15714=DIRECTION('',(5.E-1,0.E0,8.660254037844E-1));
#15715=DIRECTION('',(8.660254037844E-1,0.E0,-5.E-1));
#15716=AXIS2_PLACEMENT_3D('',#15713,#15714,#15715);
#15717=PLANE('',#15716);
#15718=ORIENTED_EDGE('',*,*,#10718,.F.);
#15720=ORIENTED_EDGE('',*,*,#15719,.T.);
#15721=ORIENTED_EDGE('',*,*,#11861,.T.);
#15722=ORIENTED_EDGE('',*,*,#15706,.F.);
#15723=EDGE_LOOP('',(#15718,#15720,#15721,#15722));
#15724=FACE_OUTER_BOUND('',#15723,.F.);
#15726=CARTESIAN_POINT('',(-4.109807621135E1,1.05E1,-4.562177826491E0));
#15727=DIRECTION('',(-5.E-1,0.E0,8.660254037844E-1));
#15728=DIRECTION('',(8.660254037844E-1,0.E0,5.E-1));
#15729=AXIS2_PLACEMENT_3D('',#15726,#15727,#15728);
#15730=PLANE('',#15729);
#15731=ORIENTED_EDGE('',*,*,#10716,.F.);
#15732=ORIENTED_EDGE('',*,*,#15669,.T.);
#15733=ORIENTED_EDGE('',*,*,#11863,.T.);
#15734=ORIENTED_EDGE('',*,*,#15719,.F.);
#15735=EDGE_LOOP('',(#15731,#15732,#15733,#15734));
#15736=FACE_OUTER_BOUND('',#15735,.F.);
#15738=CARTESIAN_POINT('',(-4.459807621135E1,1.05E1,-1.5E0));
#15739=DIRECTION('',(-1.E0,0.E0,0.E0));
#15740=DIRECTION('',(0.E0,0.E0,1.E0));
#15741=AXIS2_PLACEMENT_3D('',#15738,#15739,#15740);
#15742=PLANE('',#15741);
#15743=ORIENTED_EDGE('',*,*,#10728,.F.);
#15745=ORIENTED_EDGE('',*,*,#15744,.T.);
#15746=ORIENTED_EDGE('',*,*,#11867,.T.);
#15748=ORIENTED_EDGE('',*,*,#15747,.F.);
#15749=EDGE_LOOP('',(#15743,#15745,#15746,#15748));
#15750=FACE_OUTER_BOUND('',#15749,.F.);
#15752=CARTESIAN_POINT('',(-4.2E1,1.05E1,-3.E0));
#15753=DIRECTION('',(-5.E-1,0.E0,-8.660254037844E-1));
#15754=DIRECTION('',(-8.660254037844E-1,0.E0,5.E-1));
#15755=AXIS2_PLACEMENT_3D('',#15752,#15753,#15754);
#15756=PLANE('',#15755);
#15757=ORIENTED_EDGE('',*,*,#10738,.F.);
#15759=ORIENTED_EDGE('',*,*,#15758,.T.);
#15760=ORIENTED_EDGE('',*,*,#11869,.T.);
#15761=ORIENTED_EDGE('',*,*,#15744,.F.);
#15762=EDGE_LOOP('',(#15757,#15759,#15760,#15761));
#15763=FACE_OUTER_BOUND('',#15762,.F.);
#15765=CARTESIAN_POINT('',(-3.940192378865E1,1.05E1,-1.5E0));
#15766=DIRECTION('',(5.E-1,0.E0,-8.660254037844E-1));
#15767=DIRECTION('',(-8.660254037844E-1,0.E0,-5.E-1));
#15768=AXIS2_PLACEMENT_3D('',#15765,#15766,#15767);
#15769=PLANE('',#15768);
#15770=ORIENTED_EDGE('',*,*,#10736,.F.);
#15772=ORIENTED_EDGE('',*,*,#15771,.T.);
#15773=ORIENTED_EDGE('',*,*,#11871,.T.);
#15774=ORIENTED_EDGE('',*,*,#15758,.F.);
#15775=EDGE_LOOP('',(#15770,#15772,#15773,#15774));
#15776=FACE_OUTER_BOUND('',#15775,.F.);
#15778=CARTESIAN_POINT('',(-3.940192378865E1,1.05E1,1.5E0));
#15779=DIRECTION('',(1.E0,0.E0,0.E0));
#15780=DIRECTION('',(0.E0,0.E0,-1.E0));
#15781=AXIS2_PLACEMENT_3D('',#15778,#15779,#15780);
#15782=PLANE('',#15781);
#15783=ORIENTED_EDGE('',*,*,#10734,.F.);
#15785=ORIENTED_EDGE('',*,*,#15784,.T.);
#15786=ORIENTED_EDGE('',*,*,#11873,.T.);
#15787=ORIENTED_EDGE('',*,*,#15771,.F.);
#15788=EDGE_LOOP('',(#15783,#15785,#15786,#15787));
#15789=FACE_OUTER_BOUND('',#15788,.F.);
#15791=CARTESIAN_POINT('',(-4.2E1,1.05E1,3.E0));
#15792=DIRECTION('',(5.E-1,0.E0,8.660254037844E-1));
#15793=DIRECTION('',(8.660254037844E-1,0.E0,-5.E-1));
#15794=AXIS2_PLACEMENT_3D('',#15791,#15792,#15793);
#15795=PLANE('',#15794);
#15796=ORIENTED_EDGE('',*,*,#10732,.F.);
#15798=ORIENTED_EDGE('',*,*,#15797,.T.);
#15799=ORIENTED_EDGE('',*,*,#11875,.T.);
#15800=ORIENTED_EDGE('',*,*,#15784,.F.);
#15801=EDGE_LOOP('',(#15796,#15798,#15799,#15800));
#15802=FACE_OUTER_BOUND('',#15801,.F.);
#15804=CARTESIAN_POINT('',(-4.459807621135E1,1.05E1,1.5E0));
#15805=DIRECTION('',(-5.E-1,0.E0,8.660254037844E-1));
#15806=DIRECTION('',(8.660254037844E-1,0.E0,5.E-1));
#15807=AXIS2_PLACEMENT_3D('',#15804,#15805,#15806);
#15808=PLANE('',#15807);
#15809=ORIENTED_EDGE('',*,*,#10730,.F.);
#15810=ORIENTED_EDGE('',*,*,#15747,.T.);
#15811=ORIENTED_EDGE('',*,*,#11877,.T.);
#15812=ORIENTED_EDGE('',*,*,#15797,.F.);
#15813=EDGE_LOOP('',(#15809,#15810,#15811,#15812));
#15814=FACE_OUTER_BOUND('',#15813,.F.);
#15816=CARTESIAN_POINT('',(-4.109807621135E1,1.05E1,4.562177826491E0));
#15817=DIRECTION('',(-1.E0,0.E0,0.E0));
#15818=DIRECTION('',(0.E0,0.E0,1.E0));
#15819=AXIS2_PLACEMENT_3D('',#15816,#15817,#15818);
#15820=PLANE('',#15819);
#15821=ORIENTED_EDGE('',*,*,#10742,.F.);
#15823=ORIENTED_EDGE('',*,*,#15822,.T.);
#15824=ORIENTED_EDGE('',*,*,#11881,.T.);
#15826=ORIENTED_EDGE('',*,*,#15825,.F.);
#15827=EDGE_LOOP('',(#15821,#15823,#15824,#15826));
#15828=FACE_OUTER_BOUND('',#15827,.F.);
#15830=CARTESIAN_POINT('',(-3.85E1,1.05E1,3.062177826491E0));
#15831=DIRECTION('',(-5.E-1,0.E0,-8.660254037844E-1));
#15832=DIRECTION('',(-8.660254037844E-1,0.E0,5.E-1));
#15833=AXIS2_PLACEMENT_3D('',#15830,#15831,#15832);
#15834=PLANE('',#15833);
#15835=ORIENTED_EDGE('',*,*,#10752,.F.);
#15837=ORIENTED_EDGE('',*,*,#15836,.T.);
#15838=ORIENTED_EDGE('',*,*,#11883,.T.);
#15839=ORIENTED_EDGE('',*,*,#15822,.F.);
#15840=EDGE_LOOP('',(#15835,#15837,#15838,#15839));
#15841=FACE_OUTER_BOUND('',#15840,.F.);
#15843=CARTESIAN_POINT('',(-3.590192378865E1,1.05E1,4.562177826491E0));
#15844=DIRECTION('',(5.E-1,0.E0,-8.660254037844E-1));
#15845=DIRECTION('',(-8.660254037844E-1,0.E0,-5.E-1));
#15846=AXIS2_PLACEMENT_3D('',#15843,#15844,#15845);
#15847=PLANE('',#15846);
#15848=ORIENTED_EDGE('',*,*,#10750,.F.);
#15850=ORIENTED_EDGE('',*,*,#15849,.T.);
#15851=ORIENTED_EDGE('',*,*,#11885,.T.);
#15852=ORIENTED_EDGE('',*,*,#15836,.F.);
#15853=EDGE_LOOP('',(#15848,#15850,#15851,#15852));
#15854=FACE_OUTER_BOUND('',#15853,.F.);
#15856=CARTESIAN_POINT('',(-3.590192378865E1,1.05E1,7.562177826491E0));
#15857=DIRECTION('',(1.E0,0.E0,0.E0));
#15858=DIRECTION('',(0.E0,0.E0,-1.E0));
#15859=AXIS2_PLACEMENT_3D('',#15856,#15857,#15858);
#15860=PLANE('',#15859);
#15861=ORIENTED_EDGE('',*,*,#10748,.F.);
#15863=ORIENTED_EDGE('',*,*,#15862,.T.);
#15864=ORIENTED_EDGE('',*,*,#11887,.T.);
#15865=ORIENTED_EDGE('',*,*,#15849,.F.);
#15866=EDGE_LOOP('',(#15861,#15863,#15864,#15865));
#15867=FACE_OUTER_BOUND('',#15866,.F.);
#15869=CARTESIAN_POINT('',(-3.85E1,1.05E1,9.062177826491E0));
#15870=DIRECTION('',(5.E-1,0.E0,8.660254037844E-1));
#15871=DIRECTION('',(8.660254037844E-1,0.E0,-5.E-1));
#15872=AXIS2_PLACEMENT_3D('',#15869,#15870,#15871);
#15873=PLANE('',#15872);
#15874=ORIENTED_EDGE('',*,*,#10746,.F.);
#15876=ORIENTED_EDGE('',*,*,#15875,.T.);
#15877=ORIENTED_EDGE('',*,*,#11889,.T.);
#15878=ORIENTED_EDGE('',*,*,#15862,.F.);
#15879=EDGE_LOOP('',(#15874,#15876,#15877,#15878));
#15880=FACE_OUTER_BOUND('',#15879,.F.);
#15882=CARTESIAN_POINT('',(-4.109807621135E1,1.05E1,7.562177826491E0));
#15883=DIRECTION('',(-5.E-1,0.E0,8.660254037844E-1));
#15884=DIRECTION('',(8.660254037844E-1,0.E0,5.E-1));
#15885=AXIS2_PLACEMENT_3D('',#15882,#15883,#15884);
#15886=PLANE('',#15885);
#15887=ORIENTED_EDGE('',*,*,#10744,.F.);
#15888=ORIENTED_EDGE('',*,*,#15825,.T.);
#15889=ORIENTED_EDGE('',*,*,#11891,.T.);
#15890=ORIENTED_EDGE('',*,*,#15875,.F.);
#15891=EDGE_LOOP('',(#15887,#15888,#15889,#15890));
#15892=FACE_OUTER_BOUND('',#15891,.F.);
#15894=CARTESIAN_POINT('',(-3.759807621135E1,1.05E1,1.062435565298E1));
#15895=DIRECTION('',(-1.E0,0.E0,0.E0));
#15896=DIRECTION('',(0.E0,0.E0,1.E0));
#15897=AXIS2_PLACEMENT_3D('',#15894,#15895,#15896);
#15898=PLANE('',#15897);
#15899=ORIENTED_EDGE('',*,*,#10756,.F.);
#15901=ORIENTED_EDGE('',*,*,#15900,.T.);
#15902=ORIENTED_EDGE('',*,*,#11895,.T.);
#15904=ORIENTED_EDGE('',*,*,#15903,.F.);
#15905=EDGE_LOOP('',(#15899,#15901,#15902,#15904));
#15906=FACE_OUTER_BOUND('',#15905,.F.);
#15908=CARTESIAN_POINT('',(-3.5E1,1.05E1,9.124355652982E0));
#15909=DIRECTION('',(-5.E-1,0.E0,-8.660254037844E-1));
#15910=DIRECTION('',(-8.660254037844E-1,0.E0,5.E-1));
#15911=AXIS2_PLACEMENT_3D('',#15908,#15909,#15910);
#15912=PLANE('',#15911);
#15913=ORIENTED_EDGE('',*,*,#10766,.F.);
#15915=ORIENTED_EDGE('',*,*,#15914,.T.);
#15916=ORIENTED_EDGE('',*,*,#11897,.T.);
#15917=ORIENTED_EDGE('',*,*,#15900,.F.);
#15918=EDGE_LOOP('',(#15913,#15915,#15916,#15917));
#15919=FACE_OUTER_BOUND('',#15918,.F.);
#15921=CARTESIAN_POINT('',(-3.240192378865E1,1.05E1,1.062435565298E1));
#15922=DIRECTION('',(5.E-1,0.E0,-8.660254037844E-1));
#15923=DIRECTION('',(-8.660254037844E-1,0.E0,-5.E-1));
#15924=AXIS2_PLACEMENT_3D('',#15921,#15922,#15923);
#15925=PLANE('',#15924);
#15926=ORIENTED_EDGE('',*,*,#10764,.F.);
#15928=ORIENTED_EDGE('',*,*,#15927,.T.);
#15929=ORIENTED_EDGE('',*,*,#11899,.T.);
#15930=ORIENTED_EDGE('',*,*,#15914,.F.);
#15931=EDGE_LOOP('',(#15926,#15928,#15929,#15930));
#15932=FACE_OUTER_BOUND('',#15931,.F.);
#15934=CARTESIAN_POINT('',(-3.240192378865E1,1.05E1,1.362435565298E1));
#15935=DIRECTION('',(1.E0,0.E0,0.E0));
#15936=DIRECTION('',(0.E0,0.E0,-1.E0));
#15937=AXIS2_PLACEMENT_3D('',#15934,#15935,#15936);
#15938=PLANE('',#15937);
#15939=ORIENTED_EDGE('',*,*,#10762,.F.);
#15941=ORIENTED_EDGE('',*,*,#15940,.T.);
#15942=ORIENTED_EDGE('',*,*,#11901,.T.);
#15943=ORIENTED_EDGE('',*,*,#15927,.F.);
#15944=EDGE_LOOP('',(#15939,#15941,#15942,#15943));
#15945=FACE_OUTER_BOUND('',#15944,.F.);
#15947=CARTESIAN_POINT('',(-3.5E1,1.05E1,1.512435565298E1));
#15948=DIRECTION('',(5.E-1,0.E0,8.660254037844E-1));
#15949=DIRECTION('',(8.660254037844E-1,0.E0,-5.E-1));
#15950=AXIS2_PLACEMENT_3D('',#15947,#15948,#15949);
#15951=PLANE('',#15950);
#15952=ORIENTED_EDGE('',*,*,#10760,.F.);
#15954=ORIENTED_EDGE('',*,*,#15953,.T.);
#15955=ORIENTED_EDGE('',*,*,#11903,.T.);
#15956=ORIENTED_EDGE('',*,*,#15940,.F.);
#15957=EDGE_LOOP('',(#15952,#15954,#15955,#15956));
#15958=FACE_OUTER_BOUND('',#15957,.F.);
#15960=CARTESIAN_POINT('',(-3.759807621135E1,1.05E1,1.362435565298E1));
#15961=DIRECTION('',(-5.E-1,0.E0,8.660254037844E-1));
#15962=DIRECTION('',(8.660254037844E-1,0.E0,5.E-1));
#15963=AXIS2_PLACEMENT_3D('',#15960,#15961,#15962);
#15964=PLANE('',#15963);
#15965=ORIENTED_EDGE('',*,*,#10758,.F.);
#15966=ORIENTED_EDGE('',*,*,#15903,.T.);
#15967=ORIENTED_EDGE('',*,*,#11905,.T.);
#15968=ORIENTED_EDGE('',*,*,#15953,.F.);
#15969=EDGE_LOOP('',(#15965,#15966,#15967,#15968));
#15970=FACE_OUTER_BOUND('',#15969,.F.);
#15972=CARTESIAN_POINT('',(-3.409807621135E1,1.05E1,1.668653347947E1));
#15973=DIRECTION('',(-1.E0,0.E0,0.E0));
#15974=DIRECTION('',(0.E0,0.E0,1.E0));
#15975=AXIS2_PLACEMENT_3D('',#15972,#15973,#15974);
#15976=PLANE('',#15975);
#15977=ORIENTED_EDGE('',*,*,#10770,.F.);
#15979=ORIENTED_EDGE('',*,*,#15978,.T.);
#15980=ORIENTED_EDGE('',*,*,#11909,.T.);
#15982=ORIENTED_EDGE('',*,*,#15981,.F.);
#15983=EDGE_LOOP('',(#15977,#15979,#15980,#15982));
#15984=FACE_OUTER_BOUND('',#15983,.F.);
#15986=CARTESIAN_POINT('',(-3.15E1,1.05E1,1.518653347947E1));
#15987=DIRECTION('',(-5.E-1,0.E0,-8.660254037844E-1));
#15988=DIRECTION('',(-8.660254037844E-1,0.E0,5.E-1));
#15989=AXIS2_PLACEMENT_3D('',#15986,#15987,#15988);
#15990=PLANE('',#15989);
#15991=ORIENTED_EDGE('',*,*,#10780,.F.);
#15993=ORIENTED_EDGE('',*,*,#15992,.T.);
#15994=ORIENTED_EDGE('',*,*,#11911,.T.);
#15995=ORIENTED_EDGE('',*,*,#15978,.F.);
#15996=EDGE_LOOP('',(#15991,#15993,#15994,#15995));
#15997=FACE_OUTER_BOUND('',#15996,.F.);
#15999=CARTESIAN_POINT('',(-2.890192378865E1,1.05E1,1.668653347947E1));
#16000=DIRECTION('',(5.E-1,0.E0,-8.660254037844E-1));
#16001=DIRECTION('',(-8.660254037844E-1,0.E0,-5.E-1));
#16002=AXIS2_PLACEMENT_3D('',#15999,#16000,#16001);
#16003=PLANE('',#16002);
#16004=ORIENTED_EDGE('',*,*,#10778,.F.);
#16006=ORIENTED_EDGE('',*,*,#16005,.T.);
#16007=ORIENTED_EDGE('',*,*,#11913,.T.);
#16008=ORIENTED_EDGE('',*,*,#15992,.F.);
#16009=EDGE_LOOP('',(#16004,#16006,#16007,#16008));
#16010=FACE_OUTER_BOUND('',#16009,.F.);
#16012=CARTESIAN_POINT('',(-2.890192378865E1,1.05E1,1.968653347947E1));
#16013=DIRECTION('',(1.E0,0.E0,0.E0));
#16014=DIRECTION('',(0.E0,0.E0,-1.E0));
#16015=AXIS2_PLACEMENT_3D('',#16012,#16013,#16014);
#16016=PLANE('',#16015);
#16017=ORIENTED_EDGE('',*,*,#10776,.F.);
#16019=ORIENTED_EDGE('',*,*,#16018,.T.);
#16020=ORIENTED_EDGE('',*,*,#11915,.T.);
#16021=ORIENTED_EDGE('',*,*,#16005,.F.);
#16022=EDGE_LOOP('',(#16017,#16019,#16020,#16021));
#16023=FACE_OUTER_BOUND('',#16022,.F.);
#16025=CARTESIAN_POINT('',(-3.15E1,1.05E1,2.118653347947E1));
#16026=DIRECTION('',(5.E-1,0.E0,8.660254037844E-1));
#16027=DIRECTION('',(8.660254037844E-1,0.E0,-5.E-1));
#16028=AXIS2_PLACEMENT_3D('',#16025,#16026,#16027);
#16029=PLANE('',#16028);
#16030=ORIENTED_EDGE('',*,*,#10774,.F.);
#16032=ORIENTED_EDGE('',*,*,#16031,.T.);
#16033=ORIENTED_EDGE('',*,*,#11917,.T.);
#16034=ORIENTED_EDGE('',*,*,#16018,.F.);
#16035=EDGE_LOOP('',(#16030,#16032,#16033,#16034));
#16036=FACE_OUTER_BOUND('',#16035,.F.);
#16038=CARTESIAN_POINT('',(-3.409807621135E1,1.05E1,1.968653347947E1));
#16039=DIRECTION('',(-5.E-1,0.E0,8.660254037844E-1));
#16040=DIRECTION('',(8.660254037844E-1,0.E0,5.E-1));
#16041=AXIS2_PLACEMENT_3D('',#16038,#16039,#16040);
#16042=PLANE('',#16041);
#16043=ORIENTED_EDGE('',*,*,#10772,.F.);
#16044=ORIENTED_EDGE('',*,*,#15981,.T.);
#16045=ORIENTED_EDGE('',*,*,#11919,.T.);
#16046=ORIENTED_EDGE('',*,*,#16031,.F.);
#16047=EDGE_LOOP('',(#16043,#16044,#16045,#16046));
#16048=FACE_OUTER_BOUND('',#16047,.F.);
#16050=CARTESIAN_POINT('',(-4.109807621135E1,1.05E1,-1.968653347947E1));
#16051=DIRECTION('',(-1.E0,0.E0,0.E0));
#16052=DIRECTION('',(0.E0,0.E0,1.E0));
#16053=AXIS2_PLACEMENT_3D('',#16050,#16051,#16052);
#16054=PLANE('',#16053);
#16055=ORIENTED_EDGE('',*,*,#10798,.F.);
#16057=ORIENTED_EDGE('',*,*,#16056,.T.);
#16058=ORIENTED_EDGE('',*,*,#11923,.T.);
#16060=ORIENTED_EDGE('',*,*,#16059,.F.);
#16061=EDGE_LOOP('',(#16055,#16057,#16058,#16060));
#16062=FACE_OUTER_BOUND('',#16061,.F.);
#16064=CARTESIAN_POINT('',(-3.85E1,1.05E1,-2.118653347947E1));
#16065=DIRECTION('',(-5.E-1,0.E0,-8.660254037844E-1));
#16066=DIRECTION('',(-8.660254037844E-1,0.E0,5.E-1));
#16067=AXIS2_PLACEMENT_3D('',#16064,#16065,#16066);
#16068=PLANE('',#16067);
#16069=ORIENTED_EDGE('',*,*,#10808,.F.);
#16071=ORIENTED_EDGE('',*,*,#16070,.T.);
#16072=ORIENTED_EDGE('',*,*,#11925,.T.);
#16073=ORIENTED_EDGE('',*,*,#16056,.F.);
#16074=EDGE_LOOP('',(#16069,#16071,#16072,#16073));
#16075=FACE_OUTER_BOUND('',#16074,.F.);
#16077=CARTESIAN_POINT('',(-3.590192378865E1,1.05E1,-1.968653347947E1));
#16078=DIRECTION('',(5.E-1,0.E0,-8.660254037844E-1));
#16079=DIRECTION('',(-8.660254037844E-1,0.E0,-5.E-1));
#16080=AXIS2_PLACEMENT_3D('',#16077,#16078,#16079);
#16081=PLANE('',#16080);
#16082=ORIENTED_EDGE('',*,*,#10806,.F.);
#16084=ORIENTED_EDGE('',*,*,#16083,.T.);
#16085=ORIENTED_EDGE('',*,*,#11927,.T.);
#16086=ORIENTED_EDGE('',*,*,#16070,.F.);
#16087=EDGE_LOOP('',(#16082,#16084,#16085,#16086));
#16088=FACE_OUTER_BOUND('',#16087,.F.);
#16090=CARTESIAN_POINT('',(-3.590192378865E1,1.05E1,-1.668653347947E1));
#16091=DIRECTION('',(1.E0,0.E0,0.E0));
#16092=DIRECTION('',(0.E0,0.E0,-1.E0));
#16093=AXIS2_PLACEMENT_3D('',#16090,#16091,#16092);
#16094=PLANE('',#16093);
#16095=ORIENTED_EDGE('',*,*,#10804,.F.);
#16097=ORIENTED_EDGE('',*,*,#16096,.T.);
#16098=ORIENTED_EDGE('',*,*,#11929,.T.);
#16099=ORIENTED_EDGE('',*,*,#16083,.F.);
#16100=EDGE_LOOP('',(#16095,#16097,#16098,#16099));
#16101=FACE_OUTER_BOUND('',#16100,.F.);
#16103=CARTESIAN_POINT('',(-3.85E1,1.05E1,-1.518653347947E1));
#16104=DIRECTION('',(5.E-1,0.E0,8.660254037844E-1));
#16105=DIRECTION('',(8.660254037844E-1,0.E0,-5.E-1));
#16106=AXIS2_PLACEMENT_3D('',#16103,#16104,#16105);
#16107=PLANE('',#16106);
#16108=ORIENTED_EDGE('',*,*,#10802,.F.);
#16110=ORIENTED_EDGE('',*,*,#16109,.T.);
#16111=ORIENTED_EDGE('',*,*,#11931,.T.);
#16112=ORIENTED_EDGE('',*,*,#16096,.F.);
#16113=EDGE_LOOP('',(#16108,#16110,#16111,#16112));
#16114=FACE_OUTER_BOUND('',#16113,.F.);
#16116=CARTESIAN_POINT('',(-4.109807621135E1,1.05E1,-1.668653347947E1));
#16117=DIRECTION('',(-5.E-1,0.E0,8.660254037844E-1));
#16118=DIRECTION('',(8.660254037844E-1,0.E0,5.E-1));
#16119=AXIS2_PLACEMENT_3D('',#16116,#16117,#16118);
#16120=PLANE('',#16119);
#16121=ORIENTED_EDGE('',*,*,#10800,.F.);
#16122=ORIENTED_EDGE('',*,*,#16059,.T.);
#16123=ORIENTED_EDGE('',*,*,#11933,.T.);
#16124=ORIENTED_EDGE('',*,*,#16109,.F.);
#16125=EDGE_LOOP('',(#16121,#16122,#16123,#16124));
#16126=FACE_OUTER_BOUND('',#16125,.F.);
#16128=CARTESIAN_POINT('',(-4.459807621135E1,1.05E1,-1.362435565298E1));
#16129=DIRECTION('',(-1.E0,0.E0,0.E0));
#16130=DIRECTION('',(0.E0,0.E0,1.E0));
#16131=AXIS2_PLACEMENT_3D('',#16128,#16129,#16130);
#16132=PLANE('',#16131);
#16133=ORIENTED_EDGE('',*,*,#10812,.F.);
#16135=ORIENTED_EDGE('',*,*,#16134,.T.);
#16136=ORIENTED_EDGE('',*,*,#11937,.T.);
#16138=ORIENTED_EDGE('',*,*,#16137,.F.);
#16139=EDGE_LOOP('',(#16133,#16135,#16136,#16138));
#16140=FACE_OUTER_BOUND('',#16139,.F.);
#16142=CARTESIAN_POINT('',(-4.2E1,1.05E1,-1.512435565298E1));
#16143=DIRECTION('',(-5.E-1,0.E0,-8.660254037844E-1));
#16144=DIRECTION('',(-8.660254037844E-1,0.E0,5.E-1));
#16145=AXIS2_PLACEMENT_3D('',#16142,#16143,#16144);
#16146=PLANE('',#16145);
#16147=ORIENTED_EDGE('',*,*,#10822,.F.);
#16149=ORIENTED_EDGE('',*,*,#16148,.T.);
#16150=ORIENTED_EDGE('',*,*,#11939,.T.);
#16151=ORIENTED_EDGE('',*,*,#16134,.F.);
#16152=EDGE_LOOP('',(#16147,#16149,#16150,#16151));
#16153=FACE_OUTER_BOUND('',#16152,.F.);
#16155=CARTESIAN_POINT('',(-3.940192378865E1,1.05E1,-1.362435565298E1));
#16156=DIRECTION('',(5.E-1,0.E0,-8.660254037844E-1));
#16157=DIRECTION('',(-8.660254037844E-1,0.E0,-5.E-1));
#16158=AXIS2_PLACEMENT_3D('',#16155,#16156,#16157);
#16159=PLANE('',#16158);
#16160=ORIENTED_EDGE('',*,*,#10820,.F.);
#16162=ORIENTED_EDGE('',*,*,#16161,.T.);
#16163=ORIENTED_EDGE('',*,*,#11941,.T.);
#16164=ORIENTED_EDGE('',*,*,#16148,.F.);
#16165=EDGE_LOOP('',(#16160,#16162,#16163,#16164));
#16166=FACE_OUTER_BOUND('',#16165,.F.);
#16168=CARTESIAN_POINT('',(-3.940192378865E1,1.05E1,-1.062435565298E1));
#16169=DIRECTION('',(1.E0,0.E0,0.E0));
#16170=DIRECTION('',(0.E0,0.E0,-1.E0));
#16171=AXIS2_PLACEMENT_3D('',#16168,#16169,#16170);
#16172=PLANE('',#16171);
#16173=ORIENTED_EDGE('',*,*,#10818,.F.);
#16175=ORIENTED_EDGE('',*,*,#16174,.T.);
#16176=ORIENTED_EDGE('',*,*,#11943,.T.);
#16177=ORIENTED_EDGE('',*,*,#16161,.F.);
#16178=EDGE_LOOP('',(#16173,#16175,#16176,#16177));
#16179=FACE_OUTER_BOUND('',#16178,.F.);
#16181=CARTESIAN_POINT('',(-4.2E1,1.05E1,-9.124355652982E0));
#16182=DIRECTION('',(5.E-1,0.E0,8.660254037844E-1));
#16183=DIRECTION('',(8.660254037844E-1,0.E0,-5.E-1));
#16184=AXIS2_PLACEMENT_3D('',#16181,#16182,#16183);
#16185=PLANE('',#16184);
#16186=ORIENTED_EDGE('',*,*,#10816,.F.);
#16188=ORIENTED_EDGE('',*,*,#16187,.T.);
#16189=ORIENTED_EDGE('',*,*,#11945,.T.);
#16190=ORIENTED_EDGE('',*,*,#16174,.F.);
#16191=EDGE_LOOP('',(#16186,#16188,#16189,#16190));
#16192=FACE_OUTER_BOUND('',#16191,.F.);
#16194=CARTESIAN_POINT('',(-4.459807621135E1,1.05E1,-1.062435565298E1));
#16195=DIRECTION('',(-5.E-1,0.E0,8.660254037844E-1));
#16196=DIRECTION('',(8.660254037844E-1,0.E0,5.E-1));
#16197=AXIS2_PLACEMENT_3D('',#16194,#16195,#16196);
#16198=PLANE('',#16197);
#16199=ORIENTED_EDGE('',*,*,#10814,.F.);
#16200=ORIENTED_EDGE('',*,*,#16137,.T.);
#16201=ORIENTED_EDGE('',*,*,#11947,.T.);
#16202=ORIENTED_EDGE('',*,*,#16187,.F.);
#16203=EDGE_LOOP('',(#16199,#16200,#16201,#16202));
#16204=FACE_OUTER_BOUND('',#16203,.F.);
#16206=CARTESIAN_POINT('',(-4.459807621135E1,1.05E1,1.062435565298E1));
#16207=DIRECTION('',(-1.E0,0.E0,0.E0));
#16208=DIRECTION('',(0.E0,0.E0,1.E0));
#16209=AXIS2_PLACEMENT_3D('',#16206,#16207,#16208);
#16210=PLANE('',#16209);
#16211=ORIENTED_EDGE('',*,*,#10826,.F.);
#16213=ORIENTED_EDGE('',*,*,#16212,.T.);
#16214=ORIENTED_EDGE('',*,*,#11951,.T.);
#16216=ORIENTED_EDGE('',*,*,#16215,.F.);
#16217=EDGE_LOOP('',(#16211,#16213,#16214,#16216));
#16218=FACE_OUTER_BOUND('',#16217,.F.);
#16220=CARTESIAN_POINT('',(-4.2E1,1.05E1,9.124355652982E0));
#16221=DIRECTION('',(-5.E-1,0.E0,-8.660254037844E-1));
#16222=DIRECTION('',(-8.660254037844E-1,0.E0,5.E-1));
#16223=AXIS2_PLACEMENT_3D('',#16220,#16221,#16222);
#16224=PLANE('',#16223);
#16225=ORIENTED_EDGE('',*,*,#10836,.F.);
#16227=ORIENTED_EDGE('',*,*,#16226,.T.);
#16228=ORIENTED_EDGE('',*,*,#11953,.T.);
#16229=ORIENTED_EDGE('',*,*,#16212,.F.);
#16230=EDGE_LOOP('',(#16225,#16227,#16228,#16229));
#16231=FACE_OUTER_BOUND('',#16230,.F.);
#16233=CARTESIAN_POINT('',(-3.940192378865E1,1.05E1,1.062435565298E1));
#16234=DIRECTION('',(5.E-1,0.E0,-8.660254037844E-1));
#16235=DIRECTION('',(-8.660254037844E-1,0.E0,-5.E-1));
#16236=AXIS2_PLACEMENT_3D('',#16233,#16234,#16235);
#16237=PLANE('',#16236);
#16238=ORIENTED_EDGE('',*,*,#10834,.F.);
#16240=ORIENTED_EDGE('',*,*,#16239,.T.);
#16241=ORIENTED_EDGE('',*,*,#11955,.T.);
#16242=ORIENTED_EDGE('',*,*,#16226,.F.);
#16243=EDGE_LOOP('',(#16238,#16240,#16241,#16242));
#16244=FACE_OUTER_BOUND('',#16243,.F.);
#16246=CARTESIAN_POINT('',(-3.940192378865E1,1.05E1,1.362435565298E1));
#16247=DIRECTION('',(1.E0,0.E0,0.E0));
#16248=DIRECTION('',(0.E0,0.E0,-1.E0));
#16249=AXIS2_PLACEMENT_3D('',#16246,#16247,#16248);
#16250=PLANE('',#16249);
#16251=ORIENTED_EDGE('',*,*,#10832,.F.);
#16253=ORIENTED_EDGE('',*,*,#16252,.T.);
#16254=ORIENTED_EDGE('',*,*,#11957,.T.);
#16255=ORIENTED_EDGE('',*,*,#16239,.F.);
#16256=EDGE_LOOP('',(#16251,#16253,#16254,#16255));
#16257=FACE_OUTER_BOUND('',#16256,.F.);
#16259=CARTESIAN_POINT('',(-4.2E1,1.05E1,1.512435565298E1));
#16260=DIRECTION('',(5.E-1,0.E0,8.660254037844E-1));
#16261=DIRECTION('',(8.660254037844E-1,0.E0,-5.E-1));
#16262=AXIS2_PLACEMENT_3D('',#16259,#16260,#16261);
#16263=PLANE('',#16262);
#16264=ORIENTED_EDGE('',*,*,#10830,.F.);
#16266=ORIENTED_EDGE('',*,*,#16265,.T.);
#16267=ORIENTED_EDGE('',*,*,#11959,.T.);
#16268=ORIENTED_EDGE('',*,*,#16252,.F.);
#16269=EDGE_LOOP('',(#16264,#16266,#16267,#16268));
#16270=FACE_OUTER_BOUND('',#16269,.F.);
#16272=CARTESIAN_POINT('',(-4.459807621135E1,1.05E1,1.362435565298E1));
#16273=DIRECTION('',(-5.E-1,0.E0,8.660254037844E-1));
#16274=DIRECTION('',(8.660254037844E-1,0.E0,5.E-1));
#16275=AXIS2_PLACEMENT_3D('',#16272,#16273,#16274);
#16276=PLANE('',#16275);
#16277=ORIENTED_EDGE('',*,*,#10828,.F.);
#16278=ORIENTED_EDGE('',*,*,#16215,.T.);
#16279=ORIENTED_EDGE('',*,*,#11961,.T.);
#16280=ORIENTED_EDGE('',*,*,#16265,.F.);
#16281=EDGE_LOOP('',(#16277,#16278,#16279,#16280));
#16282=FACE_OUTER_BOUND('',#16281,.F.);
#16284=CARTESIAN_POINT('',(-4.109807621135E1,1.05E1,1.668653347947E1));
#16285=DIRECTION('',(-1.E0,0.E0,0.E0));
#16286=DIRECTION('',(0.E0,0.E0,1.E0));
#16287=AXIS2_PLACEMENT_3D('',#16284,#16285,#16286);
#16288=PLANE('',#16287);
#16289=ORIENTED_EDGE('',*,*,#10840,.F.);
#16291=ORIENTED_EDGE('',*,*,#16290,.T.);
#16292=ORIENTED_EDGE('',*,*,#11965,.T.);
#16294=ORIENTED_EDGE('',*,*,#16293,.F.);
#16295=EDGE_LOOP('',(#16289,#16291,#16292,#16294));
#16296=FACE_OUTER_BOUND('',#16295,.F.);
#16298=CARTESIAN_POINT('',(-3.85E1,1.05E1,1.518653347947E1));
#16299=DIRECTION('',(-5.E-1,0.E0,-8.660254037844E-1));
#16300=DIRECTION('',(-8.660254037844E-1,0.E0,5.E-1));
#16301=AXIS2_PLACEMENT_3D('',#16298,#16299,#16300);
#16302=PLANE('',#16301);
#16303=ORIENTED_EDGE('',*,*,#10850,.F.);
#16305=ORIENTED_EDGE('',*,*,#16304,.T.);
#16306=ORIENTED_EDGE('',*,*,#11967,.T.);
#16307=ORIENTED_EDGE('',*,*,#16290,.F.);
#16308=EDGE_LOOP('',(#16303,#16305,#16306,#16307));
#16309=FACE_OUTER_BOUND('',#16308,.F.);
#16311=CARTESIAN_POINT('',(-3.590192378865E1,1.05E1,1.668653347947E1));
#16312=DIRECTION('',(5.E-1,0.E0,-8.660254037844E-1));
#16313=DIRECTION('',(-8.660254037844E-1,0.E0,-5.E-1));
#16314=AXIS2_PLACEMENT_3D('',#16311,#16312,#16313);
#16315=PLANE('',#16314);
#16316=ORIENTED_EDGE('',*,*,#10848,.F.);
#16318=ORIENTED_EDGE('',*,*,#16317,.T.);
#16319=ORIENTED_EDGE('',*,*,#11969,.T.);
#16320=ORIENTED_EDGE('',*,*,#16304,.F.);
#16321=EDGE_LOOP('',(#16316,#16318,#16319,#16320));
#16322=FACE_OUTER_BOUND('',#16321,.F.);
#16324=CARTESIAN_POINT('',(-3.590192378865E1,1.05E1,1.968653347947E1));
#16325=DIRECTION('',(1.E0,0.E0,0.E0));
#16326=DIRECTION('',(0.E0,0.E0,-1.E0));
#16327=AXIS2_PLACEMENT_3D('',#16324,#16325,#16326);
#16328=PLANE('',#16327);
#16329=ORIENTED_EDGE('',*,*,#10846,.F.);
#16331=ORIENTED_EDGE('',*,*,#16330,.T.);
#16332=ORIENTED_EDGE('',*,*,#11971,.T.);
#16333=ORIENTED_EDGE('',*,*,#16317,.F.);
#16334=EDGE_LOOP('',(#16329,#16331,#16332,#16333));
#16335=FACE_OUTER_BOUND('',#16334,.F.);
#16337=CARTESIAN_POINT('',(-3.85E1,1.05E1,2.118653347947E1));
#16338=DIRECTION('',(5.E-1,0.E0,8.660254037844E-1));
#16339=DIRECTION('',(8.660254037844E-1,0.E0,-5.E-1));
#16340=AXIS2_PLACEMENT_3D('',#16337,#16338,#16339);
#16341=PLANE('',#16340);
#16342=ORIENTED_EDGE('',*,*,#10844,.F.);
#16344=ORIENTED_EDGE('',*,*,#16343,.T.);
#16345=ORIENTED_EDGE('',*,*,#11973,.T.);
#16346=ORIENTED_EDGE('',*,*,#16330,.F.);
#16347=EDGE_LOOP('',(#16342,#16344,#16345,#16346));
#16348=FACE_OUTER_BOUND('',#16347,.F.);
#16350=CARTESIAN_POINT('',(-4.109807621135E1,1.05E1,1.968653347947E1));
#16351=DIRECTION('',(-5.E-1,0.E0,8.660254037844E-1));
#16352=DIRECTION('',(8.660254037844E-1,0.E0,5.E-1));
#16353=AXIS2_PLACEMENT_3D('',#16350,#16351,#16352);
#16354=PLANE('',#16353);
#16355=ORIENTED_EDGE('',*,*,#10842,.F.);
#16356=ORIENTED_EDGE('',*,*,#16293,.T.);
#16357=ORIENTED_EDGE('',*,*,#11975,.T.);
#16358=ORIENTED_EDGE('',*,*,#16343,.F.);
#16359=EDGE_LOOP('',(#16355,#16356,#16357,#16358));
#16360=FACE_OUTER_BOUND('',#16359,.F.);
#16362=CARTESIAN_POINT('',(-5.979878337716E0,7.5E0,-2.966071873441E1));
#16363=DIRECTION('',(0.E0,-7.071067811865E-1,7.071067811865E-1));
#16364=DIRECTION('',(0.E0,7.071067811865E-1,7.071067811865E-1));
#16365=AXIS2_PLACEMENT_3D('',#16362,#16363,#16364);
#16366=PLANE('',#16365);
#16367=ORIENTED_EDGE('',*,*,#11078,.T.);
#16369=ORIENTED_EDGE('',*,*,#16368,.F.);
#16371=ORIENTED_EDGE('',*,*,#16370,.T.);
#16373=ORIENTED_EDGE('',*,*,#16372,.T.);
#16374=ORIENTED_EDGE('',*,*,#11166,.T.);
#16376=ORIENTED_EDGE('',*,*,#16375,.F.);
#16378=ORIENTED_EDGE('',*,*,#16377,.F.);
#16380=ORIENTED_EDGE('',*,*,#16379,.F.);
#16381=EDGE_LOOP('',(#16367,#16369,#16371,#16373,#16374,#16376,#16378,#16380));
#16382=FACE_OUTER_BOUND('',#16381,.F.);
#16384=CARTESIAN_POINT('',(-5.979878337716E0,7.5E0,-2.966071873441E1));
#16385=DIRECTION('',(0.E0,-7.071067811865E-1,7.071067811865E-1));
#16386=DIRECTION('',(0.E0,7.071067811865E-1,7.071067811865E-1));
#16387=AXIS2_PLACEMENT_3D('',#16384,#16385,#16386);
#16388=PLANE('',#16387);
#16389=ORIENTED_EDGE('',*,*,#11199,.T.);
#16391=ORIENTED_EDGE('',*,*,#16390,.T.);
#16393=ORIENTED_EDGE('',*,*,#16392,.T.);
#16395=ORIENTED_EDGE('',*,*,#16394,.T.);
#16396=EDGE_LOOP('',(#16389,#16391,#16393,#16395));
#16397=FACE_OUTER_BOUND('',#16396,.F.);
#16399=CARTESIAN_POINT('',(1.105803798910E1,8.E0,-2.914678671191E1));
#16400=DIRECTION('',(-1.E0,0.E0,0.E0));
#16401=DIRECTION('',(0.E0,0.E0,-1.E0));
#16402=AXIS2_PLACEMENT_3D('',#16399,#16400,#16401);
#16403=PLANE('',#16402);
#16404=ORIENTED_EDGE('',*,*,#11205,.T.);
#16406=ORIENTED_EDGE('',*,*,#16405,.T.);
#16408=ORIENTED_EDGE('',*,*,#16407,.T.);
#16410=ORIENTED_EDGE('',*,*,#16409,.F.);
#16411=ORIENTED_EDGE('',*,*,#16368,.T.);
#16412=EDGE_LOOP('',(#16404,#16406,#16408,#16410,#16411));
#16413=FACE_OUTER_BOUND('',#16412,.F.);
#16415=CARTESIAN_POINT('',(1.305803798910E1,8.E0,-2.691071873441E1));
#16416=DIRECTION('',(0.E0,-1.E0,0.E0));
#16417=DIRECTION('',(-1.E0,0.E0,0.E0));
#16418=AXIS2_PLACEMENT_3D('',#16415,#16416,#16417);
#16419=CYLINDRICAL_SURFACE('',#16418,3.E0);
#16420=ORIENTED_EDGE('',*,*,#11203,.F.);
#16422=ORIENTED_EDGE('',*,*,#16421,.T.);
#16424=ORIENTED_EDGE('',*,*,#16423,.T.);
#16425=ORIENTED_EDGE('',*,*,#16405,.F.);
#16426=EDGE_LOOP('',(#16420,#16422,#16424,#16425));
#16427=FACE_OUTER_BOUND('',#16426,.F.);
#16429=CARTESIAN_POINT('',(1.505803798910E1,8.E0,-3.016071873441E1));
#16430=DIRECTION('',(1.E0,0.E0,0.E0));
#16431=DIRECTION('',(0.E0,0.E0,1.E0));
#16432=AXIS2_PLACEMENT_3D('',#16429,#16430,#16431);
#16433=PLANE('',#16432);
#16434=ORIENTED_EDGE('',*,*,#11201,.F.);
#16435=ORIENTED_EDGE('',*,*,#16394,.F.);
#16437=ORIENTED_EDGE('',*,*,#16436,.T.);
#16439=ORIENTED_EDGE('',*,*,#16438,.T.);
#16440=ORIENTED_EDGE('',*,*,#16421,.F.);
#16441=EDGE_LOOP('',(#16434,#16435,#16437,#16439,#16440));
#16442=FACE_OUTER_BOUND('',#16441,.F.);
#16444=CARTESIAN_POINT('',(-4.569196201090E1,8.E0,-3.016071873441E1));
#16445=DIRECTION('',(0.E0,0.E0,1.E0));
#16446=DIRECTION('',(0.E0,-1.E0,0.E0));
#16447=AXIS2_PLACEMENT_3D('',#16444,#16445,#16446);
#16448=PLANE('',#16447);
#16449=ORIENTED_EDGE('',*,*,#16409,.T.);
#16451=ORIENTED_EDGE('',*,*,#16450,.F.);
#16453=ORIENTED_EDGE('',*,*,#16452,.F.);
#16454=ORIENTED_EDGE('',*,*,#16370,.F.);
#16455=EDGE_LOOP('',(#16449,#16451,#16453,#16454));
#16456=FACE_OUTER_BOUND('',#16455,.F.);
#16458=CARTESIAN_POINT('',(-4.569196201090E1,8.E0,-3.016071873441E1));
#16459=DIRECTION('',(0.E0,0.E0,1.E0));
#16460=DIRECTION('',(0.E0,-1.E0,0.E0));
#16461=AXIS2_PLACEMENT_3D('',#16458,#16459,#16460);
#16462=PLANE('',#16461);
#16463=ORIENTED_EDGE('',*,*,#16436,.F.);
#16464=ORIENTED_EDGE('',*,*,#16392,.F.);
#16466=ORIENTED_EDGE('',*,*,#16465,.T.);
#16468=ORIENTED_EDGE('',*,*,#16467,.F.);
#16469=EDGE_LOOP('',(#16463,#16464,#16466,#16468));
#16470=FACE_OUTER_BOUND('',#16469,.F.);
#16472=CARTESIAN_POINT('',(-4.569196201090E1,1.620675276617E0,
2.283928126559E1));
#16473=DIRECTION('',(0.E0,-1.E0,0.E0));
#16474=DIRECTION('',(0.E0,0.E0,-1.E0));
#16475=AXIS2_PLACEMENT_3D('',#16472,#16473,#16474);
#16476=PLANE('',#16475);
#16478=ORIENTED_EDGE('',*,*,#16477,.F.);
#16480=ORIENTED_EDGE('',*,*,#16479,.T.);
#16482=ORIENTED_EDGE('',*,*,#16481,.F.);
#16484=ORIENTED_EDGE('',*,*,#16483,.F.);
#16486=ORIENTED_EDGE('',*,*,#16485,.T.);
#16488=ORIENTED_EDGE('',*,*,#16487,.F.);
#16489=EDGE_LOOP('',(#16478,#16480,#16482,#16484,#16486,#16488));
#16490=FACE_OUTER_BOUND('',#16489,.F.);
#16492=CARTESIAN_POINT('',(-4.569196201090E1,1.620675276617E0,
2.283928126559E1));
#16493=DIRECTION('',(0.E0,-1.E0,0.E0));
#16494=DIRECTION('',(0.E0,0.E0,-1.E0));
#16495=AXIS2_PLACEMENT_3D('',#16492,#16493,#16494);
#16496=PLANE('',#16495);
#16498=ORIENTED_EDGE('',*,*,#16497,.F.);
#16500=ORIENTED_EDGE('',*,*,#16499,.F.);
#16502=ORIENTED_EDGE('',*,*,#16501,.F.);
#16504=ORIENTED_EDGE('',*,*,#16503,.F.);
#16506=ORIENTED_EDGE('',*,*,#16505,.T.);
#16508=ORIENTED_EDGE('',*,*,#16507,.F.);
#16510=ORIENTED_EDGE('',*,*,#16509,.F.);
#16512=ORIENTED_EDGE('',*,*,#16511,.T.);
#16514=ORIENTED_EDGE('',*,*,#16513,.T.);
#16516=ORIENTED_EDGE('',*,*,#16515,.T.);
#16517=EDGE_LOOP('',(#16498,#16500,#16502,#16504,#16506,#16508,#16510,#16512,
#16514,#16516));
#16518=FACE_OUTER_BOUND('',#16517,.F.);
#16520=CARTESIAN_POINT('',(-4.569196201090E1,1.620675276617E0,
2.283928126559E1));
#16521=DIRECTION('',(0.E0,-1.E0,0.E0));
#16522=DIRECTION('',(0.E0,0.E0,-1.E0));
#16523=AXIS2_PLACEMENT_3D('',#16520,#16521,#16522);
#16524=PLANE('',#16523);
#16526=ORIENTED_EDGE('',*,*,#16525,.F.);
#16528=ORIENTED_EDGE('',*,*,#16527,.F.);
#16530=ORIENTED_EDGE('',*,*,#16529,.T.);
#16532=ORIENTED_EDGE('',*,*,#16531,.T.);
#16533=EDGE_LOOP('',(#16526,#16528,#16530,#16532));
#16534=FACE_OUTER_BOUND('',#16533,.F.);
#16536=CARTESIAN_POINT('',(-4.569196201090E1,1.620675276617E0,
2.283928126559E1));
#16537=DIRECTION('',(0.E0,-1.E0,0.E0));
#16538=DIRECTION('',(0.E0,0.E0,-1.E0));
#16539=AXIS2_PLACEMENT_3D('',#16536,#16537,#16538);
#16540=PLANE('',#16539);
#16542=ORIENTED_EDGE('',*,*,#16541,.F.);
#16544=ORIENTED_EDGE('',*,*,#16543,.F.);
#16546=ORIENTED_EDGE('',*,*,#16545,.F.);
#16547=ORIENTED_EDGE('',*,*,#10944,.T.);
#16548=EDGE_LOOP('',(#16542,#16544,#16546,#16547));
#16549=FACE_OUTER_BOUND('',#16548,.F.);
#16551=CARTESIAN_POINT('',(-4.569196201090E1,1.620675276617E0,
2.283928126559E1));
#16552=DIRECTION('',(0.E0,-1.E0,0.E0));
#16553=DIRECTION('',(0.E0,0.E0,-1.E0));
#16554=AXIS2_PLACEMENT_3D('',#16551,#16552,#16553);
#16555=PLANE('',#16554);
#16557=ORIENTED_EDGE('',*,*,#16556,.F.);
#16558=ORIENTED_EDGE('',*,*,#10964,.T.);
#16560=ORIENTED_EDGE('',*,*,#16559,.F.);
#16562=ORIENTED_EDGE('',*,*,#16561,.F.);
#16563=EDGE_LOOP('',(#16557,#16558,#16560,#16562));
#16564=FACE_OUTER_BOUND('',#16563,.F.);
#16566=CARTESIAN_POINT('',(-4.569196201090E1,1.620675276617E0,
2.283928126559E1));
#16567=DIRECTION('',(0.E0,-1.E0,0.E0));
#16568=DIRECTION('',(0.E0,0.E0,-1.E0));
#16569=AXIS2_PLACEMENT_3D('',#16566,#16567,#16568);
#16570=PLANE('',#16569);
#16571=ORIENTED_EDGE('',*,*,#16450,.T.);
#16572=ORIENTED_EDGE('',*,*,#16407,.F.);
#16573=ORIENTED_EDGE('',*,*,#16423,.F.);
#16574=ORIENTED_EDGE('',*,*,#16438,.F.);
#16575=ORIENTED_EDGE('',*,*,#16467,.T.);
#16577=ORIENTED_EDGE('',*,*,#16576,.T.);
#16579=ORIENTED_EDGE('',*,*,#16578,.F.);
#16581=ORIENTED_EDGE('',*,*,#16580,.F.);
#16583=ORIENTED_EDGE('',*,*,#16582,.F.);
#16585=ORIENTED_EDGE('',*,*,#16584,.T.);
#16587=ORIENTED_EDGE('',*,*,#16586,.F.);
#16589=ORIENTED_EDGE('',*,*,#16588,.T.);
#16591=ORIENTED_EDGE('',*,*,#16590,.F.);
#16593=ORIENTED_EDGE('',*,*,#16592,.T.);
#16595=ORIENTED_EDGE('',*,*,#16594,.F.);
#16597=ORIENTED_EDGE('',*,*,#16596,.F.);
#16599=ORIENTED_EDGE('',*,*,#16598,.F.);
#16601=ORIENTED_EDGE('',*,*,#16600,.F.);
#16603=ORIENTED_EDGE('',*,*,#16602,.F.);
#16605=ORIENTED_EDGE('',*,*,#16604,.T.);
#16607=ORIENTED_EDGE('',*,*,#16606,.T.);
#16609=ORIENTED_EDGE('',*,*,#16608,.F.);
#16611=ORIENTED_EDGE('',*,*,#16610,.T.);
#16613=ORIENTED_EDGE('',*,*,#16612,.F.);
#16614=EDGE_LOOP('',(#16571,#16572,#16573,#16574,#16575,#16577,#16579,#16581,
#16583,#16585,#16587,#16589,#16591,#16593,#16595,#16597,#16599,#16601,#16603,
#16605,#16607,#16609,#16611,#16613));
#16615=FACE_OUTER_BOUND('',#16614,.F.);
#16617=ORIENTED_EDGE('',*,*,#16616,.T.);
#16619=ORIENTED_EDGE('',*,*,#16618,.T.);
#16620=EDGE_LOOP('',(#16617,#16619));
#16621=FACE_BOUND('',#16620,.F.);
#16623=CARTESIAN_POINT('',(1.35E0,1.129E0,2.3899E1));
#16624=DIRECTION('',(-1.E0,0.E0,0.E0));
#16625=DIRECTION('',(0.E0,0.E0,1.E0));
#16626=AXIS2_PLACEMENT_3D('',#16623,#16624,#16625);
#16627=PLANE('',#16626);
#16629=ORIENTED_EDGE('',*,*,#16628,.F.);
#16631=ORIENTED_EDGE('',*,*,#16630,.F.);
#16633=ORIENTED_EDGE('',*,*,#16632,.T.);
#16635=ORIENTED_EDGE('',*,*,#16634,.T.);
#16636=ORIENTED_EDGE('',*,*,#16477,.T.);
#16637=EDGE_LOOP('',(#16629,#16631,#16633,#16635,#16636));
#16638=FACE_OUTER_BOUND('',#16637,.F.);
#16640=CARTESIAN_POINT('',(1.599E0,1.129E0,2.565E1));
#16641=DIRECTION('',(0.E0,0.E0,1.E0));
#16642=DIRECTION('',(1.E0,0.E0,0.E0));
#16643=AXIS2_PLACEMENT_3D('',#16640,#16641,#16642);
#16644=PLANE('',#16643);
#16646=ORIENTED_EDGE('',*,*,#16645,.T.);
#16648=ORIENTED_EDGE('',*,*,#16647,.F.);
#16649=ORIENTED_EDGE('',*,*,#16499,.T.);
#16651=ORIENTED_EDGE('',*,*,#16650,.T.);
#16653=ORIENTED_EDGE('',*,*,#16652,.F.);
#16654=ORIENTED_EDGE('',*,*,#16628,.T.);
#16655=ORIENTED_EDGE('',*,*,#16487,.T.);
#16657=ORIENTED_EDGE('',*,*,#16656,.F.);
#16658=EDGE_LOOP('',(#16646,#16648,#16649,#16651,#16653,#16654,#16655,#16657));
#16659=FACE_OUTER_BOUND('',#16658,.F.);
#16661=CARTESIAN_POINT('',(5.1E0,4.13E0,2.883928126559E1));
#16662=DIRECTION('',(0.E0,0.E0,1.E0));
#16663=DIRECTION('',(1.E0,0.E0,0.E0));
#16664=AXIS2_PLACEMENT_3D('',#16661,#16662,#16663);
#16665=CYLINDRICAL_SURFACE('',#16664,3.3E0);
#16667=ORIENTED_EDGE('',*,*,#16666,.F.);
#16669=ORIENTED_EDGE('',*,*,#16668,.T.);
#16671=ORIENTED_EDGE('',*,*,#16670,.T.);
#16672=ORIENTED_EDGE('',*,*,#16645,.F.);
#16674=ORIENTED_EDGE('',*,*,#16673,.F.);
#16676=ORIENTED_EDGE('',*,*,#16675,.F.);
#16677=EDGE_LOOP('',(#16667,#16669,#16671,#16672,#16674,#16676));
#16678=FACE_OUTER_BOUND('',#16677,.F.);
#16680=CARTESIAN_POINT('',(5.100002319261E0,4.130002154818E0,2.846428072887E1));
#16681=DIRECTION('',(0.E0,0.E0,1.E0));
#16682=DIRECTION('',(0.E0,-1.E0,0.E0));
#16683=AXIS2_PLACEMENT_3D('',#16680,#16681,#16682);
#16684=CONICAL_SURFACE('',#16683,3.674998566862E0,4.499993503714E1);
#16686=ORIENTED_EDGE('',*,*,#16685,.T.);
#16688=ORIENTED_EDGE('',*,*,#16687,.T.);
#16689=ORIENTED_EDGE('',*,*,#16666,.T.);
#16691=ORIENTED_EDGE('',*,*,#16690,.T.);
#16692=EDGE_LOOP('',(#16686,#16688,#16689,#16691));
#16693=FACE_OUTER_BOUND('',#16692,.F.);
#16695=CARTESIAN_POINT('',(-4.569196201090E1,8.E0,2.883928126559E1));
#16696=DIRECTION('',(0.E0,0.E0,1.E0));
#16697=DIRECTION('',(1.E0,0.E0,0.E0));
#16698=AXIS2_PLACEMENT_3D('',#16695,#16696,#16697);
#16699=PLANE('',#16698);
#16701=ORIENTED_EDGE('',*,*,#16700,.T.);
#16703=ORIENTED_EDGE('',*,*,#16702,.F.);
#16705=ORIENTED_EDGE('',*,*,#16704,.T.);
#16707=ORIENTED_EDGE('',*,*,#16706,.T.);
#16709=ORIENTED_EDGE('',*,*,#16708,.F.);
#16711=ORIENTED_EDGE('',*,*,#16710,.F.);
#16713=ORIENTED_EDGE('',*,*,#16712,.T.);
#16715=ORIENTED_EDGE('',*,*,#16714,.T.);
#16717=ORIENTED_EDGE('',*,*,#16716,.T.);
#16719=ORIENTED_EDGE('',*,*,#16718,.T.);
#16720=EDGE_LOOP('',(#16701,#16703,#16705,#16707,#16709,#16711,#16713,#16715,
#16717,#16719));
#16721=FACE_OUTER_BOUND('',#16720,.F.);
#16723=CARTESIAN_POINT('',(-4.569196201090E1,8.E0,2.883928126559E1));
#16724=DIRECTION('',(0.E0,0.E0,1.E0));
#16725=DIRECTION('',(1.E0,0.E0,0.E0));
#16726=AXIS2_PLACEMENT_3D('',#16723,#16724,#16725);
#16727=PLANE('',#16726);
#16729=ORIENTED_EDGE('',*,*,#16728,.F.);
#16731=ORIENTED_EDGE('',*,*,#16730,.T.);
#16733=ORIENTED_EDGE('',*,*,#16732,.F.);
#16735=ORIENTED_EDGE('',*,*,#16734,.F.);
#16736=ORIENTED_EDGE('',*,*,#16685,.F.);
#16738=ORIENTED_EDGE('',*,*,#16737,.F.);
#16739=EDGE_LOOP('',(#16729,#16731,#16733,#16735,#16736,#16738));
#16740=FACE_OUTER_BOUND('',#16739,.F.);
#16742=CARTESIAN_POINT('',(-4.482468020660E1,4.505E0,2.846428126559E1));
#16743=DIRECTION('',(7.071067811865E-1,0.E0,7.071067811865E-1));
#16744=DIRECTION('',(-7.071067811865E-1,0.E0,7.071067811865E-1));
#16745=AXIS2_PLACEMENT_3D('',#16742,#16743,#16744);
#16746=PLANE('',#16745);
#16748=ORIENTED_EDGE('',*,*,#16747,.T.);
#16749=ORIENTED_EDGE('',*,*,#16700,.F.);
#16751=ORIENTED_EDGE('',*,*,#16750,.F.);
#16753=ORIENTED_EDGE('',*,*,#16752,.T.);
#16754=EDGE_LOOP('',(#16748,#16749,#16751,#16753));
#16755=FACE_OUTER_BOUND('',#16754,.F.);
#16757=CARTESIAN_POINT('',(0.E0,4.5E0,0.E0));
#16758=DIRECTION('',(0.E0,1.E0,0.E0));
#16759=DIRECTION('',(1.E0,0.E0,0.E0));
#16760=AXIS2_PLACEMENT_3D('',#16757,#16758,#16759);
#16761=PLANE('',#16760);
#16763=ORIENTED_EDGE('',*,*,#16762,.F.);
#16765=ORIENTED_EDGE('',*,*,#16764,.F.);
#16766=ORIENTED_EDGE('',*,*,#16737,.T.);
#16767=ORIENTED_EDGE('',*,*,#16690,.F.);
#16768=ORIENTED_EDGE('',*,*,#16675,.T.);
#16770=ORIENTED_EDGE('',*,*,#16769,.T.);
#16772=ORIENTED_EDGE('',*,*,#16771,.F.);
#16774=ORIENTED_EDGE('',*,*,#16773,.T.);
#16775=EDGE_LOOP('',(#16763,#16765,#16766,#16767,#16768,#16770,#16772,#16774));
#16776=FACE_OUTER_BOUND('',#16775,.F.);
#16778=CARTESIAN_POINT('',(0.E0,4.5E0,0.E0));
#16779=DIRECTION('',(0.E0,1.E0,0.E0));
#16780=DIRECTION('',(1.E0,0.E0,0.E0));
#16781=AXIS2_PLACEMENT_3D('',#16778,#16779,#16780);
#16782=PLANE('',#16781);
#16783=ORIENTED_EDGE('',*,*,#16687,.F.);
#16784=ORIENTED_EDGE('',*,*,#16734,.T.);
#16786=ORIENTED_EDGE('',*,*,#16785,.T.);
#16788=ORIENTED_EDGE('',*,*,#16787,.T.);
#16790=ORIENTED_EDGE('',*,*,#16789,.T.);
#16792=ORIENTED_EDGE('',*,*,#16791,.T.);
#16793=ORIENTED_EDGE('',*,*,#16668,.F.);
#16794=EDGE_LOOP('',(#16783,#16784,#16786,#16788,#16790,#16792,#16793));
#16795=FACE_OUTER_BOUND('',#16794,.F.);
#16797=CARTESIAN_POINT('',(0.E0,4.5E0,0.E0));
#16798=DIRECTION('',(0.E0,1.E0,0.E0));
#16799=DIRECTION('',(1.E0,0.E0,0.E0));
#16800=AXIS2_PLACEMENT_3D('',#16797,#16798,#16799);
#16801=PLANE('',#16800);
#16803=ORIENTED_EDGE('',*,*,#16802,.T.);
#16805=ORIENTED_EDGE('',*,*,#16804,.F.);
#16807=ORIENTED_EDGE('',*,*,#16806,.T.);
#16809=ORIENTED_EDGE('',*,*,#16808,.F.);
#16811=ORIENTED_EDGE('',*,*,#16810,.T.);
#16813=ORIENTED_EDGE('',*,*,#16812,.T.);
#16814=ORIENTED_EDGE('',*,*,#16702,.T.);
#16815=ORIENTED_EDGE('',*,*,#16747,.F.);
#16817=ORIENTED_EDGE('',*,*,#16816,.T.);
#16819=ORIENTED_EDGE('',*,*,#16818,.T.);
#16821=ORIENTED_EDGE('',*,*,#16820,.T.);
#16823=ORIENTED_EDGE('',*,*,#16822,.F.);
#16825=ORIENTED_EDGE('',*,*,#16824,.T.);
#16827=ORIENTED_EDGE('',*,*,#16826,.T.);
#16829=ORIENTED_EDGE('',*,*,#16828,.F.);
#16831=ORIENTED_EDGE('',*,*,#16830,.F.);
#16832=ORIENTED_EDGE('',*,*,#16710,.T.);
#16834=ORIENTED_EDGE('',*,*,#16833,.F.);
#16836=ORIENTED_EDGE('',*,*,#16835,.T.);
#16838=ORIENTED_EDGE('',*,*,#16837,.T.);
#16840=ORIENTED_EDGE('',*,*,#16839,.T.);
#16842=ORIENTED_EDGE('',*,*,#16841,.T.);
#16844=ORIENTED_EDGE('',*,*,#16843,.T.);
#16846=ORIENTED_EDGE('',*,*,#16845,.T.);
#16848=ORIENTED_EDGE('',*,*,#16847,.F.);
#16850=ORIENTED_EDGE('',*,*,#16849,.T.);
#16852=ORIENTED_EDGE('',*,*,#16851,.T.);
#16853=EDGE_LOOP('',(#16803,#16805,#16807,#16809,#16811,#16813,#16814,#16815,
#16817,#16819,#16821,#16823,#16825,#16827,#16829,#16831,#16832,#16834,#16836,
#16838,#16840,#16842,#16844,#16846,#16848,#16850,#16852));
#16854=FACE_OUTER_BOUND('',#16853,.F.);
#16856=CARTESIAN_POINT('',(0.E0,4.5E0,0.E0));
#16857=DIRECTION('',(0.E0,1.E0,0.E0));
#16858=DIRECTION('',(1.E0,0.E0,0.E0));
#16859=AXIS2_PLACEMENT_3D('',#16856,#16857,#16858);
#16860=PLANE('',#16859);
#16862=ORIENTED_EDGE('',*,*,#16861,.F.);
#16864=ORIENTED_EDGE('',*,*,#16863,.T.);
#16866=ORIENTED_EDGE('',*,*,#16865,.T.);
#16868=ORIENTED_EDGE('',*,*,#16867,.T.);
#16870=ORIENTED_EDGE('',*,*,#16869,.T.);
#16872=ORIENTED_EDGE('',*,*,#16871,.T.);
#16874=ORIENTED_EDGE('',*,*,#16873,.T.);
#16876=ORIENTED_EDGE('',*,*,#16875,.F.);
#16878=ORIENTED_EDGE('',*,*,#16877,.T.);
#16880=ORIENTED_EDGE('',*,*,#16879,.T.);
#16882=ORIENTED_EDGE('',*,*,#16881,.T.);
#16884=ORIENTED_EDGE('',*,*,#16883,.T.);
#16885=EDGE_LOOP('',(#16862,#16864,#16866,#16868,#16870,#16872,#16874,#16876,
#16878,#16880,#16882,#16884));
#16886=FACE_OUTER_BOUND('',#16885,.F.);
#16888=CARTESIAN_POINT('',(0.E0,4.5E0,0.E0));
#16889=DIRECTION('',(0.E0,1.E0,0.E0));
#16890=DIRECTION('',(1.E0,0.E0,0.E0));
#16891=AXIS2_PLACEMENT_3D('',#16888,#16889,#16890);
#16892=PLANE('',#16891);
#16894=ORIENTED_EDGE('',*,*,#16893,.F.);
#16895=ORIENTED_EDGE('',*,*,#10889,.T.);
#16897=ORIENTED_EDGE('',*,*,#16896,.T.);
#16898=ORIENTED_EDGE('',*,*,#11040,.T.);
#16899=EDGE_LOOP('',(#16894,#16895,#16897,#16898));
#16900=FACE_OUTER_BOUND('',#16899,.F.);
#16902=CARTESIAN_POINT('',(0.E0,4.5E0,0.E0));
#16903=DIRECTION('',(0.E0,1.E0,0.E0));
#16904=DIRECTION('',(1.E0,0.E0,0.E0));
#16905=AXIS2_PLACEMENT_3D('',#16902,#16903,#16904);
#16906=PLANE('',#16905);
#16908=ORIENTED_EDGE('',*,*,#16907,.F.);
#16910=ORIENTED_EDGE('',*,*,#16909,.T.);
#16912=ORIENTED_EDGE('',*,*,#16911,.T.);
#16914=ORIENTED_EDGE('',*,*,#16913,.T.);
#16915=EDGE_LOOP('',(#16908,#16910,#16912,#16914));
#16916=FACE_OUTER_BOUND('',#16915,.F.);
#16918=CARTESIAN_POINT('',(-6.2E0,4.5E0,2.883928126559E1));
#16919=DIRECTION('',(1.E0,0.E0,0.E0));
#16920=DIRECTION('',(0.E0,1.E0,0.E0));
#16921=AXIS2_PLACEMENT_3D('',#16918,#16919,#16920);
#16922=PLANE('',#16921);
#16923=ORIENTED_EDGE('',*,*,#16762,.T.);
#16925=ORIENTED_EDGE('',*,*,#16924,.T.);
#16927=ORIENTED_EDGE('',*,*,#16926,.F.);
#16929=ORIENTED_EDGE('',*,*,#16928,.T.);
#16930=EDGE_LOOP('',(#16923,#16925,#16927,#16929));
#16931=FACE_OUTER_BOUND('',#16930,.F.);
#16933=CARTESIAN_POINT('',(-2.584598100545E1,7.5E-1,2.758928126559E1));
#16934=DIRECTION('',(0.E0,0.E0,1.E0));
#16935=DIRECTION('',(1.E0,0.E0,0.E0));
#16936=AXIS2_PLACEMENT_3D('',#16933,#16934,#16935);
#16937=PLANE('',#16936);
#16938=ORIENTED_EDGE('',*,*,#16837,.F.);
#16940=ORIENTED_EDGE('',*,*,#16939,.F.);
#16942=ORIENTED_EDGE('',*,*,#16941,.T.);
#16943=ORIENTED_EDGE('',*,*,#16924,.F.);
#16944=ORIENTED_EDGE('',*,*,#16773,.F.);
#16946=ORIENTED_EDGE('',*,*,#16945,.T.);
#16948=ORIENTED_EDGE('',*,*,#16947,.F.);
#16950=ORIENTED_EDGE('',*,*,#16949,.T.);
#16952=ORIENTED_EDGE('',*,*,#16951,.F.);
#16954=ORIENTED_EDGE('',*,*,#16953,.T.);
#16955=EDGE_LOOP('',(#16938,#16940,#16942,#16943,#16944,#16946,#16948,#16950,
#16952,#16954));
#16956=FACE_OUTER_BOUND('',#16955,.F.);
#16958=CARTESIAN_POINT('',(-2.584598100545E1,7.5E-1,2.758928126559E1));
#16959=DIRECTION('',(0.E0,0.E0,1.E0));
#16960=DIRECTION('',(1.E0,0.E0,0.E0));
#16961=AXIS2_PLACEMENT_3D('',#16958,#16959,#16960);
#16962=PLANE('',#16961);
#16963=ORIENTED_EDGE('',*,*,#16826,.F.);
#16965=ORIENTED_EDGE('',*,*,#16964,.F.);
#16967=ORIENTED_EDGE('',*,*,#16966,.F.);
#16969=ORIENTED_EDGE('',*,*,#16968,.F.);
#16970=ORIENTED_EDGE('',*,*,#16818,.F.);
#16972=ORIENTED_EDGE('',*,*,#16971,.F.);
#16974=ORIENTED_EDGE('',*,*,#16973,.F.);
#16976=ORIENTED_EDGE('',*,*,#16975,.F.);
#16978=ORIENTED_EDGE('',*,*,#16977,.F.);
#16980=ORIENTED_EDGE('',*,*,#16979,.F.);
#16981=EDGE_LOOP('',(#16963,#16965,#16967,#16969,#16970,#16972,#16974,#16976,
#16978,#16980));
#16982=FACE_OUTER_BOUND('',#16981,.F.);
#16984=CARTESIAN_POINT('',(-2.68E1,1.05E1,2.883928126559E1));
#16985=DIRECTION('',(-1.E0,0.E0,0.E0));
#16986=DIRECTION('',(0.E0,-1.E0,0.E0));
#16987=AXIS2_PLACEMENT_3D('',#16984,#16985,#16986);
#16988=PLANE('',#16987);
#16989=ORIENTED_EDGE('',*,*,#16835,.F.);
#16991=ORIENTED_EDGE('',*,*,#16990,.T.);
#16993=ORIENTED_EDGE('',*,*,#16992,.T.);
#16994=ORIENTED_EDGE('',*,*,#16939,.T.);
#16995=EDGE_LOOP('',(#16989,#16991,#16993,#16994));
#16996=FACE_OUTER_BOUND('',#16995,.F.);
#16998=CARTESIAN_POINT('',(-2.7175E1,6.5E0,2.846428126559E1));
#16999=DIRECTION('',(7.071067811865E-1,0.E0,7.071067811865E-1));
#17000=DIRECTION('',(7.071067811865E-1,0.E0,-7.071067811865E-1));
#17001=AXIS2_PLACEMENT_3D('',#16998,#16999,#17000);
#17002=PLANE('',#17001);
#17003=ORIENTED_EDGE('',*,*,#16990,.F.);
#17004=ORIENTED_EDGE('',*,*,#16833,.T.);
#17005=ORIENTED_EDGE('',*,*,#16708,.T.);
#17007=ORIENTED_EDGE('',*,*,#17006,.T.);
#17008=EDGE_LOOP('',(#17003,#17004,#17005,#17007));
#17009=FACE_OUTER_BOUND('',#17008,.F.);
#17011=CARTESIAN_POINT('',(-5.979878337716E0,9.5E0,2.783928126559E1));
#17012=DIRECTION('',(0.E0,7.071067811865E-1,7.071067811865E-1));
#17013=DIRECTION('',(0.E0,-7.071067811865E-1,7.071067811865E-1));
#17014=AXIS2_PLACEMENT_3D('',#17011,#17012,#17013);
#17015=PLANE('',#17014);
#17016=ORIENTED_EDGE('',*,*,#17006,.F.);
#17017=ORIENTED_EDGE('',*,*,#16706,.F.);
#17019=ORIENTED_EDGE('',*,*,#17018,.F.);
#17020=ORIENTED_EDGE('',*,*,#9942,.T.);
#17022=ORIENTED_EDGE('',*,*,#17021,.T.);
#17023=ORIENTED_EDGE('',*,*,#16730,.F.);
#17025=ORIENTED_EDGE('',*,*,#17024,.F.);
#17026=ORIENTED_EDGE('',*,*,#16926,.T.);
#17027=ORIENTED_EDGE('',*,*,#16941,.F.);
#17028=ORIENTED_EDGE('',*,*,#16992,.F.);
#17029=EDGE_LOOP('',(#17016,#17017,#17019,#17020,#17022,#17023,#17025,#17026,
#17027,#17028));
#17030=FACE_OUTER_BOUND('',#17029,.F.);
#17032=CARTESIAN_POINT('',(-4.569196201090E1,9.500000000027E0,
2.283928126559E1));
#17033=DIRECTION('',(0.E0,-1.E0,0.E0));
#17034=DIRECTION('',(0.E0,0.E0,-1.E0));
#17035=AXIS2_PLACEMENT_3D('',#17032,#17033,#17034);
#17036=CONICAL_SURFACE('',#17035,4.999999999973E0,4.5E1);
#17037=ORIENTED_EDGE('',*,*,#9944,.T.);
#17038=ORIENTED_EDGE('',*,*,#17018,.T.);
#17040=ORIENTED_EDGE('',*,*,#17039,.F.);
#17042=ORIENTED_EDGE('',*,*,#17041,.F.);
#17043=EDGE_LOOP('',(#17037,#17038,#17040,#17042));
#17044=FACE_OUTER_BOUND('',#17043,.F.);
#17046=CARTESIAN_POINT('',(-4.569196201090E1,8.E0,2.283928126559E1));
#17047=DIRECTION('',(0.E0,1.E0,0.E0));
#17048=DIRECTION('',(0.E0,0.E0,1.E0));
#17049=AXIS2_PLACEMENT_3D('',#17046,#17047,#17048);
#17050=CYLINDRICAL_SURFACE('',#17049,6.E0);
#17052=ORIENTED_EDGE('',*,*,#17051,.T.);
#17053=ORIENTED_EDGE('',*,*,#17039,.T.);
#17054=ORIENTED_EDGE('',*,*,#16704,.F.);
#17055=ORIENTED_EDGE('',*,*,#16812,.F.);
#17056=EDGE_LOOP('',(#17052,#17053,#17054,#17055));
#17057=FACE_OUTER_BOUND('',#17056,.F.);
#17059=CARTESIAN_POINT('',(-5.169196201090E1,8.E0,-2.766071873441E1));
#17060=DIRECTION('',(-1.E0,0.E0,0.E0));
#17061=DIRECTION('',(0.E0,0.E0,1.E0));
#17062=AXIS2_PLACEMENT_3D('',#17059,#17060,#17061);
#17063=PLANE('',#17062);
#17064=ORIENTED_EDGE('',*,*,#16810,.F.);
#17066=ORIENTED_EDGE('',*,*,#17065,.F.);
#17068=ORIENTED_EDGE('',*,*,#17067,.F.);
#17070=ORIENTED_EDGE('',*,*,#17069,.F.);
#17071=ORIENTED_EDGE('',*,*,#16883,.F.);
#17073=ORIENTED_EDGE('',*,*,#17072,.F.);
#17075=ORIENTED_EDGE('',*,*,#17074,.T.);
#17076=ORIENTED_EDGE('',*,*,#17051,.F.);
#17077=EDGE_LOOP('',(#17064,#17066,#17068,#17070,#17071,#17073,#17075,#17076));
#17078=FACE_OUTER_BOUND('',#17077,.F.);
#17080=CARTESIAN_POINT('',(-5.169196201090E1,5.E-1,3.620000000001E0));
#17081=DIRECTION('',(0.E0,-8.320502943378E-1,5.547001962252E-1));
#17082=DIRECTION('',(0.E0,5.547001962252E-1,8.320502943378E-1));
#17083=AXIS2_PLACEMENT_3D('',#17080,#17081,#17082);
#17084=PLANE('',#17083);
#17086=ORIENTED_EDGE('',*,*,#17085,.T.);
#17088=ORIENTED_EDGE('',*,*,#17087,.F.);
#17090=ORIENTED_EDGE('',*,*,#17089,.F.);
#17091=ORIENTED_EDGE('',*,*,#17065,.T.);
#17092=ORIENTED_EDGE('',*,*,#16808,.T.);
#17093=EDGE_LOOP('',(#17086,#17088,#17090,#17091,#17092));
#17094=FACE_OUTER_BOUND('',#17093,.F.);
#17096=CARTESIAN_POINT('',(-4.919196201090E1,3.533012701892E0,
2.283928126559E1));
#17097=DIRECTION('',(-1.E0,0.E0,0.E0));
#17098=DIRECTION('',(0.E0,1.E0,0.E0));
#17099=AXIS2_PLACEMENT_3D('',#17096,#17097,#17098);
#17100=PLANE('',#17099);
#17102=ORIENTED_EDGE('',*,*,#17101,.T.);
#17104=ORIENTED_EDGE('',*,*,#17103,.F.);
#17106=ORIENTED_EDGE('',*,*,#17105,.T.);
#17107=ORIENTED_EDGE('',*,*,#17085,.F.);
#17108=ORIENTED_EDGE('',*,*,#16806,.F.);
#17110=ORIENTED_EDGE('',*,*,#17109,.F.);
#17112=ORIENTED_EDGE('',*,*,#17111,.F.);
#17114=ORIENTED_EDGE('',*,*,#17113,.F.);
#17115=EDGE_LOOP('',(#17102,#17104,#17106,#17107,#17108,#17110,#17112,#17114));
#17116=FACE_OUTER_BOUND('',#17115,.F.);
#17118=CARTESIAN_POINT('',(-4.919196201090E1,3.533012701892E0,
2.283928126559E1));
#17119=DIRECTION('',(-1.E0,0.E0,0.E0));
#17120=DIRECTION('',(0.E0,1.E0,0.E0));
#17121=AXIS2_PLACEMENT_3D('',#17118,#17119,#17120);
#17122=PLANE('',#17121);
#17124=ORIENTED_EDGE('',*,*,#17123,.F.);
#17126=ORIENTED_EDGE('',*,*,#17125,.T.);
#17128=ORIENTED_EDGE('',*,*,#17127,.F.);
#17130=ORIENTED_EDGE('',*,*,#17129,.T.);
#17132=ORIENTED_EDGE('',*,*,#17131,.T.);
#17134=ORIENTED_EDGE('',*,*,#17133,.F.);
#17136=ORIENTED_EDGE('',*,*,#17135,.F.);
#17137=ORIENTED_EDGE('',*,*,#16863,.F.);
#17138=EDGE_LOOP('',(#17124,#17126,#17128,#17130,#17132,#17134,#17136,#17137));
#17139=FACE_OUTER_BOUND('',#17138,.F.);
#17141=CARTESIAN_POINT('',(-4.986696201090E1,2.970096189432E0,
2.283928126559E1));
#17142=DIRECTION('',(-5.E-1,8.660254037844E-1,0.E0));
#17143=DIRECTION('',(8.660254037844E-1,5.E-1,0.E0));
#17144=AXIS2_PLACEMENT_3D('',#17141,#17142,#17143);
#17145=PLANE('',#17144);
#17147=ORIENTED_EDGE('',*,*,#17146,.T.);
#17148=ORIENTED_EDGE('',*,*,#17101,.F.);
#17150=ORIENTED_EDGE('',*,*,#17149,.T.);
#17152=ORIENTED_EDGE('',*,*,#17151,.T.);
#17153=EDGE_LOOP('',(#17147,#17148,#17150,#17152));
#17154=FACE_OUTER_BOUND('',#17153,.F.);
#17156=CARTESIAN_POINT('',(-4.986696201090E1,2.970096189432E0,
2.283928126559E1));
#17157=DIRECTION('',(-5.E-1,8.660254037844E-1,0.E0));
#17158=DIRECTION('',(8.660254037844E-1,5.E-1,0.E0));
#17159=AXIS2_PLACEMENT_3D('',#17156,#17157,#17158);
#17160=PLANE('',#17159);
#17162=ORIENTED_EDGE('',*,*,#17161,.F.);
#17164=ORIENTED_EDGE('',*,*,#17163,.T.);
#17166=ORIENTED_EDGE('',*,*,#17165,.T.);
#17167=ORIENTED_EDGE('',*,*,#17129,.F.);
#17168=EDGE_LOOP('',(#17162,#17164,#17166,#17167));
#17169=FACE_OUTER_BOUND('',#17168,.F.);
#17171=CARTESIAN_POINT('',(-4.919196201090E1,1.620675276617E0,1.012E1));
#17172=DIRECTION('',(0.E0,0.E0,1.E0));
#17173=DIRECTION('',(0.E0,1.E0,0.E0));
#17174=AXIS2_PLACEMENT_3D('',#17171,#17172,#17173);
#17175=PLANE('',#17174);
#17177=ORIENTED_EDGE('',*,*,#17176,.F.);
#17178=ORIENTED_EDGE('',*,*,#17109,.T.);
#17179=ORIENTED_EDGE('',*,*,#16804,.T.);
#17180=EDGE_LOOP('',(#17177,#17178,#17179));
#17181=FACE_OUTER_BOUND('',#17180,.F.);
#17183=CARTESIAN_POINT('',(-4.919196201090E1,1.620675276617E0,1.012E1));
#17184=DIRECTION('',(0.E0,0.E0,1.E0));
#17185=DIRECTION('',(0.E0,1.E0,0.E0));
#17186=AXIS2_PLACEMENT_3D('',#17183,#17184,#17185);
#17187=PLANE('',#17186);
#17188=ORIENTED_EDGE('',*,*,#17103,.T.);
#17189=ORIENTED_EDGE('',*,*,#17146,.F.);
#17191=ORIENTED_EDGE('',*,*,#17190,.F.);
#17193=ORIENTED_EDGE('',*,*,#17192,.F.);
#17194=EDGE_LOOP('',(#17188,#17189,#17191,#17193));
#17195=FACE_OUTER_BOUND('',#17194,.F.);
#17197=CARTESIAN_POINT('',(-4.944196201090E1,4.25E0,-2.410718734412E0));
#17198=DIRECTION('',(-7.071067811865E-1,-7.071067811865E-1,0.E0));
#17199=DIRECTION('',(-7.071067811865E-1,7.071067811865E-1,0.E0));
#17200=AXIS2_PLACEMENT_3D('',#17197,#17198,#17199);
#17201=PLANE('',#17200);
#17202=ORIENTED_EDGE('',*,*,#17176,.T.);
#17203=ORIENTED_EDGE('',*,*,#16802,.F.);
#17205=ORIENTED_EDGE('',*,*,#17204,.T.);
#17206=ORIENTED_EDGE('',*,*,#17111,.T.);
#17207=EDGE_LOOP('',(#17202,#17203,#17205,#17206));
#17208=FACE_OUTER_BOUND('',#17207,.F.);
#17210=CARTESIAN_POINT('',(-4.944196201090E1,4.25E0,-2.410718734412E0));
#17211=DIRECTION('',(-7.071067811865E-1,-7.071067811865E-1,0.E0));
#17212=DIRECTION('',(-7.071067811865E-1,7.071067811865E-1,0.E0));
#17213=AXIS2_PLACEMENT_3D('',#17210,#17211,#17212);
#17214=PLANE('',#17213);
#17216=ORIENTED_EDGE('',*,*,#17215,.F.);
#17217=ORIENTED_EDGE('',*,*,#17133,.T.);
#17219=ORIENTED_EDGE('',*,*,#17218,.F.);
#17220=ORIENTED_EDGE('',*,*,#16867,.F.);
#17221=EDGE_LOOP('',(#17216,#17217,#17219,#17220));
#17222=FACE_OUTER_BOUND('',#17221,.F.);
#17224=CARTESIAN_POINT('',(-4.569196201090E1,4.249999999638E0,
2.283928126559E1));
#17225=DIRECTION('',(0.E0,1.E0,0.E0));
#17226=DIRECTION('',(0.E0,0.E0,-1.E0));
#17227=AXIS2_PLACEMENT_3D('',#17224,#17225,#17226);
#17228=CONICAL_SURFACE('',#17227,3.749999999638E0,4.5E1);
#17229=ORIENTED_EDGE('',*,*,#16851,.F.);
#17231=ORIENTED_EDGE('',*,*,#17230,.T.);
#17233=ORIENTED_EDGE('',*,*,#17232,.T.);
#17234=ORIENTED_EDGE('',*,*,#17204,.F.);
#17235=EDGE_LOOP('',(#17229,#17231,#17233,#17234));
#17236=FACE_OUTER_BOUND('',#17235,.F.);
#17238=CARTESIAN_POINT('',(-5.979878337716E0,4.25E0,2.658928126559E1));
#17239=DIRECTION('',(0.E0,-7.071067811865E-1,7.071067811865E-1));
#17240=DIRECTION('',(0.E0,7.071067811865E-1,7.071067811865E-1));
#17241=AXIS2_PLACEMENT_3D('',#17238,#17239,#17240);
#17242=PLANE('',#17241);
#17244=ORIENTED_EDGE('',*,*,#17243,.T.);
#17245=ORIENTED_EDGE('',*,*,#16791,.F.);
#17247=ORIENTED_EDGE('',*,*,#17246,.T.);
#17249=ORIENTED_EDGE('',*,*,#17248,.T.);
#17250=EDGE_LOOP('',(#17244,#17245,#17247,#17249));
#17251=FACE_OUTER_BOUND('',#17250,.F.);
#17253=CARTESIAN_POINT('',(-5.979878337716E0,4.25E0,2.658928126559E1));
#17254=DIRECTION('',(0.E0,-7.071067811865E-1,7.071067811865E-1));
#17255=DIRECTION('',(0.E0,7.071067811865E-1,7.071067811865E-1));
#17256=AXIS2_PLACEMENT_3D('',#17253,#17254,#17255);
#17257=PLANE('',#17256);
#17259=ORIENTED_EDGE('',*,*,#17258,.F.);
#17261=ORIENTED_EDGE('',*,*,#17260,.T.);
#17263=ORIENTED_EDGE('',*,*,#17262,.T.);
#17264=ORIENTED_EDGE('',*,*,#16769,.F.);
#17265=EDGE_LOOP('',(#17259,#17261,#17263,#17264));
#17266=FACE_OUTER_BOUND('',#17265,.F.);
#17268=CARTESIAN_POINT('',(-5.979878337716E0,4.25E0,2.658928126559E1));
#17269=DIRECTION('',(0.E0,-7.071067811865E-1,7.071067811865E-1));
#17270=DIRECTION('',(0.E0,7.071067811865E-1,7.071067811865E-1));
#17271=AXIS2_PLACEMENT_3D('',#17268,#17269,#17270);
#17272=PLANE('',#17271);
#17274=ORIENTED_EDGE('',*,*,#17273,.F.);
#17276=ORIENTED_EDGE('',*,*,#17275,.T.);
#17277=ORIENTED_EDGE('',*,*,#17230,.F.);
#17278=ORIENTED_EDGE('',*,*,#16849,.F.);
#17279=EDGE_LOOP('',(#17274,#17276,#17277,#17278));
#17280=FACE_OUTER_BOUND('',#17279,.F.);
#17282=CARTESIAN_POINT('',(-5.979878337716E0,4.25E0,2.658928126559E1));
#17283=DIRECTION('',(0.E0,-7.071067811865E-1,7.071067811865E-1));
#17284=DIRECTION('',(0.E0,7.071067811865E-1,7.071067811865E-1));
#17285=AXIS2_PLACEMENT_3D('',#17282,#17283,#17284);
#17286=PLANE('',#17285);
#17288=ORIENTED_EDGE('',*,*,#17287,.T.);
#17289=ORIENTED_EDGE('',*,*,#16841,.F.);
#17291=ORIENTED_EDGE('',*,*,#17290,.F.);
#17293=ORIENTED_EDGE('',*,*,#17292,.T.);
#17294=EDGE_LOOP('',(#17288,#17289,#17291,#17293));
#17295=FACE_OUTER_BOUND('',#17294,.F.);
#17297=CARTESIAN_POINT('',(8.704073882422E0,1.620675276617E0,2.883928126559E1));
#17298=DIRECTION('',(9.936945374674E-1,1.121212121213E-1,0.E0));
#17299=DIRECTION('',(-1.121212121213E-1,9.936945374674E-1,0.E0));
#17300=AXIS2_PLACEMENT_3D('',#17297,#17298,#17299);
#17301=PLANE('',#17300);
#17302=ORIENTED_EDGE('',*,*,#16647,.T.);
#17303=ORIENTED_EDGE('',*,*,#16670,.F.);
#17304=ORIENTED_EDGE('',*,*,#17243,.F.);
#17306=ORIENTED_EDGE('',*,*,#17305,.F.);
#17308=ORIENTED_EDGE('',*,*,#17307,.F.);
#17309=ORIENTED_EDGE('',*,*,#16501,.T.);
#17310=EDGE_LOOP('',(#17302,#17303,#17304,#17306,#17308,#17309));
#17311=FACE_OUTER_BOUND('',#17310,.F.);
#17313=CARTESIAN_POINT('',(3.373220533547E1,3.533012701892E0,2.633928126559E1));
#17314=DIRECTION('',(0.E0,0.E0,1.E0));
#17315=DIRECTION('',(0.E0,1.E0,0.E0));
#17316=AXIS2_PLACEMENT_3D('',#17313,#17314,#17315);
#17317=PLANE('',#17316);
#17318=ORIENTED_EDGE('',*,*,#17305,.T.);
#17319=ORIENTED_EDGE('',*,*,#17248,.F.);
#17321=ORIENTED_EDGE('',*,*,#17320,.F.);
#17323=ORIENTED_EDGE('',*,*,#17322,.T.);
#17325=ORIENTED_EDGE('',*,*,#17324,.T.);
#17327=ORIENTED_EDGE('',*,*,#17326,.T.);
#17329=ORIENTED_EDGE('',*,*,#17328,.F.);
#17331=ORIENTED_EDGE('',*,*,#17330,.T.);
#17332=EDGE_LOOP('',(#17318,#17319,#17321,#17323,#17325,#17327,#17329,#17331));
#17333=FACE_OUTER_BOUND('',#17332,.F.);
#17335=CARTESIAN_POINT('',(3.373220533547E1,3.533012701892E0,2.633928126559E1));
#17336=DIRECTION('',(0.E0,0.E0,1.E0));
#17337=DIRECTION('',(0.E0,1.E0,0.E0));
#17338=AXIS2_PLACEMENT_3D('',#17335,#17336,#17337);
#17339=PLANE('',#17338);
#17341=ORIENTED_EDGE('',*,*,#17340,.F.);
#17343=ORIENTED_EDGE('',*,*,#17342,.T.);
#17345=ORIENTED_EDGE('',*,*,#17344,.F.);
#17347=ORIENTED_EDGE('',*,*,#17346,.T.);
#17349=ORIENTED_EDGE('',*,*,#17348,.F.);
#17351=ORIENTED_EDGE('',*,*,#17350,.T.);
#17353=ORIENTED_EDGE('',*,*,#17352,.T.);
#17354=ORIENTED_EDGE('',*,*,#17260,.F.);
#17355=EDGE_LOOP('',(#17341,#17343,#17345,#17347,#17349,#17351,#17353,#17354));
#17356=FACE_OUTER_BOUND('',#17355,.F.);
#17358=CARTESIAN_POINT('',(3.373220533547E1,3.533012701892E0,2.633928126559E1));
#17359=DIRECTION('',(0.E0,0.E0,1.E0));
#17360=DIRECTION('',(0.E0,1.E0,0.E0));
#17361=AXIS2_PLACEMENT_3D('',#17358,#17359,#17360);
#17362=PLANE('',#17361);
#17364=ORIENTED_EDGE('',*,*,#17363,.F.);
#17366=ORIENTED_EDGE('',*,*,#17365,.T.);
#17368=ORIENTED_EDGE('',*,*,#17367,.F.);
#17370=ORIENTED_EDGE('',*,*,#17369,.T.);
#17372=ORIENTED_EDGE('',*,*,#17371,.T.);
#17373=ORIENTED_EDGE('',*,*,#17275,.F.);
#17374=EDGE_LOOP('',(#17364,#17366,#17368,#17370,#17372,#17373));
#17375=FACE_OUTER_BOUND('',#17374,.F.);
#17377=CARTESIAN_POINT('',(3.373220533547E1,3.533012701892E0,2.633928126559E1));
#17378=DIRECTION('',(0.E0,0.E0,1.E0));
#17379=DIRECTION('',(0.E0,1.E0,0.E0));
#17380=AXIS2_PLACEMENT_3D('',#17377,#17378,#17379);
#17381=PLANE('',#17380);
#17383=ORIENTED_EDGE('',*,*,#17382,.T.);
#17384=ORIENTED_EDGE('',*,*,#17292,.F.);
#17386=ORIENTED_EDGE('',*,*,#17385,.F.);
#17388=ORIENTED_EDGE('',*,*,#17387,.T.);
#17390=ORIENTED_EDGE('',*,*,#17389,.F.);
#17392=ORIENTED_EDGE('',*,*,#17391,.T.);
#17394=ORIENTED_EDGE('',*,*,#17393,.F.);
#17396=ORIENTED_EDGE('',*,*,#17395,.T.);
#17397=EDGE_LOOP('',(#17383,#17384,#17386,#17388,#17390,#17392,#17394,#17396));
#17398=FACE_OUTER_BOUND('',#17397,.F.);
#17400=CARTESIAN_POINT('',(3.373220533547E1,5.5E0,2.283928126559E1));
#17401=DIRECTION('',(0.E0,-1.E0,0.E0));
#17402=DIRECTION('',(-1.E0,0.E0,-2.337370688135E-14));
#17403=AXIS2_PLACEMENT_3D('',#17400,#17401,#17402);
#17404=CYLINDRICAL_SURFACE('',#17403,3.5E0);
#17406=ORIENTED_EDGE('',*,*,#17405,.T.);
#17408=ORIENTED_EDGE('',*,*,#17407,.T.);
#17410=ORIENTED_EDGE('',*,*,#17409,.T.);
#17411=ORIENTED_EDGE('',*,*,#17320,.T.);
#17413=ORIENTED_EDGE('',*,*,#17412,.F.);
#17414=EDGE_LOOP('',(#17406,#17408,#17410,#17411,#17413));
#17415=FACE_OUTER_BOUND('',#17414,.F.);
#17417=CARTESIAN_POINT('',(1.653E1,-2.05E1,2.349E1));
#17418=DIRECTION('',(0.E0,0.E0,1.E0));
#17419=DIRECTION('',(1.E0,0.E0,0.E0));
#17420=AXIS2_PLACEMENT_3D('',#17417,#17418,#17419);
#17421=PLANE('',#17420);
#17422=ORIENTED_EDGE('',*,*,#9938,.T.);
#17424=ORIENTED_EDGE('',*,*,#17423,.F.);
#17425=ORIENTED_EDGE('',*,*,#11178,.F.);
#17427=ORIENTED_EDGE('',*,*,#17426,.F.);
#17429=ORIENTED_EDGE('',*,*,#17428,.T.);
#17430=ORIENTED_EDGE('',*,*,#16511,.F.);
#17432=ORIENTED_EDGE('',*,*,#17431,.F.);
#17433=ORIENTED_EDGE('',*,*,#17405,.F.);
#17435=ORIENTED_EDGE('',*,*,#17434,.T.);
#17436=ORIENTED_EDGE('',*,*,#16787,.F.);
#17438=ORIENTED_EDGE('',*,*,#17437,.T.);
#17440=ORIENTED_EDGE('',*,*,#17439,.T.);
#17441=EDGE_LOOP('',(#17422,#17424,#17425,#17427,#17429,#17430,#17432,#17433,
#17435,#17436,#17438,#17440));
#17442=FACE_OUTER_BOUND('',#17441,.F.);
#17444=CARTESIAN_POINT('',(1.653E1,-2.05E1,7.010000000001E0));
#17445=DIRECTION('',(-1.E0,0.E0,0.E0));
#17446=DIRECTION('',(0.E0,0.E0,1.E0));
#17447=AXIS2_PLACEMENT_3D('',#17444,#17445,#17446);
#17448=PLANE('',#17447);
#17449=ORIENTED_EDGE('',*,*,#9936,.F.);
#17450=ORIENTED_EDGE('',*,*,#10882,.F.);
#17451=ORIENTED_EDGE('',*,*,#11180,.T.);
#17452=ORIENTED_EDGE('',*,*,#17423,.T.);
#17453=EDGE_LOOP('',(#17449,#17450,#17451,#17452));
#17454=FACE_OUTER_BOUND('',#17453,.F.);
#17456=CARTESIAN_POINT('',(3.373220533547E1,7.500000000133E0,2.283928126559E1));
#17457=DIRECTION('',(0.E0,-1.E0,0.E0));
#17458=DIRECTION('',(0.E0,0.E0,-1.E0));
#17459=AXIS2_PLACEMENT_3D('',#17456,#17457,#17458);
#17460=CONICAL_SURFACE('',#17459,1.999999999867E0,4.5E1);
#17461=ORIENTED_EDGE('',*,*,#17426,.T.);
#17462=ORIENTED_EDGE('',*,*,#11176,.F.);
#17464=ORIENTED_EDGE('',*,*,#17463,.T.);
#17466=ORIENTED_EDGE('',*,*,#17465,.T.);
#17467=EDGE_LOOP('',(#17461,#17462,#17464,#17466));
#17468=FACE_OUTER_BOUND('',#17467,.F.);
#17470=CARTESIAN_POINT('',(-5.979878337716E0,7.5E0,2.483928126559E1));
#17471=DIRECTION('',(0.E0,-7.071067811865E-1,-7.071067811865E-1));
#17472=DIRECTION('',(0.E0,7.071067811865E-1,-7.071067811865E-1));
#17473=AXIS2_PLACEMENT_3D('',#17470,#17471,#17472);
#17474=PLANE('',#17473);
#17476=ORIENTED_EDGE('',*,*,#17475,.T.);
#17478=ORIENTED_EDGE('',*,*,#17477,.F.);
#17480=ORIENTED_EDGE('',*,*,#17479,.F.);
#17482=ORIENTED_EDGE('',*,*,#17481,.F.);
#17484=ORIENTED_EDGE('',*,*,#17483,.T.);
#17485=ORIENTED_EDGE('',*,*,#16632,.F.);
#17487=ORIENTED_EDGE('',*,*,#17486,.T.);
#17489=ORIENTED_EDGE('',*,*,#17488,.F.);
#17491=ORIENTED_EDGE('',*,*,#17490,.T.);
#17492=ORIENTED_EDGE('',*,*,#17463,.F.);
#17493=ORIENTED_EDGE('',*,*,#11174,.F.);
#17495=ORIENTED_EDGE('',*,*,#17494,.F.);
#17496=EDGE_LOOP('',(#17476,#17478,#17480,#17482,#17484,#17485,#17487,#17489,
#17491,#17492,#17493,#17495));
#17497=FACE_OUTER_BOUND('',#17496,.F.);
#17499=CARTESIAN_POINT('',(3.373220533547E1,8.E0,2.533928126559E1));
#17500=DIRECTION('',(0.E0,0.E0,-1.E0));
#17501=DIRECTION('',(0.E0,-1.E0,0.E0));
#17502=AXIS2_PLACEMENT_3D('',#17499,#17500,#17501);
#17503=PLANE('',#17502);
#17504=ORIENTED_EDGE('',*,*,#16634,.F.);
#17505=ORIENTED_EDGE('',*,*,#17483,.F.);
#17507=ORIENTED_EDGE('',*,*,#17506,.F.);
#17509=ORIENTED_EDGE('',*,*,#17508,.F.);
#17510=ORIENTED_EDGE('',*,*,#16479,.F.);
#17511=EDGE_LOOP('',(#17504,#17505,#17507,#17509,#17510));
#17512=FACE_OUTER_BOUND('',#17511,.F.);
#17514=CARTESIAN_POINT('',(3.373220533547E1,8.E0,2.533928126559E1));
#17515=DIRECTION('',(0.E0,0.E0,-1.E0));
#17516=DIRECTION('',(0.E0,-1.E0,0.E0));
#17517=AXIS2_PLACEMENT_3D('',#17514,#17515,#17516);
#17518=PLANE('',#17517);
#17520=ORIENTED_EDGE('',*,*,#17519,.T.);
#17521=ORIENTED_EDGE('',*,*,#16515,.F.);
#17523=ORIENTED_EDGE('',*,*,#17522,.F.);
#17524=ORIENTED_EDGE('',*,*,#17490,.F.);
#17525=EDGE_LOOP('',(#17520,#17521,#17523,#17524));
#17526=FACE_OUTER_BOUND('',#17525,.F.);
#17528=CARTESIAN_POINT('',(3.373220533547E1,8.E0,2.533928126559E1));
#17529=DIRECTION('',(0.E0,0.E0,-1.E0));
#17530=DIRECTION('',(0.E0,-1.E0,0.E0));
#17531=AXIS2_PLACEMENT_3D('',#17528,#17529,#17530);
#17532=PLANE('',#17531);
#17533=ORIENTED_EDGE('',*,*,#17475,.F.);
#17535=ORIENTED_EDGE('',*,*,#17534,.T.);
#17536=ORIENTED_EDGE('',*,*,#16606,.F.);
#17538=ORIENTED_EDGE('',*,*,#17537,.T.);
#17539=ORIENTED_EDGE('',*,*,#16845,.F.);
#17541=ORIENTED_EDGE('',*,*,#17540,.F.);
#17542=ORIENTED_EDGE('',*,*,#16531,.F.);
#17544=ORIENTED_EDGE('',*,*,#17543,.T.);
#17546=ORIENTED_EDGE('',*,*,#17545,.F.);
#17547=EDGE_LOOP('',(#17533,#17535,#17536,#17538,#17539,#17541,#17542,#17544,
#17546));
#17548=FACE_OUTER_BOUND('',#17547,.F.);
#17550=CARTESIAN_POINT('',(-9.7E0,6.51E0,1.103142812656E2));
#17551=DIRECTION('',(0.E0,0.E0,-1.E0));
#17552=DIRECTION('',(0.E0,1.E0,0.E0));
#17553=AXIS2_PLACEMENT_3D('',#17550,#17551,#17552);
#17554=CYLINDRICAL_SURFACE('',#17553,1.E0);
#17555=ORIENTED_EDGE('',*,*,#16947,.T.);
#17557=ORIENTED_EDGE('',*,*,#17556,.T.);
#17558=ORIENTED_EDGE('',*,*,#17506,.T.);
#17559=ORIENTED_EDGE('',*,*,#17481,.T.);
#17561=ORIENTED_EDGE('',*,*,#17560,.F.);
#17562=EDGE_LOOP('',(#17555,#17557,#17558,#17559,#17561));
#17563=FACE_OUTER_BOUND('',#17562,.F.);
#17565=CARTESIAN_POINT('',(-8.7E0,1.620675276617E0,2.883928126559E1));
#17566=DIRECTION('',(1.E0,0.E0,0.E0));
#17567=DIRECTION('',(0.E0,1.E0,0.E0));
#17568=AXIS2_PLACEMENT_3D('',#17565,#17566,#17567);
#17569=PLANE('',#17568);
#17570=ORIENTED_EDGE('',*,*,#16945,.F.);
#17571=ORIENTED_EDGE('',*,*,#16771,.T.);
#17572=ORIENTED_EDGE('',*,*,#17262,.F.);
#17573=ORIENTED_EDGE('',*,*,#17352,.F.);
#17575=ORIENTED_EDGE('',*,*,#17574,.F.);
#17576=ORIENTED_EDGE('',*,*,#16481,.T.);
#17577=ORIENTED_EDGE('',*,*,#17508,.T.);
#17578=ORIENTED_EDGE('',*,*,#17556,.F.);
#17579=EDGE_LOOP('',(#17570,#17571,#17572,#17573,#17575,#17576,#17577,#17578));
#17580=FACE_OUTER_BOUND('',#17579,.F.);
#17582=CARTESIAN_POINT('',(3.373220533547E1,1.585581943085E0,2.624286312413E1));
#17583=DIRECTION('',(0.E0,-7.660444431190E-1,6.427876096865E-1));
#17584=DIRECTION('',(0.E0,6.427876096865E-1,7.660444431190E-1));
#17585=AXIS2_PLACEMENT_3D('',#17582,#17583,#17584);
#17586=PLANE('',#17585);
#17587=ORIENTED_EDGE('',*,*,#17307,.T.);
#17588=ORIENTED_EDGE('',*,*,#17330,.F.);
#17590=ORIENTED_EDGE('',*,*,#17589,.T.);
#17592=ORIENTED_EDGE('',*,*,#17591,.F.);
#17594=ORIENTED_EDGE('',*,*,#17593,.F.);
#17595=ORIENTED_EDGE('',*,*,#16503,.T.);
#17596=EDGE_LOOP('',(#17587,#17588,#17590,#17592,#17594,#17595));
#17597=FACE_OUTER_BOUND('',#17596,.F.);
#17599=CARTESIAN_POINT('',(3.373220533547E1,1.585581943085E0,2.624286312413E1));
#17600=DIRECTION('',(0.E0,-7.660444431190E-1,6.427876096865E-1));
#17601=DIRECTION('',(0.E0,6.427876096865E-1,7.660444431190E-1));
#17602=AXIS2_PLACEMENT_3D('',#17599,#17600,#17601);
#17603=PLANE('',#17602);
#17605=ORIENTED_EDGE('',*,*,#17604,.F.);
#17606=ORIENTED_EDGE('',*,*,#16483,.T.);
#17607=ORIENTED_EDGE('',*,*,#17574,.T.);
#17608=ORIENTED_EDGE('',*,*,#17350,.F.);
#17610=ORIENTED_EDGE('',*,*,#17609,.T.);
#17612=ORIENTED_EDGE('',*,*,#17611,.F.);
#17614=ORIENTED_EDGE('',*,*,#17613,.F.);
#17615=ORIENTED_EDGE('',*,*,#17342,.F.);
#17616=EDGE_LOOP('',(#17605,#17606,#17607,#17608,#17610,#17612,#17614,#17615));
#17617=FACE_OUTER_BOUND('',#17616,.F.);
#17619=CARTESIAN_POINT('',(3.373220533547E1,1.585581943085E0,2.624286312413E1));
#17620=DIRECTION('',(0.E0,-7.660444431190E-1,6.427876096865E-1));
#17621=DIRECTION('',(0.E0,6.427876096865E-1,7.660444431190E-1));
#17622=AXIS2_PLACEMENT_3D('',#17619,#17620,#17621);
#17623=PLANE('',#17622);
#17625=ORIENTED_EDGE('',*,*,#17624,.T.);
#17627=ORIENTED_EDGE('',*,*,#17626,.F.);
#17628=ORIENTED_EDGE('',*,*,#16507,.T.);
#17630=ORIENTED_EDGE('',*,*,#17629,.T.);
#17632=ORIENTED_EDGE('',*,*,#17631,.F.);
#17633=EDGE_LOOP('',(#17625,#17627,#17628,#17630,#17632));
#17634=FACE_OUTER_BOUND('',#17633,.F.);
#17636=CARTESIAN_POINT('',(3.373220533547E1,1.585581943085E0,2.624286312413E1));
#17637=DIRECTION('',(0.E0,-7.660444431190E-1,6.427876096865E-1));
#17638=DIRECTION('',(0.E0,6.427876096865E-1,7.660444431190E-1));
#17639=AXIS2_PLACEMENT_3D('',#17636,#17637,#17638);
#17640=PLANE('',#17639);
#17642=ORIENTED_EDGE('',*,*,#17641,.F.);
#17643=ORIENTED_EDGE('',*,*,#16602,.T.);
#17645=ORIENTED_EDGE('',*,*,#17644,.T.);
#17647=ORIENTED_EDGE('',*,*,#17646,.F.);
#17649=ORIENTED_EDGE('',*,*,#17648,.F.);
#17651=ORIENTED_EDGE('',*,*,#17650,.F.);
#17652=ORIENTED_EDGE('',*,*,#17365,.F.);
#17653=EDGE_LOOP('',(#17642,#17643,#17645,#17647,#17649,#17651,#17652));
#17654=FACE_OUTER_BOUND('',#17653,.F.);
#17656=CARTESIAN_POINT('',(3.373220533547E1,1.585581943085E0,2.624286312413E1));
#17657=DIRECTION('',(0.E0,-7.660444431190E-1,6.427876096865E-1));
#17658=DIRECTION('',(0.E0,6.427876096865E-1,7.660444431190E-1));
#17659=AXIS2_PLACEMENT_3D('',#17656,#17657,#17658);
#17660=PLANE('',#17659);
#17662=ORIENTED_EDGE('',*,*,#17661,.T.);
#17663=ORIENTED_EDGE('',*,*,#17395,.F.);
#17665=ORIENTED_EDGE('',*,*,#17664,.T.);
#17667=ORIENTED_EDGE('',*,*,#17666,.F.);
#17669=ORIENTED_EDGE('',*,*,#17668,.F.);
#17670=ORIENTED_EDGE('',*,*,#17387,.F.);
#17672=ORIENTED_EDGE('',*,*,#17671,.F.);
#17673=ORIENTED_EDGE('',*,*,#16527,.T.);
#17674=EDGE_LOOP('',(#17662,#17663,#17665,#17667,#17669,#17670,#17672,#17673));
#17675=FACE_OUTER_BOUND('',#17674,.F.);
#17677=CARTESIAN_POINT('',(1.16E1,1.620675276617E0,2.633928126559E1));
#17678=DIRECTION('',(1.E0,0.E0,0.E0));
#17679=DIRECTION('',(0.E0,1.E0,0.E0));
#17680=AXIS2_PLACEMENT_3D('',#17677,#17678,#17679);
#17681=PLANE('',#17680);
#17682=ORIENTED_EDGE('',*,*,#17328,.T.);
#17684=ORIENTED_EDGE('',*,*,#17683,.F.);
#17686=ORIENTED_EDGE('',*,*,#17685,.F.);
#17687=ORIENTED_EDGE('',*,*,#17589,.F.);
#17688=EDGE_LOOP('',(#17682,#17684,#17686,#17687));
#17689=FACE_OUTER_BOUND('',#17688,.F.);
#17691=CARTESIAN_POINT('',(3.373220533547E1,2.970096189432E0,2.701428126559E1));
#17692=DIRECTION('',(0.E0,8.660254037844E-1,5.E-1));
#17693=DIRECTION('',(0.E0,5.E-1,-8.660254037844E-1));
#17694=AXIS2_PLACEMENT_3D('',#17691,#17692,#17693);
#17695=PLANE('',#17694);
#17697=ORIENTED_EDGE('',*,*,#17696,.F.);
#17699=ORIENTED_EDGE('',*,*,#17698,.T.);
#17700=ORIENTED_EDGE('',*,*,#17683,.T.);
#17701=ORIENTED_EDGE('',*,*,#17326,.F.);
#17702=EDGE_LOOP('',(#17697,#17699,#17700,#17701));
#17703=FACE_OUTER_BOUND('',#17702,.F.);
#17705=CARTESIAN_POINT('',(3.373220533547E1,2.970096189432E0,2.701428126559E1));
#17706=DIRECTION('',(0.E0,8.660254037844E-1,5.E-1));
#17707=DIRECTION('',(0.E0,5.E-1,-8.660254037844E-1));
#17708=AXIS2_PLACEMENT_3D('',#17705,#17706,#17707);
#17709=PLANE('',#17708);
#17711=ORIENTED_EDGE('',*,*,#17710,.T.);
#17713=ORIENTED_EDGE('',*,*,#17712,.T.);
#17714=ORIENTED_EDGE('',*,*,#17322,.F.);
#17716=ORIENTED_EDGE('',*,*,#17715,.T.);
#17717=EDGE_LOOP('',(#17711,#17713,#17714,#17716));
#17718=FACE_OUTER_BOUND('',#17717,.F.);
#17720=CARTESIAN_POINT('',(3.373220533547E1,2.970096189432E0,2.701428126559E1));
#17721=DIRECTION('',(0.E0,8.660254037844E-1,5.E-1));
#17722=DIRECTION('',(0.E0,5.E-1,-8.660254037844E-1));
#17723=AXIS2_PLACEMENT_3D('',#17720,#17721,#17722);
#17724=PLANE('',#17723);
#17725=ORIENTED_EDGE('',*,*,#17369,.F.);
#17727=ORIENTED_EDGE('',*,*,#17726,.F.);
#17729=ORIENTED_EDGE('',*,*,#17728,.T.);
#17731=ORIENTED_EDGE('',*,*,#17730,.F.);
#17732=EDGE_LOOP('',(#17725,#17727,#17729,#17731));
#17733=FACE_OUTER_BOUND('',#17732,.F.);
#17735=CARTESIAN_POINT('',(3.373220533547E1,2.970096189432E0,2.701428126559E1));
#17736=DIRECTION('',(0.E0,8.660254037844E-1,5.E-1));
#17737=DIRECTION('',(0.E0,5.E-1,-8.660254037844E-1));
#17738=AXIS2_PLACEMENT_3D('',#17735,#17736,#17737);
#17739=PLANE('',#17738);
#17741=ORIENTED_EDGE('',*,*,#17740,.F.);
#17743=ORIENTED_EDGE('',*,*,#17742,.T.);
#17745=ORIENTED_EDGE('',*,*,#17744,.T.);
#17746=ORIENTED_EDGE('',*,*,#17391,.F.);
#17747=EDGE_LOOP('',(#17741,#17743,#17745,#17746));
#17748=FACE_OUTER_BOUND('',#17747,.F.);
#17750=CARTESIAN_POINT('',(3.373220533547E1,2.970096189432E0,2.701428126559E1));
#17751=DIRECTION('',(0.E0,8.660254037844E-1,5.E-1));
#17752=DIRECTION('',(0.E0,5.E-1,-8.660254037844E-1));
#17753=AXIS2_PLACEMENT_3D('',#17750,#17751,#17752);
#17754=PLANE('',#17753);
#17756=ORIENTED_EDGE('',*,*,#17755,.F.);
#17758=ORIENTED_EDGE('',*,*,#17757,.T.);
#17760=ORIENTED_EDGE('',*,*,#17759,.T.);
#17761=ORIENTED_EDGE('',*,*,#17346,.F.);
#17762=EDGE_LOOP('',(#17756,#17758,#17760,#17761));
#17763=FACE_OUTER_BOUND('',#17762,.F.);
#17765=CARTESIAN_POINT('',(1.76E1,1.620675276617E0,2.693928126559E1));
#17766=DIRECTION('',(-1.E0,0.E0,0.E0));
#17767=DIRECTION('',(0.E0,0.E0,-1.E0));
#17768=AXIS2_PLACEMENT_3D('',#17765,#17766,#17767);
#17769=PLANE('',#17768);
#17770=ORIENTED_EDGE('',*,*,#17593,.T.);
#17772=ORIENTED_EDGE('',*,*,#17771,.T.);
#17773=ORIENTED_EDGE('',*,*,#17696,.T.);
#17775=ORIENTED_EDGE('',*,*,#17774,.T.);
#17777=ORIENTED_EDGE('',*,*,#17776,.F.);
#17778=EDGE_LOOP('',(#17770,#17772,#17773,#17775,#17777));
#17779=FACE_OUTER_BOUND('',#17778,.F.);
#17781=CARTESIAN_POINT('',(3.373220533547E1,2.1E0,2.693928126559E1));
#17782=DIRECTION('',(0.E0,0.E0,1.E0));
#17783=DIRECTION('',(0.E0,1.E0,0.E0));
#17784=AXIS2_PLACEMENT_3D('',#17781,#17782,#17783);
#17785=PLANE('',#17784);
#17786=ORIENTED_EDGE('',*,*,#17771,.F.);
#17787=ORIENTED_EDGE('',*,*,#17591,.T.);
#17788=ORIENTED_EDGE('',*,*,#17685,.T.);
#17789=ORIENTED_EDGE('',*,*,#17698,.F.);
#17790=EDGE_LOOP('',(#17786,#17787,#17788,#17789));
#17791=FACE_OUTER_BOUND('',#17790,.F.);
#17793=CARTESIAN_POINT('',(3.373220533547E1,2.1E0,2.693928126559E1));
#17794=DIRECTION('',(0.E0,0.E0,1.E0));
#17795=DIRECTION('',(0.E0,1.E0,0.E0));
#17796=AXIS2_PLACEMENT_3D('',#17793,#17794,#17795);
#17797=PLANE('',#17796);
#17798=ORIENTED_EDGE('',*,*,#17631,.T.);
#17800=ORIENTED_EDGE('',*,*,#17799,.T.);
#17801=ORIENTED_EDGE('',*,*,#17710,.F.);
#17803=ORIENTED_EDGE('',*,*,#17802,.T.);
#17804=EDGE_LOOP('',(#17798,#17800,#17801,#17803));
#17805=FACE_OUTER_BOUND('',#17804,.F.);
#17807=CARTESIAN_POINT('',(3.373220533547E1,2.1E0,2.693928126559E1));
#17808=DIRECTION('',(0.E0,0.E0,1.E0));
#17809=DIRECTION('',(0.E0,1.E0,0.E0));
#17810=AXIS2_PLACEMENT_3D('',#17807,#17808,#17809);
#17811=PLANE('',#17810);
#17812=ORIENTED_EDGE('',*,*,#17728,.F.);
#17814=ORIENTED_EDGE('',*,*,#17813,.F.);
#17815=ORIENTED_EDGE('',*,*,#17648,.T.);
#17817=ORIENTED_EDGE('',*,*,#17816,.F.);
#17818=EDGE_LOOP('',(#17812,#17814,#17815,#17817));
#17819=FACE_OUTER_BOUND('',#17818,.F.);
#17821=CARTESIAN_POINT('',(3.373220533547E1,2.1E0,2.693928126559E1));
#17822=DIRECTION('',(0.E0,0.E0,1.E0));
#17823=DIRECTION('',(0.E0,1.E0,0.E0));
#17824=AXIS2_PLACEMENT_3D('',#17821,#17822,#17823);
#17825=PLANE('',#17824);
#17827=ORIENTED_EDGE('',*,*,#17826,.F.);
#17828=ORIENTED_EDGE('',*,*,#17666,.T.);
#17830=ORIENTED_EDGE('',*,*,#17829,.T.);
#17831=ORIENTED_EDGE('',*,*,#17742,.F.);
#17832=EDGE_LOOP('',(#17827,#17828,#17830,#17831));
#17833=FACE_OUTER_BOUND('',#17832,.F.);
#17835=CARTESIAN_POINT('',(3.373220533547E1,2.1E0,2.693928126559E1));
#17836=DIRECTION('',(0.E0,0.E0,1.E0));
#17837=DIRECTION('',(0.E0,1.E0,0.E0));
#17838=AXIS2_PLACEMENT_3D('',#17835,#17836,#17837);
#17839=PLANE('',#17838);
#17841=ORIENTED_EDGE('',*,*,#17840,.F.);
#17842=ORIENTED_EDGE('',*,*,#17611,.T.);
#17844=ORIENTED_EDGE('',*,*,#17843,.T.);
#17845=ORIENTED_EDGE('',*,*,#17757,.F.);
#17846=EDGE_LOOP('',(#17841,#17842,#17844,#17845));
#17847=FACE_OUTER_BOUND('',#17846,.F.);
#17849=CARTESIAN_POINT('',(2.773220533547E1,1.620675276617E0,2.628468573045E1));
#17850=DIRECTION('',(1.E0,0.E0,0.E0));
#17851=DIRECTION('',(0.E0,0.E0,1.E0));
#17852=AXIS2_PLACEMENT_3D('',#17849,#17850,#17851);
#17853=PLANE('',#17852);
#17854=ORIENTED_EDGE('',*,*,#17629,.F.);
#17856=ORIENTED_EDGE('',*,*,#17855,.T.);
#17858=ORIENTED_EDGE('',*,*,#17857,.T.);
#17859=ORIENTED_EDGE('',*,*,#17712,.F.);
#17860=ORIENTED_EDGE('',*,*,#17799,.F.);
#17861=EDGE_LOOP('',(#17854,#17856,#17858,#17859,#17860));
#17862=FACE_OUTER_BOUND('',#17861,.F.);
#17864=CARTESIAN_POINT('',(1.76E1,1.620675276617E0,2.628468573045E1));
#17865=DIRECTION('',(0.E0,0.E0,-1.E0));
#17866=DIRECTION('',(1.E0,0.E0,0.E0));
#17867=AXIS2_PLACEMENT_3D('',#17864,#17865,#17866);
#17868=PLANE('',#17867);
#17869=ORIENTED_EDGE('',*,*,#16505,.F.);
#17870=ORIENTED_EDGE('',*,*,#17776,.T.);
#17872=ORIENTED_EDGE('',*,*,#17871,.T.);
#17873=ORIENTED_EDGE('',*,*,#17855,.F.);
#17874=EDGE_LOOP('',(#17869,#17870,#17872,#17873));
#17875=FACE_OUTER_BOUND('',#17874,.F.);
#17877=CARTESIAN_POINT('',(0.E0,3.359807621135E0,0.E0));
#17878=DIRECTION('',(0.E0,-1.E0,0.E0));
#17879=DIRECTION('',(0.E0,0.E0,1.E0));
#17880=AXIS2_PLACEMENT_3D('',#17877,#17878,#17879);
#17881=PLANE('',#17880);
#17882=ORIENTED_EDGE('',*,*,#17324,.F.);
#17883=ORIENTED_EDGE('',*,*,#17857,.F.);
#17884=ORIENTED_EDGE('',*,*,#17871,.F.);
#17885=ORIENTED_EDGE('',*,*,#17774,.F.);
#17886=EDGE_LOOP('',(#17882,#17883,#17884,#17885));
#17887=FACE_OUTER_BOUND('',#17886,.F.);
#17889=CARTESIAN_POINT('',(0.E0,3.359807621135E0,0.E0));
#17890=DIRECTION('',(0.E0,-1.E0,0.E0));
#17891=DIRECTION('',(0.E0,0.E0,1.E0));
#17892=AXIS2_PLACEMENT_3D('',#17889,#17890,#17891);
#17893=PLANE('',#17892);
#17895=ORIENTED_EDGE('',*,*,#17894,.F.);
#17897=ORIENTED_EDGE('',*,*,#17896,.F.);
#17899=ORIENTED_EDGE('',*,*,#17898,.F.);
#17901=ORIENTED_EDGE('',*,*,#17900,.F.);
#17902=EDGE_LOOP('',(#17895,#17897,#17899,#17901));
#17903=FACE_OUTER_BOUND('',#17902,.F.);
#17905=CARTESIAN_POINT('',(0.E0,3.359807621135E0,0.E0));
#17906=DIRECTION('',(0.E0,-1.E0,0.E0));
#17907=DIRECTION('',(0.E0,0.E0,1.E0));
#17908=AXIS2_PLACEMENT_3D('',#17905,#17906,#17907);
#17909=PLANE('',#17908);
#17911=ORIENTED_EDGE('',*,*,#17910,.F.);
#17913=ORIENTED_EDGE('',*,*,#17912,.F.);
#17915=ORIENTED_EDGE('',*,*,#17914,.F.);
#17917=ORIENTED_EDGE('',*,*,#17916,.F.);
#17918=EDGE_LOOP('',(#17911,#17913,#17915,#17917));
#17919=FACE_OUTER_BOUND('',#17918,.F.);
#17921=CARTESIAN_POINT('',(0.E0,3.359807621135E0,0.E0));
#17922=DIRECTION('',(0.E0,-1.E0,0.E0));
#17923=DIRECTION('',(0.E0,0.E0,1.E0));
#17924=AXIS2_PLACEMENT_3D('',#17921,#17922,#17923);
#17925=PLANE('',#17924);
#17927=ORIENTED_EDGE('',*,*,#17926,.F.);
#17929=ORIENTED_EDGE('',*,*,#17928,.F.);
#17931=ORIENTED_EDGE('',*,*,#17930,.F.);
#17933=ORIENTED_EDGE('',*,*,#17932,.F.);
#17934=EDGE_LOOP('',(#17927,#17929,#17931,#17933));
#17935=FACE_OUTER_BOUND('',#17934,.F.);
#17937=CARTESIAN_POINT('',(-4.569196201090E1,3.533012701892E0,
-3.116071873441E1));
#17938=DIRECTION('',(0.E0,0.E0,-1.E0));
#17939=DIRECTION('',(0.E0,1.E0,0.E0));
#17940=AXIS2_PLACEMENT_3D('',#17937,#17938,#17939);
#17941=PLANE('',#17940);
#17943=ORIENTED_EDGE('',*,*,#17942,.T.);
#17944=ORIENTED_EDGE('',*,*,#17926,.T.);
#17946=ORIENTED_EDGE('',*,*,#17945,.T.);
#17947=ORIENTED_EDGE('',*,*,#17910,.T.);
#17949=ORIENTED_EDGE('',*,*,#17948,.T.);
#17950=ORIENTED_EDGE('',*,*,#17894,.T.);
#17952=ORIENTED_EDGE('',*,*,#17951,.T.);
#17954=ORIENTED_EDGE('',*,*,#17953,.T.);
#17956=ORIENTED_EDGE('',*,*,#17955,.F.);
#17958=ORIENTED_EDGE('',*,*,#17957,.F.);
#17959=EDGE_LOOP('',(#17943,#17944,#17946,#17947,#17949,#17950,#17952,#17954,
#17956,#17958));
#17960=FACE_OUTER_BOUND('',#17959,.F.);
#17962=CARTESIAN_POINT('',(-4.569196201090E1,2.970096189432E0,
-3.183571873441E1));
#17963=DIRECTION('',(0.E0,8.660254037844E-1,-5.E-1));
#17964=DIRECTION('',(0.E0,5.E-1,8.660254037844E-1));
#17965=AXIS2_PLACEMENT_3D('',#17962,#17963,#17964);
#17966=PLANE('',#17965);
#17968=ORIENTED_EDGE('',*,*,#17967,.F.);
#17970=ORIENTED_EDGE('',*,*,#17969,.T.);
#17972=ORIENTED_EDGE('',*,*,#17971,.T.);
#17973=ORIENTED_EDGE('',*,*,#17948,.F.);
#17974=EDGE_LOOP('',(#17968,#17970,#17972,#17973));
#17975=FACE_OUTER_BOUND('',#17974,.F.);
#17977=CARTESIAN_POINT('',(-4.569196201090E1,2.970096189432E0,
-3.183571873441E1));
#17978=DIRECTION('',(0.E0,8.660254037844E-1,-5.E-1));
#17979=DIRECTION('',(0.E0,5.E-1,8.660254037844E-1));
#17980=AXIS2_PLACEMENT_3D('',#17977,#17978,#17979);
#17981=PLANE('',#17980);
#17983=ORIENTED_EDGE('',*,*,#17982,.F.);
#17985=ORIENTED_EDGE('',*,*,#17984,.T.);
#17987=ORIENTED_EDGE('',*,*,#17986,.T.);
#17988=ORIENTED_EDGE('',*,*,#17945,.F.);
#17989=EDGE_LOOP('',(#17983,#17985,#17987,#17988));
#17990=FACE_OUTER_BOUND('',#17989,.F.);
#17992=CARTESIAN_POINT('',(-4.569196201090E1,2.970096189432E0,
-3.183571873441E1));
#17993=DIRECTION('',(0.E0,8.660254037844E-1,-5.E-1));
#17994=DIRECTION('',(0.E0,5.E-1,8.660254037844E-1));
#17995=AXIS2_PLACEMENT_3D('',#17992,#17993,#17994);
#17996=PLANE('',#17995);
#17998=ORIENTED_EDGE('',*,*,#17997,.T.);
#17999=ORIENTED_EDGE('',*,*,#17951,.F.);
#18001=ORIENTED_EDGE('',*,*,#18000,.F.);
#18003=ORIENTED_EDGE('',*,*,#18002,.T.);
#18004=EDGE_LOOP('',(#17998,#17999,#18001,#18003));
#18005=FACE_OUTER_BOUND('',#18004,.F.);
#18007=CARTESIAN_POINT('',(-4.569196201090E1,2.970096189432E0,
-3.183571873441E1));
#18008=DIRECTION('',(0.E0,8.660254037844E-1,-5.E-1));
#18009=DIRECTION('',(0.E0,5.E-1,8.660254037844E-1));
#18010=AXIS2_PLACEMENT_3D('',#18007,#18008,#18009);
#18011=PLANE('',#18010);
#18013=ORIENTED_EDGE('',*,*,#18012,.T.);
#18015=ORIENTED_EDGE('',*,*,#18014,.T.);
#18017=ORIENTED_EDGE('',*,*,#18016,.T.);
#18018=ORIENTED_EDGE('',*,*,#17942,.F.);
#18019=EDGE_LOOP('',(#18013,#18015,#18017,#18018));
#18020=FACE_OUTER_BOUND('',#18019,.F.);
#18022=CARTESIAN_POINT('',(5.908162200121E-1,1.620675276617E0,
-3.176071873441E1));
#18023=DIRECTION('',(1.E0,0.E0,0.E0));
#18024=DIRECTION('',(0.E0,0.E0,1.E0));
#18025=AXIS2_PLACEMENT_3D('',#18022,#18023,#18024);
#18026=PLANE('',#18025);
#18028=ORIENTED_EDGE('',*,*,#18027,.T.);
#18030=ORIENTED_EDGE('',*,*,#18029,.T.);
#18031=ORIENTED_EDGE('',*,*,#17967,.T.);
#18032=ORIENTED_EDGE('',*,*,#17916,.T.);
#18034=ORIENTED_EDGE('',*,*,#18033,.F.);
#18035=EDGE_LOOP('',(#18028,#18030,#18031,#18032,#18034));
#18036=FACE_OUTER_BOUND('',#18035,.F.);
#18038=CARTESIAN_POINT('',(-4.569196201090E1,1.585581943085E0,
-3.106430059296E1));
#18039=DIRECTION('',(0.E0,-7.660444431190E-1,-6.427876096865E-1));
#18040=DIRECTION('',(0.E0,6.427876096865E-1,-7.660444431190E-1));
#18041=AXIS2_PLACEMENT_3D('',#18038,#18039,#18040);
#18042=PLANE('',#18041);
#18043=ORIENTED_EDGE('',*,*,#18027,.F.);
#18044=ORIENTED_EDGE('',*,*,#16586,.T.);
#18046=ORIENTED_EDGE('',*,*,#18045,.T.);
#18048=ORIENTED_EDGE('',*,*,#18047,.F.);
#18049=EDGE_LOOP('',(#18043,#18044,#18046,#18048));
#18050=FACE_OUTER_BOUND('',#18049,.F.);
#18052=CARTESIAN_POINT('',(-4.569196201090E1,1.585581943085E0,
-3.106430059296E1));
#18053=DIRECTION('',(0.E0,-7.660444431190E-1,-6.427876096865E-1));
#18054=DIRECTION('',(0.E0,6.427876096865E-1,-7.660444431190E-1));
#18055=AXIS2_PLACEMENT_3D('',#18052,#18053,#18054);
#18056=PLANE('',#18055);
#18058=ORIENTED_EDGE('',*,*,#18057,.F.);
#18059=ORIENTED_EDGE('',*,*,#16590,.T.);
#18061=ORIENTED_EDGE('',*,*,#18060,.T.);
#18063=ORIENTED_EDGE('',*,*,#18062,.F.);
#18064=EDGE_LOOP('',(#18058,#18059,#18061,#18063));
#18065=FACE_OUTER_BOUND('',#18064,.F.);
#18067=CARTESIAN_POINT('',(-4.569196201090E1,1.585581943085E0,
-3.106430059296E1));
#18068=DIRECTION('',(0.E0,-7.660444431190E-1,-6.427876096865E-1));
#18069=DIRECTION('',(0.E0,6.427876096865E-1,-7.660444431190E-1));
#18070=AXIS2_PLACEMENT_3D('',#18067,#18068,#18069);
#18071=PLANE('',#18070);
#18073=ORIENTED_EDGE('',*,*,#18072,.T.);
#18075=ORIENTED_EDGE('',*,*,#18074,.F.);
#18077=ORIENTED_EDGE('',*,*,#18076,.F.);
#18078=ORIENTED_EDGE('',*,*,#16582,.T.);
#18080=ORIENTED_EDGE('',*,*,#18079,.T.);
#18081=EDGE_LOOP('',(#18073,#18075,#18077,#18078,#18080));
#18082=FACE_OUTER_BOUND('',#18081,.F.);
#18084=CARTESIAN_POINT('',(-4.569196201090E1,1.585581943085E0,
-3.106430059296E1));
#18085=DIRECTION('',(0.E0,-7.660444431190E-1,-6.427876096865E-1));
#18086=DIRECTION('',(0.E0,6.427876096865E-1,-7.660444431190E-1));
#18087=AXIS2_PLACEMENT_3D('',#18084,#18085,#18086);
#18088=PLANE('',#18087);
#18090=ORIENTED_EDGE('',*,*,#18089,.T.);
#18092=ORIENTED_EDGE('',*,*,#18091,.F.);
#18093=ORIENTED_EDGE('',*,*,#16594,.T.);
#18095=ORIENTED_EDGE('',*,*,#18094,.T.);
#18097=ORIENTED_EDGE('',*,*,#18096,.F.);
#18098=EDGE_LOOP('',(#18090,#18092,#18093,#18095,#18097));
#18099=FACE_OUTER_BOUND('',#18098,.F.);
#18101=CARTESIAN_POINT('',(1.059081622001E1,1.620675276617E0,
-3.110612319927E1));
#18102=DIRECTION('',(-1.E0,0.E0,0.E0));
#18103=DIRECTION('',(0.E0,0.E0,-1.E0));
#18104=AXIS2_PLACEMENT_3D('',#18101,#18102,#18103);
#18105=PLANE('',#18104);
#18106=ORIENTED_EDGE('',*,*,#18045,.F.);
#18108=ORIENTED_EDGE('',*,*,#18107,.T.);
#18109=ORIENTED_EDGE('',*,*,#17896,.T.);
#18110=ORIENTED_EDGE('',*,*,#17971,.F.);
#18112=ORIENTED_EDGE('',*,*,#18111,.F.);
#18113=EDGE_LOOP('',(#18106,#18108,#18109,#18110,#18112));
#18114=FACE_OUTER_BOUND('',#18113,.F.);
#18116=CARTESIAN_POINT('',(2.373220533547E1,1.620675276617E0,
-3.110612319927E1));
#18117=DIRECTION('',(0.E0,0.E0,1.E0));
#18118=DIRECTION('',(-1.E0,0.E0,0.E0));
#18119=AXIS2_PLACEMENT_3D('',#18116,#18117,#18118);
#18120=PLANE('',#18119);
#18121=ORIENTED_EDGE('',*,*,#16584,.F.);
#18123=ORIENTED_EDGE('',*,*,#18122,.T.);
#18124=ORIENTED_EDGE('',*,*,#17898,.T.);
#18125=ORIENTED_EDGE('',*,*,#18107,.F.);
#18126=EDGE_LOOP('',(#18121,#18123,#18124,#18125));
#18127=FACE_OUTER_BOUND('',#18126,.F.);
#18129=CARTESIAN_POINT('',(2.373220533547E1,1.620675276617E0,
-3.176071873441E1));
#18130=DIRECTION('',(1.E0,0.E0,0.E0));
#18131=DIRECTION('',(0.E0,0.E0,1.E0));
#18132=AXIS2_PLACEMENT_3D('',#18129,#18130,#18131);
#18133=PLANE('',#18132);
#18134=ORIENTED_EDGE('',*,*,#18076,.T.);
#18136=ORIENTED_EDGE('',*,*,#18135,.T.);
#18137=ORIENTED_EDGE('',*,*,#18000,.T.);
#18138=ORIENTED_EDGE('',*,*,#17900,.T.);
#18139=ORIENTED_EDGE('',*,*,#18122,.F.);
#18140=EDGE_LOOP('',(#18134,#18136,#18137,#18138,#18139));
#18141=FACE_OUTER_BOUND('',#18140,.F.);
#18143=CARTESIAN_POINT('',(-4.569196201090E1,2.1E0,-3.176071873441E1));
#18144=DIRECTION('',(0.E0,0.E0,-1.E0));
#18145=DIRECTION('',(0.E0,1.E0,0.E0));
#18146=AXIS2_PLACEMENT_3D('',#18143,#18144,#18145);
#18147=PLANE('',#18146);
#18148=ORIENTED_EDGE('',*,*,#18029,.F.);
#18149=ORIENTED_EDGE('',*,*,#18047,.T.);
#18150=ORIENTED_EDGE('',*,*,#18111,.T.);
#18151=ORIENTED_EDGE('',*,*,#17969,.F.);
#18152=EDGE_LOOP('',(#18148,#18149,#18150,#18151));
#18153=FACE_OUTER_BOUND('',#18152,.F.);
#18155=CARTESIAN_POINT('',(-4.569196201090E1,2.1E0,-3.176071873441E1));
#18156=DIRECTION('',(0.E0,0.E0,-1.E0));
#18157=DIRECTION('',(0.E0,1.E0,0.E0));
#18158=AXIS2_PLACEMENT_3D('',#18155,#18156,#18157);
#18159=PLANE('',#18158);
#18161=ORIENTED_EDGE('',*,*,#18160,.F.);
#18162=ORIENTED_EDGE('',*,*,#18062,.T.);
#18164=ORIENTED_EDGE('',*,*,#18163,.T.);
#18165=ORIENTED_EDGE('',*,*,#17984,.F.);
#18166=EDGE_LOOP('',(#18161,#18162,#18164,#18165));
#18167=FACE_OUTER_BOUND('',#18166,.F.);
#18169=CARTESIAN_POINT('',(-4.569196201090E1,2.1E0,-3.176071873441E1));
#18170=DIRECTION('',(0.E0,0.E0,-1.E0));
#18171=DIRECTION('',(0.E0,1.E0,0.E0));
#18172=AXIS2_PLACEMENT_3D('',#18169,#18170,#18171);
#18173=PLANE('',#18172);
#18175=ORIENTED_EDGE('',*,*,#18174,.F.);
#18176=ORIENTED_EDGE('',*,*,#18002,.F.);
#18177=ORIENTED_EDGE('',*,*,#18135,.F.);
#18178=ORIENTED_EDGE('',*,*,#18074,.T.);
#18179=EDGE_LOOP('',(#18175,#18176,#18177,#18178));
#18180=FACE_OUTER_BOUND('',#18179,.F.);
#18182=CARTESIAN_POINT('',(-4.569196201090E1,2.1E0,-3.176071873441E1));
#18183=DIRECTION('',(0.E0,0.E0,-1.E0));
#18184=DIRECTION('',(0.E0,1.E0,0.E0));
#18185=AXIS2_PLACEMENT_3D('',#18182,#18183,#18184);
#18186=PLANE('',#18185);
#18188=ORIENTED_EDGE('',*,*,#18187,.T.);
#18189=ORIENTED_EDGE('',*,*,#18096,.T.);
#18191=ORIENTED_EDGE('',*,*,#18190,.T.);
#18192=ORIENTED_EDGE('',*,*,#18014,.F.);
#18193=EDGE_LOOP('',(#18188,#18189,#18191,#18192));
#18194=FACE_OUTER_BOUND('',#18193,.F.);
#18196=CARTESIAN_POINT('',(-2.255057289544E1,1.620675276617E0,
-3.176071873441E1));
#18197=DIRECTION('',(1.E0,0.E0,0.E0));
#18198=DIRECTION('',(0.E0,0.E0,1.E0));
#18199=AXIS2_PLACEMENT_3D('',#18196,#18197,#18198);
#18200=PLANE('',#18199);
#18201=ORIENTED_EDGE('',*,*,#18057,.T.);
#18202=ORIENTED_EDGE('',*,*,#18160,.T.);
#18203=ORIENTED_EDGE('',*,*,#17982,.T.);
#18204=ORIENTED_EDGE('',*,*,#17932,.T.);
#18206=ORIENTED_EDGE('',*,*,#18205,.F.);
#18207=EDGE_LOOP('',(#18201,#18202,#18203,#18204,#18206));
#18208=FACE_OUTER_BOUND('',#18207,.F.);
#18210=CARTESIAN_POINT('',(-2.255057289544E1,1.620675276617E0,
-3.110612319927E1));
#18211=DIRECTION('',(0.E0,0.E0,1.E0));
#18212=DIRECTION('',(-1.E0,0.E0,0.E0));
#18213=AXIS2_PLACEMENT_3D('',#18210,#18211,#18212);
#18214=PLANE('',#18213);
#18215=ORIENTED_EDGE('',*,*,#16592,.F.);
#18216=ORIENTED_EDGE('',*,*,#18205,.T.);
#18217=ORIENTED_EDGE('',*,*,#17930,.T.);
#18219=ORIENTED_EDGE('',*,*,#18218,.F.);
#18220=EDGE_LOOP('',(#18215,#18216,#18217,#18219));
#18221=FACE_OUTER_BOUND('',#18220,.F.);
#18223=CARTESIAN_POINT('',(-3.569196201090E1,1.620675276617E0,
-3.110612319927E1));
#18224=DIRECTION('',(-1.E0,0.E0,0.E0));
#18225=DIRECTION('',(0.E0,0.E0,-1.E0));
#18226=AXIS2_PLACEMENT_3D('',#18223,#18224,#18225);
#18227=PLANE('',#18226);
#18228=ORIENTED_EDGE('',*,*,#18094,.F.);
#18229=ORIENTED_EDGE('',*,*,#18218,.T.);
#18230=ORIENTED_EDGE('',*,*,#17928,.T.);
#18231=ORIENTED_EDGE('',*,*,#18016,.F.);
#18232=ORIENTED_EDGE('',*,*,#18190,.F.);
#18233=EDGE_LOOP('',(#18228,#18229,#18230,#18231,#18232));
#18234=FACE_OUTER_BOUND('',#18233,.F.);
#18236=CARTESIAN_POINT('',(-1.255057289544E1,1.620675276617E0,
-3.110612319927E1));
#18237=DIRECTION('',(-1.E0,0.E0,0.E0));
#18238=DIRECTION('',(0.E0,0.E0,-1.E0));
#18239=AXIS2_PLACEMENT_3D('',#18236,#18237,#18238);
#18240=PLANE('',#18239);
#18241=ORIENTED_EDGE('',*,*,#18060,.F.);
#18243=ORIENTED_EDGE('',*,*,#18242,.T.);
#18244=ORIENTED_EDGE('',*,*,#17912,.T.);
#18245=ORIENTED_EDGE('',*,*,#17986,.F.);
#18246=ORIENTED_EDGE('',*,*,#18163,.F.);
#18247=EDGE_LOOP('',(#18241,#18243,#18244,#18245,#18246));
#18248=FACE_OUTER_BOUND('',#18247,.F.);
#18250=CARTESIAN_POINT('',(5.908162200121E-1,1.620675276617E0,
-3.110612319927E1));
#18251=DIRECTION('',(0.E0,0.E0,1.E0));
#18252=DIRECTION('',(-1.E0,0.E0,0.E0));
#18253=AXIS2_PLACEMENT_3D('',#18250,#18251,#18252);
#18254=PLANE('',#18253);
#18255=ORIENTED_EDGE('',*,*,#16588,.F.);
#18256=ORIENTED_EDGE('',*,*,#18033,.T.);
#18257=ORIENTED_EDGE('',*,*,#17914,.T.);
#18258=ORIENTED_EDGE('',*,*,#18242,.F.);
#18259=EDGE_LOOP('',(#18255,#18256,#18257,#18258));
#18260=FACE_OUTER_BOUND('',#18259,.F.);
#18262=CARTESIAN_POINT('',(3.373220533547E1,1.620675276617E0,
-3.116071873441E1));
#18263=DIRECTION('',(-1.E0,0.E0,0.E0));
#18264=DIRECTION('',(0.E0,0.E0,-1.E0));
#18265=AXIS2_PLACEMENT_3D('',#18262,#18263,#18264);
#18266=PLANE('',#18265);
#18267=ORIENTED_EDGE('',*,*,#18072,.F.);
#18269=ORIENTED_EDGE('',*,*,#18268,.T.);
#18270=ORIENTED_EDGE('',*,*,#17997,.F.);
#18271=ORIENTED_EDGE('',*,*,#18174,.T.);
#18272=EDGE_LOOP('',(#18267,#18269,#18270,#18271));
#18273=FACE_OUTER_BOUND('',#18272,.F.);
#18275=CARTESIAN_POINT('',(3.373220533547E1,5.5E0,-2.766071873441E1));
#18276=DIRECTION('',(0.E0,-1.E0,0.E0));
#18277=DIRECTION('',(0.E0,0.E0,1.E0));
#18278=AXIS2_PLACEMENT_3D('',#18275,#18276,#18277);
#18279=CYLINDRICAL_SURFACE('',#18278,3.5E0);
#18281=ORIENTED_EDGE('',*,*,#18280,.F.);
#18282=ORIENTED_EDGE('',*,*,#17953,.F.);
#18283=ORIENTED_EDGE('',*,*,#18268,.F.);
#18285=ORIENTED_EDGE('',*,*,#18284,.T.);
#18287=ORIENTED_EDGE('',*,*,#18286,.F.);
#18288=EDGE_LOOP('',(#18281,#18282,#18283,#18285,#18287));
#18289=FACE_OUTER_BOUND('',#18288,.F.);
#18291=CARTESIAN_POINT('',(3.373220533547E1,4.249999999758E0,
-2.766071873441E1));
#18292=DIRECTION('',(0.E0,1.E0,0.E0));
#18293=DIRECTION('',(0.E0,0.E0,-1.E0));
#18294=AXIS2_PLACEMENT_3D('',#18291,#18292,#18293);
#18295=CONICAL_SURFACE('',#18294,3.749999999758E0,4.5E1);
#18296=ORIENTED_EDGE('',*,*,#16873,.F.);
#18298=ORIENTED_EDGE('',*,*,#18297,.T.);
#18299=ORIENTED_EDGE('',*,*,#18280,.T.);
#18301=ORIENTED_EDGE('',*,*,#18300,.F.);
#18302=EDGE_LOOP('',(#18296,#18298,#18299,#18301));
#18303=FACE_OUTER_BOUND('',#18302,.F.);
#18305=CARTESIAN_POINT('',(-5.979878337716E0,4.25E0,-3.141071873441E1));
#18306=DIRECTION('',(0.E0,-7.071067811865E-1,-7.071067811865E-1));
#18307=DIRECTION('',(0.E0,7.071067811865E-1,-7.071067811865E-1));
#18308=AXIS2_PLACEMENT_3D('',#18305,#18306,#18307);
#18309=PLANE('',#18308);
#18310=ORIENTED_EDGE('',*,*,#16871,.F.);
#18312=ORIENTED_EDGE('',*,*,#18311,.T.);
#18313=ORIENTED_EDGE('',*,*,#17955,.T.);
#18314=ORIENTED_EDGE('',*,*,#18297,.F.);
#18315=EDGE_LOOP('',(#18310,#18312,#18313,#18314));
#18316=FACE_OUTER_BOUND('',#18315,.F.);
#18318=CARTESIAN_POINT('',(-4.569196201090E1,4.249999999638E0,
-2.766071873441E1));
#18319=DIRECTION('',(0.E0,1.E0,0.E0));
#18320=DIRECTION('',(0.E0,0.E0,-1.E0));
#18321=AXIS2_PLACEMENT_3D('',#18318,#18319,#18320);
#18322=CONICAL_SURFACE('',#18321,3.749999999638E0,4.5E1);
#18323=ORIENTED_EDGE('',*,*,#16869,.F.);
#18324=ORIENTED_EDGE('',*,*,#17218,.T.);
#18326=ORIENTED_EDGE('',*,*,#18325,.T.);
#18327=ORIENTED_EDGE('',*,*,#18311,.F.);
#18328=EDGE_LOOP('',(#18323,#18324,#18326,#18327));
#18329=FACE_OUTER_BOUND('',#18328,.F.);
#18331=CARTESIAN_POINT('',(-4.569196201090E1,5.5E0,-2.766071873441E1));
#18332=DIRECTION('',(0.E0,-1.E0,0.E0));
#18333=DIRECTION('',(1.E0,0.E0,0.E0));
#18334=AXIS2_PLACEMENT_3D('',#18331,#18332,#18333);
#18335=CYLINDRICAL_SURFACE('',#18334,3.5E0);
#18336=ORIENTED_EDGE('',*,*,#17131,.F.);
#18338=ORIENTED_EDGE('',*,*,#18337,.F.);
#18340=ORIENTED_EDGE('',*,*,#18339,.T.);
#18342=ORIENTED_EDGE('',*,*,#18341,.T.);
#18343=ORIENTED_EDGE('',*,*,#17957,.T.);
#18344=ORIENTED_EDGE('',*,*,#18325,.F.);
#18345=EDGE_LOOP('',(#18336,#18338,#18340,#18342,#18343,#18344));
#18346=FACE_OUTER_BOUND('',#18345,.F.);
#18348=CARTESIAN_POINT('',(-4.919196201090E1,1.620675276617E0,
-2.766071873441E1));
#18349=DIRECTION('',(0.E0,0.E0,1.E0));
#18350=DIRECTION('',(-1.E0,0.E0,0.E0));
#18351=AXIS2_PLACEMENT_3D('',#18348,#18349,#18350);
#18352=PLANE('',#18351);
#18354=ORIENTED_EDGE('',*,*,#18353,.F.);
#18355=ORIENTED_EDGE('',*,*,#18337,.T.);
#18356=ORIENTED_EDGE('',*,*,#17165,.F.);
#18358=ORIENTED_EDGE('',*,*,#18357,.F.);
#18359=EDGE_LOOP('',(#18354,#18355,#18356,#18358));
#18360=FACE_OUTER_BOUND('',#18359,.F.);
#18362=CARTESIAN_POINT('',(-4.909554386945E1,1.585581943085E0,
2.283928126559E1));
#18363=DIRECTION('',(-6.427876096865E-1,-7.660444431190E-1,0.E0));
#18364=DIRECTION('',(-7.660444431190E-1,6.427876096865E-1,0.E0));
#18365=AXIS2_PLACEMENT_3D('',#18362,#18363,#18364);
#18366=PLANE('',#18365);
#18367=ORIENTED_EDGE('',*,*,#17105,.F.);
#18368=ORIENTED_EDGE('',*,*,#17192,.T.);
#18370=ORIENTED_EDGE('',*,*,#18369,.F.);
#18372=ORIENTED_EDGE('',*,*,#18371,.T.);
#18374=ORIENTED_EDGE('',*,*,#18373,.F.);
#18375=ORIENTED_EDGE('',*,*,#16598,.T.);
#18377=ORIENTED_EDGE('',*,*,#18376,.T.);
#18378=ORIENTED_EDGE('',*,*,#18353,.T.);
#18380=ORIENTED_EDGE('',*,*,#18379,.F.);
#18382=ORIENTED_EDGE('',*,*,#18381,.F.);
#18383=ORIENTED_EDGE('',*,*,#17125,.F.);
#18385=ORIENTED_EDGE('',*,*,#18384,.F.);
#18386=EDGE_LOOP('',(#18367,#18368,#18370,#18372,#18374,#18375,#18377,#18378,
#18380,#18382,#18383,#18385));
#18387=FACE_OUTER_BOUND('',#18386,.F.);
#18389=CARTESIAN_POINT('',(-4.979196201090E1,2.1E0,2.283928126559E1));
#18390=DIRECTION('',(-1.E0,0.E0,0.E0));
#18391=DIRECTION('',(0.E0,1.E0,0.E0));
#18392=AXIS2_PLACEMENT_3D('',#18389,#18390,#18391);
#18393=PLANE('',#18392);
#18394=ORIENTED_EDGE('',*,*,#17190,.T.);
#18395=ORIENTED_EDGE('',*,*,#17151,.F.);
#18397=ORIENTED_EDGE('',*,*,#18396,.T.);
#18398=ORIENTED_EDGE('',*,*,#18369,.T.);
#18399=EDGE_LOOP('',(#18394,#18395,#18397,#18398));
#18400=FACE_OUTER_BOUND('',#18399,.F.);
#18402=CARTESIAN_POINT('',(-4.979196201090E1,2.1E0,2.283928126559E1));
#18403=DIRECTION('',(-1.E0,0.E0,0.E0));
#18404=DIRECTION('',(0.E0,1.E0,0.E0));
#18405=AXIS2_PLACEMENT_3D('',#18402,#18403,#18404);
#18406=PLANE('',#18405);
#18408=ORIENTED_EDGE('',*,*,#18407,.F.);
#18409=ORIENTED_EDGE('',*,*,#18379,.T.);
#18410=ORIENTED_EDGE('',*,*,#18357,.T.);
#18411=ORIENTED_EDGE('',*,*,#17163,.F.);
#18412=EDGE_LOOP('',(#18408,#18409,#18410,#18411));
#18413=FACE_OUTER_BOUND('',#18412,.F.);
#18415=CARTESIAN_POINT('',(-4.979196201090E1,1.620675276617E0,
2.283928126559E1));
#18416=DIRECTION('',(0.E0,0.E0,-1.E0));
#18417=DIRECTION('',(1.E0,0.E0,0.E0));
#18418=AXIS2_PLACEMENT_3D('',#18415,#18416,#18417);
#18419=PLANE('',#18418);
#18420=ORIENTED_EDGE('',*,*,#18371,.F.);
#18421=ORIENTED_EDGE('',*,*,#18396,.F.);
#18422=ORIENTED_EDGE('',*,*,#17149,.F.);
#18424=ORIENTED_EDGE('',*,*,#18423,.F.);
#18425=EDGE_LOOP('',(#18420,#18421,#18422,#18424));
#18426=FACE_OUTER_BOUND('',#18425,.F.);
#18428=CARTESIAN_POINT('',(-4.569196201090E1,5.5E0,2.283928126559E1));
#18429=DIRECTION('',(0.E0,-1.E0,0.E0));
#18430=DIRECTION('',(0.E0,0.E0,-1.E0));
#18431=AXIS2_PLACEMENT_3D('',#18428,#18429,#18430);
#18432=CYLINDRICAL_SURFACE('',#18431,3.5E0);
#18433=ORIENTED_EDGE('',*,*,#17371,.F.);
#18435=ORIENTED_EDGE('',*,*,#18434,.F.);
#18437=ORIENTED_EDGE('',*,*,#18436,.T.);
#18438=ORIENTED_EDGE('',*,*,#18423,.T.);
#18439=ORIENTED_EDGE('',*,*,#17113,.T.);
#18440=ORIENTED_EDGE('',*,*,#17232,.F.);
#18441=EDGE_LOOP('',(#18433,#18435,#18437,#18438,#18439,#18440));
#18442=FACE_OUTER_BOUND('',#18441,.F.);
#18444=CARTESIAN_POINT('',(-4.569196201090E1,1.620675276617E0,
2.633928126559E1));
#18445=DIRECTION('',(1.E0,0.E0,1.184237892934E-14));
#18446=DIRECTION('',(-1.184237892934E-14,0.E0,1.E0));
#18447=AXIS2_PLACEMENT_3D('',#18444,#18445,#18446);
#18448=PLANE('',#18447);
#18449=ORIENTED_EDGE('',*,*,#17646,.T.);
#18450=ORIENTED_EDGE('',*,*,#18434,.T.);
#18451=ORIENTED_EDGE('',*,*,#17730,.T.);
#18452=ORIENTED_EDGE('',*,*,#17816,.T.);
#18453=EDGE_LOOP('',(#18449,#18450,#18451,#18452));
#18454=FACE_OUTER_BOUND('',#18453,.F.);
#18456=CARTESIAN_POINT('',(-4.569196201090E1,1.643580823317E0,
2.283928126559E1));
#18457=DIRECTION('',(0.E0,1.E0,0.E0));
#18458=DIRECTION('',(0.E0,0.E0,1.E0));
#18459=AXIS2_PLACEMENT_3D('',#18456,#18457,#18458);
#18460=CONICAL_SURFACE('',#18459,3.472702232430E0,5.E1);
#18461=ORIENTED_EDGE('',*,*,#18436,.F.);
#18462=ORIENTED_EDGE('',*,*,#17644,.F.);
#18463=ORIENTED_EDGE('',*,*,#16600,.T.);
#18464=ORIENTED_EDGE('',*,*,#18373,.T.);
#18465=EDGE_LOOP('',(#18461,#18462,#18463,#18464));
#18466=FACE_OUTER_BOUND('',#18465,.F.);
#18468=CARTESIAN_POINT('',(-4.919196201090E1,4.5E0,-1.543E1));
#18469=DIRECTION('',(0.E0,0.E0,-1.E0));
#18470=DIRECTION('',(0.E0,-1.E0,0.E0));
#18471=AXIS2_PLACEMENT_3D('',#18468,#18469,#18470);
#18472=PLANE('',#18471);
#18473=ORIENTED_EDGE('',*,*,#17215,.T.);
#18474=ORIENTED_EDGE('',*,*,#16865,.F.);
#18475=ORIENTED_EDGE('',*,*,#17135,.T.);
#18476=EDGE_LOOP('',(#18473,#18474,#18475));
#18477=FACE_OUTER_BOUND('',#18476,.F.);
#18479=CARTESIAN_POINT('',(-4.919196201090E1,4.5E0,-1.543E1));
#18480=DIRECTION('',(0.E0,0.E0,-1.E0));
#18481=DIRECTION('',(0.E0,-1.E0,0.E0));
#18482=AXIS2_PLACEMENT_3D('',#18479,#18480,#18481);
#18483=PLANE('',#18482);
#18484=ORIENTED_EDGE('',*,*,#17127,.T.);
#18485=ORIENTED_EDGE('',*,*,#18381,.T.);
#18486=ORIENTED_EDGE('',*,*,#18407,.T.);
#18487=ORIENTED_EDGE('',*,*,#17161,.T.);
#18488=EDGE_LOOP('',(#18484,#18485,#18486,#18487));
#18489=FACE_OUTER_BOUND('',#18488,.F.);
#18491=CARTESIAN_POINT('',(-4.569196201090E1,1.643580823317E0,
-2.766071873441E1));
#18492=DIRECTION('',(0.E0,1.E0,0.E0));
#18493=DIRECTION('',(-1.E0,0.E0,0.E0));
#18494=AXIS2_PLACEMENT_3D('',#18491,#18492,#18493);
#18495=CONICAL_SURFACE('',#18494,3.472702232430E0,5.E1);
#18496=ORIENTED_EDGE('',*,*,#18376,.F.);
#18497=ORIENTED_EDGE('',*,*,#16596,.T.);
#18498=ORIENTED_EDGE('',*,*,#18091,.T.);
#18499=ORIENTED_EDGE('',*,*,#18339,.F.);
#18500=EDGE_LOOP('',(#18496,#18497,#18498,#18499));
#18501=FACE_OUTER_BOUND('',#18500,.F.);
#18503=CARTESIAN_POINT('',(-4.919196201090E1,3.533012701892E0,
2.283928126559E1));
#18504=DIRECTION('',(-1.E0,0.E0,0.E0));
#18505=DIRECTION('',(0.E0,1.E0,0.E0));
#18506=AXIS2_PLACEMENT_3D('',#18503,#18504,#18505);
#18507=PLANE('',#18506);
#18509=ORIENTED_EDGE('',*,*,#18508,.T.);
#18511=ORIENTED_EDGE('',*,*,#18510,.T.);
#18512=ORIENTED_EDGE('',*,*,#17087,.T.);
#18513=ORIENTED_EDGE('',*,*,#18384,.T.);
#18514=EDGE_LOOP('',(#18509,#18511,#18512,#18513));
#18515=FACE_OUTER_BOUND('',#18514,.F.);
#18517=CARTESIAN_POINT('',(-5.169196201090E1,4.5E0,-1.493E1));
#18518=DIRECTION('',(0.E0,-8.320502943378E-1,-5.547001962252E-1));
#18519=DIRECTION('',(0.E0,-5.547001962252E-1,8.320502943378E-1));
#18520=AXIS2_PLACEMENT_3D('',#18517,#18518,#18519);
#18521=PLANE('',#18520);
#18522=ORIENTED_EDGE('',*,*,#18508,.F.);
#18523=ORIENTED_EDGE('',*,*,#17123,.T.);
#18524=ORIENTED_EDGE('',*,*,#16861,.T.);
#18525=ORIENTED_EDGE('',*,*,#17069,.T.);
#18527=ORIENTED_EDGE('',*,*,#18526,.T.);
#18528=EDGE_LOOP('',(#18522,#18523,#18524,#18525,#18527));
#18529=FACE_OUTER_BOUND('',#18528,.F.);
#18531=CARTESIAN_POINT('',(-5.169196201090E1,5.E-1,-8.929999999999E0));
#18532=DIRECTION('',(0.E0,-1.E0,0.E0));
#18533=DIRECTION('',(0.E0,0.E0,1.E0));
#18534=AXIS2_PLACEMENT_3D('',#18531,#18532,#18533);
#18535=PLANE('',#18534);
#18536=ORIENTED_EDGE('',*,*,#17067,.T.);
#18537=ORIENTED_EDGE('',*,*,#17089,.T.);
#18538=ORIENTED_EDGE('',*,*,#18510,.F.);
#18539=ORIENTED_EDGE('',*,*,#18526,.F.);
#18540=EDGE_LOOP('',(#18536,#18537,#18538,#18539));
#18541=FACE_OUTER_BOUND('',#18540,.F.);
#18543=CARTESIAN_POINT('',(-4.569196201090E1,1.620675276617E0,
-3.176071873441E1));
#18544=DIRECTION('',(1.E0,0.E0,0.E0));
#18545=DIRECTION('',(0.E0,0.E0,1.E0));
#18546=AXIS2_PLACEMENT_3D('',#18543,#18544,#18545);
#18547=PLANE('',#18546);
#18548=ORIENTED_EDGE('',*,*,#18089,.F.);
#18549=ORIENTED_EDGE('',*,*,#18187,.F.);
#18550=ORIENTED_EDGE('',*,*,#18012,.F.);
#18551=ORIENTED_EDGE('',*,*,#18341,.F.);
#18552=EDGE_LOOP('',(#18548,#18549,#18550,#18551));
#18553=FACE_OUTER_BOUND('',#18552,.F.);
#18555=CARTESIAN_POINT('',(3.973220533547E1,-2.05E1,-2.845E1));
#18556=DIRECTION('',(0.E0,0.E0,-1.E0));
#18557=DIRECTION('',(-1.E0,0.E0,0.E0));
#18558=AXIS2_PLACEMENT_3D('',#18555,#18556,#18557);
#18559=PLANE('',#18558);
#18561=ORIENTED_EDGE('',*,*,#18560,.T.);
#18563=ORIENTED_EDGE('',*,*,#18562,.F.);
#18565=ORIENTED_EDGE('',*,*,#18564,.F.);
#18566=ORIENTED_EDGE('',*,*,#16875,.T.);
#18567=ORIENTED_EDGE('',*,*,#18300,.T.);
#18568=ORIENTED_EDGE('',*,*,#18286,.T.);
#18570=ORIENTED_EDGE('',*,*,#18569,.F.);
#18571=ORIENTED_EDGE('',*,*,#16578,.T.);
#18573=ORIENTED_EDGE('',*,*,#18572,.F.);
#18575=ORIENTED_EDGE('',*,*,#18574,.F.);
#18576=ORIENTED_EDGE('',*,*,#11195,.T.);
#18578=ORIENTED_EDGE('',*,*,#18577,.T.);
#18579=ORIENTED_EDGE('',*,*,#9954,.F.);
#18581=ORIENTED_EDGE('',*,*,#18580,.T.);
#18582=EDGE_LOOP('',(#18561,#18563,#18565,#18566,#18567,#18568,#18570,#18571,
#18573,#18575,#18576,#18578,#18579,#18581));
#18583=FACE_OUTER_BOUND('',#18582,.F.);
#18585=CARTESIAN_POINT('',(3.853E1,7.909557428548E0,5.230000000001E0));
#18586=DIRECTION('',(-1.E0,0.E0,0.E0));
#18587=DIRECTION('',(0.E0,1.E0,0.E0));
#18588=AXIS2_PLACEMENT_3D('',#18585,#18586,#18587);
#18589=PLANE('',#18588);
#18591=ORIENTED_EDGE('',*,*,#18590,.F.);
#18593=ORIENTED_EDGE('',*,*,#18592,.F.);
#18595=ORIENTED_EDGE('',*,*,#18594,.T.);
#18597=ORIENTED_EDGE('',*,*,#18596,.F.);
#18598=EDGE_LOOP('',(#18591,#18593,#18595,#18597));
#18599=FACE_OUTER_BOUND('',#18598,.F.);
#18601=CARTESIAN_POINT('',(3.853E1,7.909557428548E0,5.230000000001E0));
#18602=DIRECTION('',(-1.E0,0.E0,0.E0));
#18603=DIRECTION('',(0.E0,1.E0,0.E0));
#18604=AXIS2_PLACEMENT_3D('',#18601,#18602,#18603);
#18605=PLANE('',#18604);
#18606=ORIENTED_EDGE('',*,*,#11048,.T.);
#18608=ORIENTED_EDGE('',*,*,#18607,.F.);
#18610=ORIENTED_EDGE('',*,*,#18609,.T.);
#18612=ORIENTED_EDGE('',*,*,#18611,.F.);
#18613=EDGE_LOOP('',(#18606,#18608,#18610,#18612));
#18614=FACE_OUTER_BOUND('',#18613,.F.);
#18616=CARTESIAN_POINT('',(3.853E1,7.909557428548E0,5.230000000001E0));
#18617=DIRECTION('',(-1.E0,0.E0,0.E0));
#18618=DIRECTION('',(0.E0,1.E0,0.E0));
#18619=AXIS2_PLACEMENT_3D('',#18616,#18617,#18618);
#18620=PLANE('',#18619);
#18621=ORIENTED_EDGE('',*,*,#18560,.F.);
#18623=ORIENTED_EDGE('',*,*,#18622,.F.);
#18625=ORIENTED_EDGE('',*,*,#18624,.F.);
#18627=ORIENTED_EDGE('',*,*,#18626,.F.);
#18628=EDGE_LOOP('',(#18621,#18623,#18625,#18627));
#18629=FACE_OUTER_BOUND('',#18628,.F.);
#18631=CARTESIAN_POINT('',(3.973220533547E1,-2.05E1,-1.045E1));
#18632=DIRECTION('',(0.E0,0.E0,-1.E0));
#18633=DIRECTION('',(-1.E0,0.E0,0.E0));
#18634=AXIS2_PLACEMENT_3D('',#18631,#18632,#18633);
#18635=PLANE('',#18634);
#18637=ORIENTED_EDGE('',*,*,#18636,.F.);
#18639=ORIENTED_EDGE('',*,*,#18638,.F.);
#18641=ORIENTED_EDGE('',*,*,#18640,.F.);
#18642=ORIENTED_EDGE('',*,*,#11187,.T.);
#18644=ORIENTED_EDGE('',*,*,#18643,.T.);
#18645=ORIENTED_EDGE('',*,*,#9962,.F.);
#18647=ORIENTED_EDGE('',*,*,#18646,.T.);
#18648=ORIENTED_EDGE('',*,*,#18590,.T.);
#18650=ORIENTED_EDGE('',*,*,#18649,.F.);
#18652=ORIENTED_EDGE('',*,*,#18651,.F.);
#18654=ORIENTED_EDGE('',*,*,#18653,.F.);
#18655=ORIENTED_EDGE('',*,*,#16909,.F.);
#18656=EDGE_LOOP('',(#18637,#18639,#18641,#18642,#18644,#18645,#18647,#18648,
#18650,#18652,#18654,#18655));
#18657=FACE_OUTER_BOUND('',#18656,.F.);
#18659=CARTESIAN_POINT('',(-1.489566936435E2,3.531754163496E0,-1.02E1));
#18660=DIRECTION('',(1.E0,-9.740550037768E-14,0.E0));
#18661=DIRECTION('',(0.E0,0.E0,-1.E0));
#18662=AXIS2_PLACEMENT_3D('',#18659,#18660,#18661);
#18663=CYLINDRICAL_SURFACE('',#18662,1.E0);
#18665=ORIENTED_EDGE('',*,*,#18664,.F.);
#18667=ORIENTED_EDGE('',*,*,#18666,.F.);
#18668=ORIENTED_EDGE('',*,*,#18636,.T.);
#18670=ORIENTED_EDGE('',*,*,#18669,.T.);
#18672=ORIENTED_EDGE('',*,*,#18671,.T.);
#18673=EDGE_LOOP('',(#18665,#18667,#18668,#18670,#18672));
#18674=FACE_OUTER_BOUND('',#18673,.F.);
#18676=CARTESIAN_POINT('',(3.973220533547E1,-2.05E1,-1.12E1));
#18677=DIRECTION('',(0.E0,0.E0,-1.E0));
#18678=DIRECTION('',(-1.E0,0.E0,0.E0));
#18679=AXIS2_PLACEMENT_3D('',#18676,#18677,#18678);
#18680=PLANE('',#18679);
#18681=ORIENTED_EDGE('',*,*,#10960,.F.);
#18683=ORIENTED_EDGE('',*,*,#18682,.F.);
#18684=ORIENTED_EDGE('',*,*,#18664,.T.);
#18686=ORIENTED_EDGE('',*,*,#18685,.F.);
#18688=ORIENTED_EDGE('',*,*,#18687,.F.);
#18690=ORIENTED_EDGE('',*,*,#18689,.F.);
#18692=ORIENTED_EDGE('',*,*,#18691,.F.);
#18694=ORIENTED_EDGE('',*,*,#18693,.T.);
#18695=EDGE_LOOP('',(#18681,#18683,#18684,#18686,#18688,#18690,#18692,#18694));
#18696=FACE_OUTER_BOUND('',#18695,.F.);
#18698=CARTESIAN_POINT('',(3.323220533547E1,2.371556984937E0,
-1.151357214034E2));
#18699=DIRECTION('',(0.E0,0.E0,1.E0));
#18700=DIRECTION('',(1.E0,0.E0,0.E0));
#18701=AXIS2_PLACEMENT_3D('',#18698,#18699,#18700);
#18702=CYLINDRICAL_SURFACE('',#18701,3.E0);
#18703=ORIENTED_EDGE('',*,*,#10958,.F.);
#18705=ORIENTED_EDGE('',*,*,#18704,.T.);
#18707=ORIENTED_EDGE('',*,*,#18706,.T.);
#18709=ORIENTED_EDGE('',*,*,#18708,.T.);
#18711=ORIENTED_EDGE('',*,*,#18710,.T.);
#18712=ORIENTED_EDGE('',*,*,#18638,.T.);
#18713=ORIENTED_EDGE('',*,*,#18666,.T.);
#18714=ORIENTED_EDGE('',*,*,#18682,.T.);
#18715=EDGE_LOOP('',(#18703,#18705,#18707,#18709,#18711,#18712,#18713,#18714));
#18716=FACE_OUTER_BOUND('',#18715,.F.);
#18718=CARTESIAN_POINT('',(2.001E1,-2.05E1,-1.38E1));
#18719=DIRECTION('',(0.E0,0.E0,1.E0));
#18720=DIRECTION('',(1.E0,0.E0,0.E0));
#18721=AXIS2_PLACEMENT_3D('',#18718,#18719,#18720);
#18722=PLANE('',#18721);
#18724=ORIENTED_EDGE('',*,*,#18723,.F.);
#18725=ORIENTED_EDGE('',*,*,#18704,.F.);
#18726=ORIENTED_EDGE('',*,*,#10968,.T.);
#18728=ORIENTED_EDGE('',*,*,#18727,.T.);
#18730=ORIENTED_EDGE('',*,*,#18729,.T.);
#18732=ORIENTED_EDGE('',*,*,#18731,.T.);
#18734=ORIENTED_EDGE('',*,*,#18733,.T.);
#18736=ORIENTED_EDGE('',*,*,#18735,.T.);
#18737=EDGE_LOOP('',(#18724,#18725,#18726,#18728,#18730,#18732,#18734,#18736));
#18738=FACE_OUTER_BOUND('',#18737,.F.);
#18740=CARTESIAN_POINT('',(1.590509714171E2,3.531754163436E0,-1.48E1));
#18741=DIRECTION('',(-1.E0,-1.978324431394E-13,0.E0));
#18742=DIRECTION('',(0.E0,0.E0,1.E0));
#18743=AXIS2_PLACEMENT_3D('',#18740,#18741,#18742);
#18744=CYLINDRICAL_SURFACE('',#18743,1.E0);
#18746=ORIENTED_EDGE('',*,*,#18745,.F.);
#18747=ORIENTED_EDGE('',*,*,#18706,.F.);
#18748=ORIENTED_EDGE('',*,*,#18723,.T.);
#18750=ORIENTED_EDGE('',*,*,#18749,.T.);
#18752=ORIENTED_EDGE('',*,*,#18751,.T.);
#18753=EDGE_LOOP('',(#18746,#18747,#18748,#18750,#18752));
#18754=FACE_OUTER_BOUND('',#18753,.F.);
#18756=CARTESIAN_POINT('',(2.001E1,-2.05E1,-1.455E1));
#18757=DIRECTION('',(0.E0,0.E0,1.E0));
#18758=DIRECTION('',(1.E0,0.E0,0.E0));
#18759=AXIS2_PLACEMENT_3D('',#18756,#18757,#18758);
#18760=PLANE('',#18759);
#18762=ORIENTED_EDGE('',*,*,#18761,.F.);
#18763=ORIENTED_EDGE('',*,*,#18708,.F.);
#18764=ORIENTED_EDGE('',*,*,#18745,.T.);
#18765=ORIENTED_EDGE('',*,*,#16913,.F.);
#18767=ORIENTED_EDGE('',*,*,#18766,.T.);
#18769=ORIENTED_EDGE('',*,*,#18768,.F.);
#18771=ORIENTED_EDGE('',*,*,#18770,.T.);
#18772=ORIENTED_EDGE('',*,*,#18594,.F.);
#18774=ORIENTED_EDGE('',*,*,#18773,.F.);
#18775=ORIENTED_EDGE('',*,*,#9958,.T.);
#18777=ORIENTED_EDGE('',*,*,#18776,.F.);
#18778=ORIENTED_EDGE('',*,*,#11191,.F.);
#18779=EDGE_LOOP('',(#18762,#18763,#18764,#18765,#18767,#18769,#18771,#18772,
#18774,#18775,#18777,#18778));
#18780=FACE_OUTER_BOUND('',#18779,.F.);
#18782=CARTESIAN_POINT('',(3.123220533547E1,6.25E0,-1.25E1));
#18783=DIRECTION('',(-3.303504247281E-1,-9.438583563660E-1,0.E0));
#18784=DIRECTION('',(-9.438583563660E-1,3.303504247281E-1,0.E0));
#18785=AXIS2_PLACEMENT_3D('',#18782,#18783,#18784);
#18786=PLANE('',#18785);
#18787=ORIENTED_EDGE('',*,*,#18710,.F.);
#18788=ORIENTED_EDGE('',*,*,#18761,.T.);
#18789=ORIENTED_EDGE('',*,*,#11189,.F.);
#18790=ORIENTED_EDGE('',*,*,#18640,.T.);
#18791=EDGE_LOOP('',(#18787,#18788,#18789,#18790));
#18792=FACE_OUTER_BOUND('',#18791,.F.);
#18794=CARTESIAN_POINT('',(3.973220533547E1,8.E0,2.283928126559E1));
#18795=DIRECTION('',(1.E0,0.E0,0.E0));
#18796=DIRECTION('',(0.E0,0.E0,-1.E0));
#18797=AXIS2_PLACEMENT_3D('',#18794,#18795,#18796);
#18798=PLANE('',#18797);
#18800=ORIENTED_EDGE('',*,*,#18799,.F.);
#18801=ORIENTED_EDGE('',*,*,#18766,.F.);
#18802=ORIENTED_EDGE('',*,*,#16911,.F.);
#18803=ORIENTED_EDGE('',*,*,#18653,.T.);
#18804=EDGE_LOOP('',(#18800,#18801,#18802,#18803));
#18805=FACE_OUTER_BOUND('',#18804,.F.);
#18807=CARTESIAN_POINT('',(3.973220533547E1,8.E0,2.283928126559E1));
#18808=DIRECTION('',(1.E0,0.E0,0.E0));
#18809=DIRECTION('',(0.E0,0.E0,-1.E0));
#18810=AXIS2_PLACEMENT_3D('',#18807,#18808,#18809);
#18811=PLANE('',#18810);
#18813=ORIENTED_EDGE('',*,*,#18812,.F.);
#18814=ORIENTED_EDGE('',*,*,#11042,.F.);
#18815=ORIENTED_EDGE('',*,*,#16896,.F.);
#18816=ORIENTED_EDGE('',*,*,#10887,.T.);
#18818=ORIENTED_EDGE('',*,*,#18817,.T.);
#18820=ORIENTED_EDGE('',*,*,#18819,.F.);
#18821=EDGE_LOOP('',(#18813,#18814,#18815,#18816,#18818,#18820));
#18822=FACE_OUTER_BOUND('',#18821,.F.);
#18824=CARTESIAN_POINT('',(3.925720533547E1,6.909557428548E0,-1.25E1));
#18825=DIRECTION('',(9.032775043543E-1,4.290568145683E-1,0.E0));
#18826=DIRECTION('',(-4.290568145683E-1,9.032775043543E-1,0.E0));
#18827=AXIS2_PLACEMENT_3D('',#18824,#18825,#18826);
#18828=PLANE('',#18827);
#18829=ORIENTED_EDGE('',*,*,#18651,.T.);
#18831=ORIENTED_EDGE('',*,*,#18830,.F.);
#18832=ORIENTED_EDGE('',*,*,#18768,.T.);
#18833=ORIENTED_EDGE('',*,*,#18799,.T.);
#18834=EDGE_LOOP('',(#18829,#18831,#18832,#18833));
#18835=FACE_OUTER_BOUND('',#18834,.F.);
#18837=CARTESIAN_POINT('',(3.973220533547E1,7.909557428548E0,5.230000000001E0));
#18838=DIRECTION('',(0.E0,-1.E0,0.E0));
#18839=DIRECTION('',(-1.E0,0.E0,0.E0));
#18840=AXIS2_PLACEMENT_3D('',#18837,#18838,#18839);
#18841=PLANE('',#18840);
#18842=ORIENTED_EDGE('',*,*,#18562,.T.);
#18843=ORIENTED_EDGE('',*,*,#18626,.T.);
#18845=ORIENTED_EDGE('',*,*,#18844,.F.);
#18847=ORIENTED_EDGE('',*,*,#18846,.F.);
#18848=EDGE_LOOP('',(#18842,#18843,#18845,#18847));
#18849=FACE_OUTER_BOUND('',#18848,.F.);
#18851=CARTESIAN_POINT('',(3.973220533547E1,7.909557428548E0,5.230000000001E0));
#18852=DIRECTION('',(0.E0,-1.E0,0.E0));
#18853=DIRECTION('',(-1.E0,0.E0,0.E0));
#18854=AXIS2_PLACEMENT_3D('',#18851,#18852,#18853);
#18855=PLANE('',#18854);
#18856=ORIENTED_EDGE('',*,*,#18830,.T.);
#18857=ORIENTED_EDGE('',*,*,#18649,.T.);
#18858=ORIENTED_EDGE('',*,*,#18596,.T.);
#18859=ORIENTED_EDGE('',*,*,#18770,.F.);
#18860=EDGE_LOOP('',(#18856,#18857,#18858,#18859));
#18861=FACE_OUTER_BOUND('',#18860,.F.);
#18863=CARTESIAN_POINT('',(3.973220533547E1,7.909557428548E0,5.230000000001E0));
#18864=DIRECTION('',(0.E0,-1.E0,0.E0));
#18865=DIRECTION('',(-1.E0,0.E0,0.E0));
#18866=AXIS2_PLACEMENT_3D('',#18863,#18864,#18865);
#18867=PLANE('',#18866);
#18869=ORIENTED_EDGE('',*,*,#18868,.T.);
#18871=ORIENTED_EDGE('',*,*,#18870,.T.);
#18872=ORIENTED_EDGE('',*,*,#18607,.T.);
#18873=ORIENTED_EDGE('',*,*,#11046,.F.);
#18874=EDGE_LOOP('',(#18869,#18871,#18872,#18873));
#18875=FACE_OUTER_BOUND('',#18874,.F.);
#18877=CARTESIAN_POINT('',(3.8931E1,8.108557428548E0,-2.905E1));
#18878=DIRECTION('',(4.759339237346E-14,0.E0,-1.E0));
#18879=DIRECTION('',(-1.E0,0.E0,-4.759339237346E-14));
#18880=AXIS2_PLACEMENT_3D('',#18877,#18878,#18879);
#18881=PLANE('',#18880);
#18883=ORIENTED_EDGE('',*,*,#18882,.F.);
#18884=ORIENTED_EDGE('',*,*,#18844,.T.);
#18885=ORIENTED_EDGE('',*,*,#18624,.T.);
#18887=ORIENTED_EDGE('',*,*,#18886,.T.);
#18888=EDGE_LOOP('',(#18883,#18884,#18885,#18887));
#18889=FACE_OUTER_BOUND('',#18888,.F.);
#18891=CARTESIAN_POINT('',(3.373220533547E1,8.E0,-2.766071873441E1));
#18892=DIRECTION('',(0.E0,1.E0,0.E0));
#18893=DIRECTION('',(0.E0,0.E0,1.E0));
#18894=AXIS2_PLACEMENT_3D('',#18891,#18892,#18893);
#18895=CYLINDRICAL_SURFACE('',#18894,6.E0);
#18896=ORIENTED_EDGE('',*,*,#18846,.T.);
#18897=ORIENTED_EDGE('',*,*,#18882,.T.);
#18899=ORIENTED_EDGE('',*,*,#18898,.T.);
#18901=ORIENTED_EDGE('',*,*,#18900,.T.);
#18902=ORIENTED_EDGE('',*,*,#16877,.F.);
#18903=ORIENTED_EDGE('',*,*,#18564,.T.);
#18904=EDGE_LOOP('',(#18896,#18897,#18899,#18901,#18902,#18903));
#18905=FACE_OUTER_BOUND('',#18904,.F.);
#18907=CARTESIAN_POINT('',(3.373220533547E1,9.500000000027E0,
-2.766071873441E1));
#18908=DIRECTION('',(0.E0,-1.E0,0.E0));
#18909=DIRECTION('',(0.E0,0.E0,-1.E0));
#18910=AXIS2_PLACEMENT_3D('',#18907,#18908,#18909);
#18911=CONICAL_SURFACE('',#18910,4.999999999973E0,4.5E1);
#18912=ORIENTED_EDGE('',*,*,#18622,.T.);
#18913=ORIENTED_EDGE('',*,*,#18580,.F.);
#18914=ORIENTED_EDGE('',*,*,#9952,.T.);
#18916=ORIENTED_EDGE('',*,*,#18915,.T.);
#18917=ORIENTED_EDGE('',*,*,#18898,.F.);
#18918=ORIENTED_EDGE('',*,*,#18886,.F.);
#18919=EDGE_LOOP('',(#18912,#18913,#18914,#18916,#18917,#18918));
#18920=FACE_OUTER_BOUND('',#18919,.F.);
#18922=CARTESIAN_POINT('',(-5.979878337716E0,9.5E0,-3.266071873441E1));
#18923=DIRECTION('',(0.E0,7.071067811865E-1,-7.071067811865E-1));
#18924=DIRECTION('',(0.E0,-7.071067811865E-1,-7.071067811865E-1));
#18925=AXIS2_PLACEMENT_3D('',#18922,#18923,#18924);
#18926=PLANE('',#18925);
#18927=ORIENTED_EDGE('',*,*,#9950,.T.);
#18929=ORIENTED_EDGE('',*,*,#18928,.T.);
#18931=ORIENTED_EDGE('',*,*,#18930,.F.);
#18932=ORIENTED_EDGE('',*,*,#18915,.F.);
#18933=EDGE_LOOP('',(#18927,#18929,#18931,#18932));
#18934=FACE_OUTER_BOUND('',#18933,.F.);
#18936=CARTESIAN_POINT('',(-4.569196201090E1,9.500000000027E0,
-2.766071873441E1));
#18937=DIRECTION('',(0.E0,-1.E0,0.E0));
#18938=DIRECTION('',(0.E0,0.E0,-1.E0));
#18939=AXIS2_PLACEMENT_3D('',#18936,#18937,#18938);
#18940=CONICAL_SURFACE('',#18939,4.999999999973E0,4.5E1);
#18941=ORIENTED_EDGE('',*,*,#9948,.T.);
#18943=ORIENTED_EDGE('',*,*,#18942,.T.);
#18945=ORIENTED_EDGE('',*,*,#18944,.F.);
#18946=ORIENTED_EDGE('',*,*,#18928,.F.);
#18947=EDGE_LOOP('',(#18941,#18943,#18945,#18946));
#18948=FACE_OUTER_BOUND('',#18947,.F.);
#18950=CARTESIAN_POINT('',(-5.069196201090E1,9.5E0,-2.410718734412E0));
#18951=DIRECTION('',(-7.071067811865E-1,7.071067811865E-1,0.E0));
#18952=DIRECTION('',(-7.071067811865E-1,-7.071067811865E-1,0.E0));
#18953=AXIS2_PLACEMENT_3D('',#18950,#18951,#18952);
#18954=PLANE('',#18953);
#18955=ORIENTED_EDGE('',*,*,#9946,.T.);
#18956=ORIENTED_EDGE('',*,*,#17041,.T.);
#18957=ORIENTED_EDGE('',*,*,#17074,.F.);
#18958=ORIENTED_EDGE('',*,*,#18942,.F.);
#18959=EDGE_LOOP('',(#18955,#18956,#18957,#18958));
#18960=FACE_OUTER_BOUND('',#18959,.F.);
#18962=CARTESIAN_POINT('',(-4.569196201090E1,8.E0,-2.766071873441E1));
#18963=DIRECTION('',(0.E0,1.E0,0.E0));
#18964=DIRECTION('',(0.E0,0.E0,1.E0));
#18965=AXIS2_PLACEMENT_3D('',#18962,#18963,#18964);
#18966=CYLINDRICAL_SURFACE('',#18965,6.E0);
#18968=ORIENTED_EDGE('',*,*,#18967,.T.);
#18969=ORIENTED_EDGE('',*,*,#18944,.T.);
#18970=ORIENTED_EDGE('',*,*,#17072,.T.);
#18971=ORIENTED_EDGE('',*,*,#16881,.F.);
#18972=EDGE_LOOP('',(#18968,#18969,#18970,#18971));
#18973=FACE_OUTER_BOUND('',#18972,.F.);
#18975=CARTESIAN_POINT('',(3.373220533547E1,8.E0,-3.366071873441E1));
#18976=DIRECTION('',(0.E0,0.E0,-1.E0));
#18977=DIRECTION('',(-1.E0,0.E0,0.E0));
#18978=AXIS2_PLACEMENT_3D('',#18975,#18976,#18977);
#18979=PLANE('',#18978);
#18980=ORIENTED_EDGE('',*,*,#18967,.F.);
#18981=ORIENTED_EDGE('',*,*,#16879,.F.);
#18982=ORIENTED_EDGE('',*,*,#18900,.F.);
#18983=ORIENTED_EDGE('',*,*,#18930,.T.);
#18984=EDGE_LOOP('',(#18980,#18981,#18982,#18983));
#18985=FACE_OUTER_BOUND('',#18984,.F.);
#18987=CARTESIAN_POINT('',(3.925720533547E1,6.909557428548E0,4.340000000001E0));
#18988=DIRECTION('',(9.032775043543E-1,4.290568145683E-1,0.E0));
#18989=DIRECTION('',(-4.290568145683E-1,9.032775043543E-1,0.E0));
#18990=AXIS2_PLACEMENT_3D('',#18987,#18988,#18989);
#18991=PLANE('',#18990);
#18992=ORIENTED_EDGE('',*,*,#11044,.T.);
#18993=ORIENTED_EDGE('',*,*,#18812,.T.);
#18995=ORIENTED_EDGE('',*,*,#18994,.T.);
#18996=ORIENTED_EDGE('',*,*,#18868,.F.);
#18997=EDGE_LOOP('',(#18992,#18993,#18995,#18996));
#18998=FACE_OUTER_BOUND('',#18997,.F.);
#19000=CARTESIAN_POINT('',(0.E0,0.E0,5.230000000001E0));
#19001=DIRECTION('',(0.E0,0.E0,-1.E0));
#19002=DIRECTION('',(-1.E0,0.E0,0.E0));
#19003=AXIS2_PLACEMENT_3D('',#19000,#19001,#19002);
#19004=PLANE('',#19003);
#19005=ORIENTED_EDGE('',*,*,#18870,.F.);
#19006=ORIENTED_EDGE('',*,*,#18994,.F.);
#19007=ORIENTED_EDGE('',*,*,#18819,.T.);
#19009=ORIENTED_EDGE('',*,*,#19008,.T.);
#19010=ORIENTED_EDGE('',*,*,#18609,.F.);
#19011=EDGE_LOOP('',(#19005,#19006,#19007,#19009,#19010));
#19012=FACE_OUTER_BOUND('',#19011,.F.);
#19014=CARTESIAN_POINT('',(3.873220533547E1,9.5E0,-2.410718734412E0));
#19015=DIRECTION('',(7.071067811865E-1,7.071067811865E-1,0.E0));
#19016=DIRECTION('',(7.071067811865E-1,-7.071067811865E-1,0.E0));
#19017=AXIS2_PLACEMENT_3D('',#19014,#19015,#19016);
#19018=PLANE('',#19017);
#19019=ORIENTED_EDGE('',*,*,#19008,.F.);
#19020=ORIENTED_EDGE('',*,*,#18817,.F.);
#19021=ORIENTED_EDGE('',*,*,#10885,.F.);
#19022=ORIENTED_EDGE('',*,*,#9968,.T.);
#19023=ORIENTED_EDGE('',*,*,#11050,.T.);
#19024=ORIENTED_EDGE('',*,*,#18611,.T.);
#19025=EDGE_LOOP('',(#19019,#19020,#19021,#19022,#19023,#19024));
#19026=FACE_OUTER_BOUND('',#19025,.F.);
#19028=CARTESIAN_POINT('',(3.873220533547E1,9.5E0,-2.410718734412E0));
#19029=DIRECTION('',(7.071067811865E-1,7.071067811865E-1,0.E0));
#19030=DIRECTION('',(7.071067811865E-1,-7.071067811865E-1,0.E0));
#19031=AXIS2_PLACEMENT_3D('',#19028,#19029,#19030);
#19032=PLANE('',#19031);
#19033=ORIENTED_EDGE('',*,*,#18592,.T.);
#19034=ORIENTED_EDGE('',*,*,#18646,.F.);
#19035=ORIENTED_EDGE('',*,*,#9960,.T.);
#19036=ORIENTED_EDGE('',*,*,#18773,.T.);
#19037=EDGE_LOOP('',(#19033,#19034,#19035,#19036));
#19038=FACE_OUTER_BOUND('',#19037,.F.);
#19040=CARTESIAN_POINT('',(2.001E1,-2.05E1,-2.845E1));
#19041=DIRECTION('',(-1.E0,0.E0,0.E0));
#19042=DIRECTION('',(0.E0,0.E0,1.E0));
#19043=AXIS2_PLACEMENT_3D('',#19040,#19041,#19042);
#19044=PLANE('',#19043);
#19045=ORIENTED_EDGE('',*,*,#9956,.F.);
#19046=ORIENTED_EDGE('',*,*,#18577,.F.);
#19047=ORIENTED_EDGE('',*,*,#11193,.T.);
#19048=ORIENTED_EDGE('',*,*,#18776,.T.);
#19049=EDGE_LOOP('',(#19045,#19046,#19047,#19048));
#19050=FACE_OUTER_BOUND('',#19049,.F.);
#19052=CARTESIAN_POINT('',(3.723220533547E1,3.533012701892E0,
-2.766071873441E1));
#19053=DIRECTION('',(1.E0,0.E0,0.E0));
#19054=DIRECTION('',(0.E0,1.E0,0.E0));
#19055=AXIS2_PLACEMENT_3D('',#19052,#19053,#19054);
#19056=PLANE('',#19055);
#19057=ORIENTED_EDGE('',*,*,#10921,.T.);
#19058=ORIENTED_EDGE('',*,*,#10906,.F.);
#19060=ORIENTED_EDGE('',*,*,#19059,.T.);
#19061=ORIENTED_EDGE('',*,*,#11024,.F.);
#19062=ORIENTED_EDGE('',*,*,#11010,.F.);
#19064=ORIENTED_EDGE('',*,*,#19063,.T.);
#19065=EDGE_LOOP('',(#19057,#19058,#19060,#19061,#19062,#19064));
#19066=FACE_OUTER_BOUND('',#19065,.F.);
#19068=CARTESIAN_POINT('',(3.723220533547E1,3.533012701892E0,
-2.766071873441E1));
#19069=DIRECTION('',(1.E0,0.E0,0.E0));
#19070=DIRECTION('',(0.E0,1.E0,0.E0));
#19071=AXIS2_PLACEMENT_3D('',#19068,#19069,#19070);
#19072=PLANE('',#19071);
#19073=ORIENTED_EDGE('',*,*,#18685,.T.);
#19074=ORIENTED_EDGE('',*,*,#18671,.F.);
#19076=ORIENTED_EDGE('',*,*,#19075,.T.);
#19077=ORIENTED_EDGE('',*,*,#18749,.F.);
#19078=ORIENTED_EDGE('',*,*,#18735,.F.);
#19080=ORIENTED_EDGE('',*,*,#19079,.T.);
#19081=EDGE_LOOP('',(#19073,#19074,#19076,#19077,#19078,#19080));
#19082=FACE_OUTER_BOUND('',#19081,.F.);
#19084=CARTESIAN_POINT('',(3.748220533547E1,4.25E0,-2.410718734412E0));
#19085=DIRECTION('',(7.071067811865E-1,-7.071067811865E-1,0.E0));
#19086=DIRECTION('',(7.071067811865E-1,7.071067811865E-1,0.E0));
#19087=AXIS2_PLACEMENT_3D('',#19084,#19085,#19086);
#19088=PLANE('',#19087);
#19089=ORIENTED_EDGE('',*,*,#19059,.F.);
#19090=ORIENTED_EDGE('',*,*,#10904,.F.);
#19091=ORIENTED_EDGE('',*,*,#16893,.T.);
#19092=ORIENTED_EDGE('',*,*,#11026,.F.);
#19093=EDGE_LOOP('',(#19089,#19090,#19091,#19092));
#19094=FACE_OUTER_BOUND('',#19093,.F.);
#19096=CARTESIAN_POINT('',(3.748220533547E1,4.25E0,-2.410718734412E0));
#19097=DIRECTION('',(7.071067811865E-1,-7.071067811865E-1,0.E0));
#19098=DIRECTION('',(7.071067811865E-1,7.071067811865E-1,0.E0));
#19099=AXIS2_PLACEMENT_3D('',#19096,#19097,#19098);
#19100=PLANE('',#19099);
#19101=ORIENTED_EDGE('',*,*,#19075,.F.);
#19102=ORIENTED_EDGE('',*,*,#18669,.F.);
#19103=ORIENTED_EDGE('',*,*,#16907,.T.);
#19104=ORIENTED_EDGE('',*,*,#18751,.F.);
#19105=EDGE_LOOP('',(#19101,#19102,#19103,#19104));
#19106=FACE_OUTER_BOUND('',#19105,.F.);
#19108=CARTESIAN_POINT('',(3.790720533547E1,2.970096189432E0,
-2.766071873441E1));
#19109=DIRECTION('',(5.E-1,8.660254037844E-1,0.E0));
#19110=DIRECTION('',(-8.660254037844E-1,5.E-1,0.E0));
#19111=AXIS2_PLACEMENT_3D('',#19108,#19109,#19110);
#19112=PLANE('',#19111);
#19113=ORIENTED_EDGE('',*,*,#18687,.T.);
#19114=ORIENTED_EDGE('',*,*,#19079,.F.);
#19115=ORIENTED_EDGE('',*,*,#18733,.F.);
#19117=ORIENTED_EDGE('',*,*,#19116,.T.);
#19118=EDGE_LOOP('',(#19113,#19114,#19115,#19117));
#19119=FACE_OUTER_BOUND('',#19118,.F.);
#19121=CARTESIAN_POINT('',(3.790720533547E1,2.970096189432E0,
-2.766071873441E1));
#19122=DIRECTION('',(5.E-1,8.660254037844E-1,0.E0));
#19123=DIRECTION('',(-8.660254037844E-1,5.E-1,0.E0));
#19124=AXIS2_PLACEMENT_3D('',#19121,#19122,#19123);
#19125=PLANE('',#19124);
#19126=ORIENTED_EDGE('',*,*,#10923,.T.);
#19127=ORIENTED_EDGE('',*,*,#19063,.F.);
#19128=ORIENTED_EDGE('',*,*,#11008,.F.);
#19130=ORIENTED_EDGE('',*,*,#19129,.T.);
#19131=EDGE_LOOP('',(#19126,#19127,#19128,#19130));
#19132=FACE_OUTER_BOUND('',#19131,.F.);
#19134=CARTESIAN_POINT('',(3.783220533547E1,2.1E0,-2.766071873441E1));
#19135=DIRECTION('',(1.E0,0.E0,0.E0));
#19136=DIRECTION('',(0.E0,1.E0,0.E0));
#19137=AXIS2_PLACEMENT_3D('',#19134,#19135,#19136);
#19138=PLANE('',#19137);
#19139=ORIENTED_EDGE('',*,*,#18689,.T.);
#19140=ORIENTED_EDGE('',*,*,#19116,.F.);
#19141=ORIENTED_EDGE('',*,*,#18731,.F.);
#19143=ORIENTED_EDGE('',*,*,#19142,.T.);
#19144=EDGE_LOOP('',(#19139,#19140,#19141,#19143));
#19145=FACE_OUTER_BOUND('',#19144,.F.);
#19147=CARTESIAN_POINT('',(3.783220533547E1,2.1E0,-2.766071873441E1));
#19148=DIRECTION('',(1.E0,0.E0,0.E0));
#19149=DIRECTION('',(0.E0,1.E0,0.E0));
#19150=AXIS2_PLACEMENT_3D('',#19147,#19148,#19149);
#19151=PLANE('',#19150);
#19152=ORIENTED_EDGE('',*,*,#10925,.T.);
#19153=ORIENTED_EDGE('',*,*,#19129,.F.);
#19154=ORIENTED_EDGE('',*,*,#11006,.F.);
#19156=ORIENTED_EDGE('',*,*,#19155,.T.);
#19157=EDGE_LOOP('',(#19152,#19153,#19154,#19156));
#19158=FACE_OUTER_BOUND('',#19157,.F.);
#19160=CARTESIAN_POINT('',(3.713578719401E1,1.585581943085E0,
-2.766071873441E1));
#19161=DIRECTION('',(6.427876096865E-1,-7.660444431190E-1,0.E0));
#19162=DIRECTION('',(7.660444431190E-1,6.427876096865E-1,0.E0));
#19163=AXIS2_PLACEMENT_3D('',#19160,#19161,#19162);
#19164=PLANE('',#19163);
#19166=ORIENTED_EDGE('',*,*,#19165,.F.);
#19167=ORIENTED_EDGE('',*,*,#10927,.T.);
#19168=ORIENTED_EDGE('',*,*,#19155,.F.);
#19169=ORIENTED_EDGE('',*,*,#11004,.F.);
#19171=ORIENTED_EDGE('',*,*,#19170,.F.);
#19172=ORIENTED_EDGE('',*,*,#16543,.T.);
#19173=EDGE_LOOP('',(#19166,#19167,#19168,#19169,#19171,#19172));
#19174=FACE_OUTER_BOUND('',#19173,.F.);
#19176=CARTESIAN_POINT('',(3.713578719401E1,1.585581943085E0,
-2.766071873441E1));
#19177=DIRECTION('',(6.427876096865E-1,-7.660444431190E-1,0.E0));
#19178=DIRECTION('',(7.660444431190E-1,6.427876096865E-1,0.E0));
#19179=AXIS2_PLACEMENT_3D('',#19176,#19177,#19178);
#19180=PLANE('',#19179);
#19182=ORIENTED_EDGE('',*,*,#19181,.F.);
#19183=ORIENTED_EDGE('',*,*,#16561,.T.);
#19185=ORIENTED_EDGE('',*,*,#19184,.F.);
#19186=ORIENTED_EDGE('',*,*,#18691,.T.);
#19187=ORIENTED_EDGE('',*,*,#19142,.F.);
#19188=ORIENTED_EDGE('',*,*,#18729,.F.);
#19189=EDGE_LOOP('',(#19182,#19183,#19185,#19186,#19187,#19188));
#19190=FACE_OUTER_BOUND('',#19189,.F.);
#19192=CARTESIAN_POINT('',(3.670490756790E1,1.870675276617E0,6.010000000001E0));
#19193=DIRECTION('',(0.E0,-7.071067811865E-1,7.071067811865E-1));
#19194=DIRECTION('',(0.E0,7.071067811865E-1,7.071067811865E-1));
#19195=AXIS2_PLACEMENT_3D('',#19192,#19193,#19194);
#19196=PLANE('',#19195);
#19197=ORIENTED_EDGE('',*,*,#10942,.T.);
#19198=ORIENTED_EDGE('',*,*,#10929,.F.);
#19199=ORIENTED_EDGE('',*,*,#19165,.T.);
#19200=ORIENTED_EDGE('',*,*,#16541,.T.);
#19201=EDGE_LOOP('',(#19197,#19198,#19199,#19200));
#19202=FACE_OUTER_BOUND('',#19201,.F.);
#19204=CARTESIAN_POINT('',(3.670490756790E1,1.870675276617E0,4.450000000001E0));
#19205=DIRECTION('',(0.E0,-7.071067811865E-1,-7.071067811865E-1));
#19206=DIRECTION('',(0.E0,7.071067811865E-1,-7.071067811865E-1));
#19207=AXIS2_PLACEMENT_3D('',#19204,#19205,#19206);
#19208=PLANE('',#19207);
#19209=ORIENTED_EDGE('',*,*,#19170,.T.);
#19210=ORIENTED_EDGE('',*,*,#11002,.F.);
#19211=ORIENTED_EDGE('',*,*,#10946,.T.);
#19212=ORIENTED_EDGE('',*,*,#16545,.T.);
#19213=EDGE_LOOP('',(#19209,#19210,#19211,#19212));
#19214=FACE_OUTER_BOUND('',#19213,.F.);
#19216=CARTESIAN_POINT('',(3.670490756790E1,1.870675276617E0,-1.355E1));
#19217=DIRECTION('',(0.E0,-7.071067811865E-1,-7.071067811866E-1));
#19218=DIRECTION('',(0.E0,7.071067811866E-1,-7.071067811865E-1));
#19219=AXIS2_PLACEMENT_3D('',#19216,#19217,#19218);
#19220=PLANE('',#19219);
#19221=ORIENTED_EDGE('',*,*,#19181,.T.);
#19222=ORIENTED_EDGE('',*,*,#18727,.F.);
#19223=ORIENTED_EDGE('',*,*,#10966,.T.);
#19224=ORIENTED_EDGE('',*,*,#16556,.T.);
#19225=EDGE_LOOP('',(#19221,#19222,#19223,#19224));
#19226=FACE_OUTER_BOUND('',#19225,.F.);
#19228=CARTESIAN_POINT('',(3.670490756790E1,1.870675276617E0,-1.145E1));
#19229=DIRECTION('',(0.E0,-7.071067811865E-1,7.071067811865E-1));
#19230=DIRECTION('',(0.E0,7.071067811865E-1,7.071067811865E-1));
#19231=AXIS2_PLACEMENT_3D('',#19228,#19229,#19230);
#19232=PLANE('',#19231);
#19233=ORIENTED_EDGE('',*,*,#10962,.T.);
#19234=ORIENTED_EDGE('',*,*,#18693,.F.);
#19235=ORIENTED_EDGE('',*,*,#19184,.T.);
#19236=ORIENTED_EDGE('',*,*,#16559,.T.);
#19237=EDGE_LOOP('',(#19233,#19234,#19235,#19236));
#19238=FACE_OUTER_BOUND('',#19237,.F.);
#19240=CARTESIAN_POINT('',(2.001E1,-2.05E1,-1.045E1));
#19241=DIRECTION('',(-1.E0,0.E0,0.E0));
#19242=DIRECTION('',(0.E0,0.E0,1.E0));
#19243=AXIS2_PLACEMENT_3D('',#19240,#19241,#19242);
#19244=PLANE('',#19243);
#19245=ORIENTED_EDGE('',*,*,#9964,.F.);
#19246=ORIENTED_EDGE('',*,*,#18643,.F.);
#19247=ORIENTED_EDGE('',*,*,#11185,.T.);
#19248=ORIENTED_EDGE('',*,*,#11053,.T.);
#19249=EDGE_LOOP('',(#19245,#19246,#19247,#19248));
#19250=FACE_OUTER_BOUND('',#19249,.F.);
#19252=CARTESIAN_POINT('',(3.373220533547E1,1.643580823317E0,
-2.766071873441E1));
#19253=DIRECTION('',(0.E0,1.E0,0.E0));
#19254=DIRECTION('',(0.E0,0.E0,-1.E0));
#19255=AXIS2_PLACEMENT_3D('',#19252,#19253,#19254);
#19256=CONICAL_SURFACE('',#19255,3.472702232430E0,5.E1);
#19257=ORIENTED_EDGE('',*,*,#18569,.T.);
#19258=ORIENTED_EDGE('',*,*,#18284,.F.);
#19259=ORIENTED_EDGE('',*,*,#18079,.F.);
#19260=ORIENTED_EDGE('',*,*,#16580,.T.);
#19261=EDGE_LOOP('',(#19257,#19258,#19259,#19260));
#19262=FACE_OUTER_BOUND('',#19261,.F.);
#19264=CARTESIAN_POINT('',(3.373220533547E1,5.5E0,-2.766071873441E1));
#19265=DIRECTION('',(0.E0,-1.E0,0.E0));
#19266=DIRECTION('',(0.E0,0.E0,1.E0));
#19267=AXIS2_PLACEMENT_3D('',#19264,#19265,#19266);
#19268=CYLINDRICAL_SURFACE('',#19267,2.5E0);
#19269=ORIENTED_EDGE('',*,*,#18572,.T.);
#19270=ORIENTED_EDGE('',*,*,#16576,.F.);
#19271=ORIENTED_EDGE('',*,*,#16465,.F.);
#19273=ORIENTED_EDGE('',*,*,#19272,.F.);
#19274=EDGE_LOOP('',(#19269,#19270,#19271,#19273));
#19275=FACE_OUTER_BOUND('',#19274,.F.);
#19277=CARTESIAN_POINT('',(3.373220533547E1,7.500000000092E0,
-2.766071873441E1));
#19278=DIRECTION('',(0.E0,-1.E0,0.E0));
#19279=DIRECTION('',(0.E0,0.E0,-1.E0));
#19280=AXIS2_PLACEMENT_3D('',#19277,#19278,#19279);
#19281=CONICAL_SURFACE('',#19280,1.999999999908E0,4.5E1);
#19282=ORIENTED_EDGE('',*,*,#18574,.T.);
#19283=ORIENTED_EDGE('',*,*,#19272,.T.);
#19284=ORIENTED_EDGE('',*,*,#16390,.F.);
#19285=ORIENTED_EDGE('',*,*,#11197,.F.);
#19286=EDGE_LOOP('',(#19282,#19283,#19284,#19285));
#19287=FACE_OUTER_BOUND('',#19286,.F.);
#19289=CARTESIAN_POINT('',(3.373220533547E1,1.620675276617E0,2.693928126559E1));
#19290=DIRECTION('',(-1.E0,0.E0,0.E0));
#19291=DIRECTION('',(0.E0,0.E0,-1.E0));
#19292=AXIS2_PLACEMENT_3D('',#19289,#19290,#19291);
#19293=PLANE('',#19292);
#19294=ORIENTED_EDGE('',*,*,#17624,.F.);
#19295=ORIENTED_EDGE('',*,*,#17802,.F.);
#19296=ORIENTED_EDGE('',*,*,#17715,.F.);
#19297=ORIENTED_EDGE('',*,*,#17409,.F.);
#19298=EDGE_LOOP('',(#19294,#19295,#19296,#19297));
#19299=FACE_OUTER_BOUND('',#19298,.F.);
#19301=CARTESIAN_POINT('',(-4.515E1,4.5E0,2.633928126559E1));
#19302=DIRECTION('',(-1.E0,0.E0,0.E0));
#19303=DIRECTION('',(0.E0,-1.E0,0.E0));
#19304=AXIS2_PLACEMENT_3D('',#19301,#19302,#19303);
#19305=PLANE('',#19304);
#19306=ORIENTED_EDGE('',*,*,#17367,.T.);
#19307=ORIENTED_EDGE('',*,*,#17650,.T.);
#19308=ORIENTED_EDGE('',*,*,#17813,.T.);
#19309=ORIENTED_EDGE('',*,*,#17726,.T.);
#19310=EDGE_LOOP('',(#19306,#19307,#19308,#19309));
#19311=FACE_OUTER_BOUND('',#19310,.F.);
#19313=CARTESIAN_POINT('',(-2.75E1,4.5E0,2.633928126559E1));
#19314=DIRECTION('',(-1.E0,0.E0,0.E0));
#19315=DIRECTION('',(0.E0,-1.E0,0.E0));
#19316=AXIS2_PLACEMENT_3D('',#19313,#19314,#19315);
#19317=PLANE('',#19316);
#19318=ORIENTED_EDGE('',*,*,#17389,.T.);
#19319=ORIENTED_EDGE('',*,*,#17668,.T.);
#19320=ORIENTED_EDGE('',*,*,#17826,.T.);
#19321=ORIENTED_EDGE('',*,*,#17740,.T.);
#19322=EDGE_LOOP('',(#19318,#19319,#19320,#19321));
#19323=FACE_OUTER_BOUND('',#19322,.F.);
#19325=CARTESIAN_POINT('',(-3.065E1,1.620675276617E0,2.633928126559E1));
#19326=DIRECTION('',(1.E0,0.E0,0.E0));
#19327=DIRECTION('',(0.E0,1.E0,0.E0));
#19328=AXIS2_PLACEMENT_3D('',#19325,#19326,#19327);
#19329=PLANE('',#19328);
#19330=ORIENTED_EDGE('',*,*,#17393,.T.);
#19331=ORIENTED_EDGE('',*,*,#17744,.F.);
#19332=ORIENTED_EDGE('',*,*,#17829,.F.);
#19333=ORIENTED_EDGE('',*,*,#17664,.F.);
#19334=EDGE_LOOP('',(#19330,#19331,#19332,#19333));
#19335=FACE_OUTER_BOUND('',#19334,.F.);
#19337=CARTESIAN_POINT('',(-1.4E0,4.5E0,2.633928126559E1));
#19338=DIRECTION('',(-1.E0,0.E0,0.E0));
#19339=DIRECTION('',(0.E0,-1.E0,0.E0));
#19340=AXIS2_PLACEMENT_3D('',#19337,#19338,#19339);
#19341=PLANE('',#19340);
#19342=ORIENTED_EDGE('',*,*,#17344,.T.);
#19343=ORIENTED_EDGE('',*,*,#17613,.T.);
#19344=ORIENTED_EDGE('',*,*,#17840,.T.);
#19345=ORIENTED_EDGE('',*,*,#17755,.T.);
#19346=EDGE_LOOP('',(#19342,#19343,#19344,#19345));
#19347=FACE_OUTER_BOUND('',#19346,.F.);
#19349=CARTESIAN_POINT('',(-5.5E0,1.620675276617E0,2.633928126559E1));
#19350=DIRECTION('',(1.E0,0.E0,0.E0));
#19351=DIRECTION('',(0.E0,1.E0,0.E0));
#19352=AXIS2_PLACEMENT_3D('',#19349,#19350,#19351);
#19353=PLANE('',#19352);
#19354=ORIENTED_EDGE('',*,*,#17348,.T.);
#19355=ORIENTED_EDGE('',*,*,#17759,.F.);
#19356=ORIENTED_EDGE('',*,*,#17843,.F.);
#19357=ORIENTED_EDGE('',*,*,#17609,.F.);
#19358=EDGE_LOOP('',(#19354,#19355,#19356,#19357));
#19359=FACE_OUTER_BOUND('',#19358,.F.);
#19361=CARTESIAN_POINT('',(1.820808026357E0,4.5E0,2.883928126559E1));
#19362=DIRECTION('',(-9.936945374674E-1,1.121212121213E-1,0.E0));
#19363=DIRECTION('',(-1.121212121213E-1,-9.936945374674E-1,0.E0));
#19364=AXIS2_PLACEMENT_3D('',#19361,#19362,#19363);
#19365=PLANE('',#19364);
#19366=ORIENTED_EDGE('',*,*,#16656,.T.);
#19367=ORIENTED_EDGE('',*,*,#16485,.F.);
#19368=ORIENTED_EDGE('',*,*,#17604,.T.);
#19369=ORIENTED_EDGE('',*,*,#17340,.T.);
#19370=ORIENTED_EDGE('',*,*,#17258,.T.);
#19371=ORIENTED_EDGE('',*,*,#16673,.T.);
#19372=EDGE_LOOP('',(#19366,#19367,#19368,#19369,#19370,#19371));
#19373=FACE_OUTER_BOUND('',#19372,.F.);
#19375=CARTESIAN_POINT('',(3.373220533547E1,1.643580823317E0,2.283928126559E1));
#19376=DIRECTION('',(0.E0,1.E0,0.E0));
#19377=DIRECTION('',(1.E0,0.E0,2.337370688135E-14));
#19378=AXIS2_PLACEMENT_3D('',#19375,#19376,#19377);
#19379=CONICAL_SURFACE('',#19378,3.472702232430E0,5.E1);
#19380=ORIENTED_EDGE('',*,*,#17431,.T.);
#19381=ORIENTED_EDGE('',*,*,#16509,.T.);
#19382=ORIENTED_EDGE('',*,*,#17626,.T.);
#19383=ORIENTED_EDGE('',*,*,#17407,.F.);
#19384=EDGE_LOOP('',(#19380,#19381,#19382,#19383));
#19385=FACE_OUTER_BOUND('',#19384,.F.);
#19387=CARTESIAN_POINT('',(-4.444966353989E1,4.5E0,2.883928126559E1));
#19388=DIRECTION('',(-9.999944444290E-1,-3.333333333289E-3,0.E0));
#19389=DIRECTION('',(3.333333333289E-3,-9.999944444290E-1,0.E0));
#19390=AXIS2_PLACEMENT_3D('',#19387,#19388,#19389);
#19391=PLANE('',#19390);
#19392=ORIENTED_EDGE('',*,*,#16847,.T.);
#19393=ORIENTED_EDGE('',*,*,#17537,.F.);
#19394=ORIENTED_EDGE('',*,*,#16604,.F.);
#19395=ORIENTED_EDGE('',*,*,#17641,.T.);
#19396=ORIENTED_EDGE('',*,*,#17363,.T.);
#19397=ORIENTED_EDGE('',*,*,#17273,.T.);
#19398=EDGE_LOOP('',(#19392,#19393,#19394,#19395,#19396,#19397));
#19399=FACE_OUTER_BOUND('',#19398,.F.);
#19401=CARTESIAN_POINT('',(-3.137358466789E1,-2.303330503068E0,
2.883928126559E1));
#19402=DIRECTION('',(9.999944444290E-1,-3.333333333289E-3,0.E0));
#19403=DIRECTION('',(3.333333333289E-3,9.999944444290E-1,0.E0));
#19404=AXIS2_PLACEMENT_3D('',#19401,#19402,#19403);
#19405=PLANE('',#19404);
#19406=ORIENTED_EDGE('',*,*,#16843,.F.);
#19407=ORIENTED_EDGE('',*,*,#17287,.F.);
#19408=ORIENTED_EDGE('',*,*,#17382,.F.);
#19409=ORIENTED_EDGE('',*,*,#17661,.F.);
#19410=ORIENTED_EDGE('',*,*,#16525,.T.);
#19411=ORIENTED_EDGE('',*,*,#17540,.T.);
#19412=EDGE_LOOP('',(#19406,#19407,#19408,#19409,#19410,#19411));
#19413=FACE_OUTER_BOUND('',#19412,.F.);
#19415=CARTESIAN_POINT('',(-2.43E1,7.51E0,2.883928126559E1));
#19416=DIRECTION('',(-1.E0,0.E0,0.E0));
#19417=DIRECTION('',(0.E0,-1.E0,0.E0));
#19418=AXIS2_PLACEMENT_3D('',#19415,#19416,#19417);
#19419=PLANE('',#19418);
#19420=ORIENTED_EDGE('',*,*,#16953,.F.);
#19422=ORIENTED_EDGE('',*,*,#19421,.T.);
#19423=ORIENTED_EDGE('',*,*,#17543,.F.);
#19424=ORIENTED_EDGE('',*,*,#16529,.F.);
#19425=ORIENTED_EDGE('',*,*,#17671,.T.);
#19426=ORIENTED_EDGE('',*,*,#17385,.T.);
#19427=ORIENTED_EDGE('',*,*,#17290,.T.);
#19428=ORIENTED_EDGE('',*,*,#16839,.F.);
#19429=EDGE_LOOP('',(#19420,#19422,#19423,#19424,#19425,#19426,#19427,#19428));
#19430=FACE_OUTER_BOUND('',#19429,.F.);
#19432=CARTESIAN_POINT('',(-2.33E1,6.51E0,1.103142812656E2));
#19433=DIRECTION('',(0.E0,0.E0,-1.E0));
#19434=DIRECTION('',(-1.E0,0.E0,0.E0));
#19435=AXIS2_PLACEMENT_3D('',#19432,#19433,#19434);
#19436=CYLINDRICAL_SURFACE('',#19435,1.E0);
#19437=ORIENTED_EDGE('',*,*,#16951,.T.);
#19439=ORIENTED_EDGE('',*,*,#19438,.T.);
#19440=ORIENTED_EDGE('',*,*,#17477,.T.);
#19441=ORIENTED_EDGE('',*,*,#17545,.T.);
#19442=ORIENTED_EDGE('',*,*,#19421,.F.);
#19443=EDGE_LOOP('',(#19437,#19439,#19440,#19441,#19442));
#19444=FACE_OUTER_BOUND('',#19443,.F.);
#19446=CARTESIAN_POINT('',(-8.7E0,7.51E0,2.883928126559E1));
#19447=DIRECTION('',(0.E0,1.E0,0.E0));
#19448=DIRECTION('',(-1.E0,0.E0,0.E0));
#19449=AXIS2_PLACEMENT_3D('',#19446,#19447,#19448);
#19450=PLANE('',#19449);
#19451=ORIENTED_EDGE('',*,*,#16949,.F.);
#19452=ORIENTED_EDGE('',*,*,#17560,.T.);
#19453=ORIENTED_EDGE('',*,*,#17479,.T.);
#19454=ORIENTED_EDGE('',*,*,#19438,.F.);
#19455=EDGE_LOOP('',(#19451,#19452,#19453,#19454));
#19456=FACE_OUTER_BOUND('',#19455,.F.);
#19458=CARTESIAN_POINT('',(8.85E0,1.129E0,2.4401E1));
#19459=DIRECTION('',(1.E0,0.E0,0.E0));
#19460=DIRECTION('',(0.E0,0.E0,-1.E0));
#19461=AXIS2_PLACEMENT_3D('',#19458,#19459,#19460);
#19462=PLANE('',#19461);
#19463=ORIENTED_EDGE('',*,*,#17488,.T.);
#19465=ORIENTED_EDGE('',*,*,#19464,.F.);
#19466=ORIENTED_EDGE('',*,*,#16650,.F.);
#19467=ORIENTED_EDGE('',*,*,#16497,.T.);
#19468=ORIENTED_EDGE('',*,*,#17519,.F.);
#19469=EDGE_LOOP('',(#19463,#19465,#19466,#19467,#19468));
#19470=FACE_OUTER_BOUND('',#19469,.F.);
#19472=CARTESIAN_POINT('',(1.599E0,7.475468884347E0,2.3899E1));
#19473=DIRECTION('',(0.E0,1.E0,0.E0));
#19474=DIRECTION('',(0.E0,0.E0,1.E0));
#19475=AXIS2_PLACEMENT_3D('',#19472,#19473,#19474);
#19476=PLANE('',#19475);
#19477=ORIENTED_EDGE('',*,*,#19464,.T.);
#19478=ORIENTED_EDGE('',*,*,#17486,.F.);
#19479=ORIENTED_EDGE('',*,*,#16630,.T.);
#19480=ORIENTED_EDGE('',*,*,#16652,.T.);
#19481=EDGE_LOOP('',(#19477,#19478,#19479,#19480));
#19482=FACE_OUTER_BOUND('',#19481,.F.);
#19484=CARTESIAN_POINT('',(3.373220533547E1,5.5E0,2.283928126559E1));
#19485=DIRECTION('',(0.E0,-1.E0,0.E0));
#19486=DIRECTION('',(-1.E0,0.E0,-2.337370688135E-14));
#19487=AXIS2_PLACEMENT_3D('',#19484,#19485,#19486);
#19488=CYLINDRICAL_SURFACE('',#19487,2.5E0);
#19489=ORIENTED_EDGE('',*,*,#17428,.F.);
#19490=ORIENTED_EDGE('',*,*,#17465,.F.);
#19491=ORIENTED_EDGE('',*,*,#17522,.T.);
#19492=ORIENTED_EDGE('',*,*,#16513,.F.);
#19493=EDGE_LOOP('',(#19489,#19490,#19491,#19492));
#19494=FACE_OUTER_BOUND('',#19493,.F.);
#19496=CARTESIAN_POINT('',(-4.819196201090E1,1.620675276617E0,
2.083928126559E1));
#19497=DIRECTION('',(7.893522173763E-1,0.E0,-6.139406135149E-1));
#19498=DIRECTION('',(6.139406135149E-1,0.E0,7.893522173763E-1));
#19499=AXIS2_PLACEMENT_3D('',#19496,#19497,#19498);
#19500=PLANE('',#19499);
#19501=ORIENTED_EDGE('',*,*,#11172,.T.);
#19503=ORIENTED_EDGE('',*,*,#19502,.T.);
#19505=ORIENTED_EDGE('',*,*,#19504,.T.);
#19506=ORIENTED_EDGE('',*,*,#16608,.T.);
#19507=ORIENTED_EDGE('',*,*,#17534,.F.);
#19508=ORIENTED_EDGE('',*,*,#17494,.T.);
#19509=EDGE_LOOP('',(#19501,#19503,#19505,#19506,#19507,#19508));
#19510=FACE_OUTER_BOUND('',#19509,.F.);
#19512=CARTESIAN_POINT('',(-4.769196201090E1,7.5E0,-2.410718734412E0));
#19513=DIRECTION('',(7.071067811865E-1,-7.071067811865E-1,0.E0));
#19514=DIRECTION('',(7.071067811865E-1,7.071067811865E-1,0.E0));
#19515=AXIS2_PLACEMENT_3D('',#19512,#19513,#19514);
#19516=PLANE('',#19515);
#19518=ORIENTED_EDGE('',*,*,#19517,.T.);
#19519=ORIENTED_EDGE('',*,*,#19502,.F.);
#19520=ORIENTED_EDGE('',*,*,#11170,.F.);
#19522=ORIENTED_EDGE('',*,*,#19521,.T.);
#19523=EDGE_LOOP('',(#19518,#19519,#19520,#19522));
#19524=FACE_OUTER_BOUND('',#19523,.F.);
#19526=CARTESIAN_POINT('',(-4.819196201090E1,8.E0,2.283928126559E1));
#19527=DIRECTION('',(1.E0,0.E0,0.E0));
#19528=DIRECTION('',(0.E0,-1.E0,0.E0));
#19529=AXIS2_PLACEMENT_3D('',#19526,#19527,#19528);
#19530=PLANE('',#19529);
#19531=ORIENTED_EDGE('',*,*,#19517,.F.);
#19533=ORIENTED_EDGE('',*,*,#19532,.T.);
#19534=ORIENTED_EDGE('',*,*,#16610,.F.);
#19535=ORIENTED_EDGE('',*,*,#19504,.F.);
#19536=EDGE_LOOP('',(#19531,#19533,#19534,#19535));
#19537=FACE_OUTER_BOUND('',#19536,.F.);
#19539=CARTESIAN_POINT('',(-4.469196201090E1,1.620675276617E0,
-3.016071873441E1));
#19540=DIRECTION('',(7.893522173763E-1,0.E0,6.139406135149E-1));
#19541=DIRECTION('',(-6.139406135149E-1,0.E0,7.893522173763E-1));
#19542=AXIS2_PLACEMENT_3D('',#19539,#19540,#19541);
#19543=PLANE('',#19542);
#19544=ORIENTED_EDGE('',*,*,#11168,.F.);
#19545=ORIENTED_EDGE('',*,*,#16372,.F.);
#19546=ORIENTED_EDGE('',*,*,#16452,.T.);
#19547=ORIENTED_EDGE('',*,*,#16612,.T.);
#19548=ORIENTED_EDGE('',*,*,#19532,.F.);
#19549=ORIENTED_EDGE('',*,*,#19521,.F.);
#19550=EDGE_LOOP('',(#19544,#19545,#19546,#19547,#19548,#19549));
#19551=FACE_OUTER_BOUND('',#19550,.F.);
#19553=CARTESIAN_POINT('',(3.373220533547E1,4.249999999638E0,2.283928126559E1));
#19554=DIRECTION('',(0.E0,1.E0,0.E0));
#19555=DIRECTION('',(0.E0,0.E0,-1.E0));
#19556=AXIS2_PLACEMENT_3D('',#19553,#19554,#19555);
#19557=CONICAL_SURFACE('',#19556,3.749999999638E0,4.5E1);
#19558=ORIENTED_EDGE('',*,*,#17434,.F.);
#19559=ORIENTED_EDGE('',*,*,#17412,.T.);
#19560=ORIENTED_EDGE('',*,*,#17246,.F.);
#19561=ORIENTED_EDGE('',*,*,#16789,.F.);
#19562=EDGE_LOOP('',(#19558,#19559,#19560,#19561));
#19563=FACE_OUTER_BOUND('',#19562,.F.);
#19565=CARTESIAN_POINT('',(3.373220533547E1,8.E0,2.283928126559E1));
#19566=DIRECTION('',(0.E0,1.E0,0.E0));
#19567=DIRECTION('',(0.E0,0.E0,1.E0));
#19568=AXIS2_PLACEMENT_3D('',#19565,#19566,#19567);
#19569=CYLINDRICAL_SURFACE('',#19568,6.E0);
#19570=ORIENTED_EDGE('',*,*,#17437,.F.);
#19571=ORIENTED_EDGE('',*,*,#16785,.F.);
#19572=ORIENTED_EDGE('',*,*,#16732,.T.);
#19574=ORIENTED_EDGE('',*,*,#19573,.T.);
#19575=EDGE_LOOP('',(#19570,#19571,#19572,#19574));
#19576=FACE_OUTER_BOUND('',#19575,.F.);
#19578=CARTESIAN_POINT('',(3.373220533547E1,9.500000000016E0,2.283928126559E1));
#19579=DIRECTION('',(0.E0,-1.E0,0.E0));
#19580=DIRECTION('',(0.E0,0.E0,-1.E0));
#19581=AXIS2_PLACEMENT_3D('',#19578,#19579,#19580);
#19582=CONICAL_SURFACE('',#19581,4.999999999984E0,4.5E1);
#19583=ORIENTED_EDGE('',*,*,#17439,.F.);
#19584=ORIENTED_EDGE('',*,*,#19573,.F.);
#19585=ORIENTED_EDGE('',*,*,#17021,.F.);
#19586=ORIENTED_EDGE('',*,*,#9940,.T.);
#19587=EDGE_LOOP('',(#19583,#19584,#19585,#19586));
#19588=FACE_OUTER_BOUND('',#19587,.F.);
#19590=CARTESIAN_POINT('',(-5.825E0,6.5E0,2.846428126559E1));
#19591=DIRECTION('',(-7.071067811865E-1,0.E0,7.071067811865E-1));
#19592=DIRECTION('',(-7.071067811865E-1,0.E0,-7.071067811865E-1));
#19593=AXIS2_PLACEMENT_3D('',#19590,#19591,#19592);
#19594=PLANE('',#19593);
#19595=ORIENTED_EDGE('',*,*,#16764,.T.);
#19596=ORIENTED_EDGE('',*,*,#16928,.F.);
#19597=ORIENTED_EDGE('',*,*,#17024,.T.);
#19598=ORIENTED_EDGE('',*,*,#16728,.T.);
#19599=EDGE_LOOP('',(#19595,#19596,#19597,#19598));
#19600=FACE_OUTER_BOUND('',#19599,.F.);
#19602=CARTESIAN_POINT('',(-3.360031983827E1,4.25E0,2.696428126559E1));
#19603=DIRECTION('',(7.071067811865E-1,-7.071067811865E-1,0.E0));
#19604=DIRECTION('',(7.071067811865E-1,7.071067811865E-1,0.E0));
#19605=AXIS2_PLACEMENT_3D('',#19602,#19603,#19604);
#19606=PLANE('',#19605);
#19607=ORIENTED_EDGE('',*,*,#16824,.F.);
#19609=ORIENTED_EDGE('',*,*,#19608,.T.);
#19611=ORIENTED_EDGE('',*,*,#19610,.T.);
#19612=ORIENTED_EDGE('',*,*,#16964,.T.);
#19613=EDGE_LOOP('',(#19607,#19609,#19611,#19612));
#19614=FACE_OUTER_BOUND('',#19613,.F.);
#19616=CARTESIAN_POINT('',(0.E0,4.5E0,2.633928126559E1));
#19617=DIRECTION('',(0.E0,0.E0,-1.E0));
#19618=DIRECTION('',(-1.E0,0.E0,0.E0));
#19619=AXIS2_PLACEMENT_3D('',#19616,#19617,#19618);
#19620=PLANE('',#19619);
#19622=ORIENTED_EDGE('',*,*,#19621,.T.);
#19623=ORIENTED_EDGE('',*,*,#19608,.F.);
#19624=ORIENTED_EDGE('',*,*,#16822,.T.);
#19626=ORIENTED_EDGE('',*,*,#19625,.F.);
#19627=EDGE_LOOP('',(#19622,#19623,#19624,#19626));
#19628=FACE_OUTER_BOUND('',#19627,.F.);
#19630=CARTESIAN_POINT('',(-4.194968016173E1,4.E0,2.758928126559E1));
#19631=DIRECTION('',(0.E0,-1.E0,0.E0));
#19632=DIRECTION('',(1.E0,0.E0,0.E0));
#19633=AXIS2_PLACEMENT_3D('',#19630,#19631,#19632);
#19634=PLANE('',#19633);
#19635=ORIENTED_EDGE('',*,*,#16966,.T.);
#19636=ORIENTED_EDGE('',*,*,#19610,.F.);
#19637=ORIENTED_EDGE('',*,*,#19621,.F.);
#19639=ORIENTED_EDGE('',*,*,#19638,.F.);
#19640=EDGE_LOOP('',(#19635,#19636,#19637,#19639));
#19641=FACE_OUTER_BOUND('',#19640,.F.);
#19643=CARTESIAN_POINT('',(-4.219968016173E1,4.25E0,2.696428126559E1));
#19644=DIRECTION('',(-7.071067811865E-1,-7.071067811865E-1,0.E0));
#19645=DIRECTION('',(-7.071067811865E-1,7.071067811865E-1,0.E0));
#19646=AXIS2_PLACEMENT_3D('',#19643,#19644,#19645);
#19647=PLANE('',#19646);
#19648=ORIENTED_EDGE('',*,*,#16820,.F.);
#19649=ORIENTED_EDGE('',*,*,#16968,.T.);
#19650=ORIENTED_EDGE('',*,*,#19638,.T.);
#19651=ORIENTED_EDGE('',*,*,#19625,.T.);
#19652=EDGE_LOOP('',(#19648,#19649,#19650,#19651));
#19653=FACE_OUTER_BOUND('',#19652,.F.);
#19655=CARTESIAN_POINT('',(-4.444968020660E1,7.51E0,2.883928126559E1));
#19656=DIRECTION('',(-1.E0,0.E0,0.E0));
#19657=DIRECTION('',(0.E0,-1.E0,0.E0));
#19658=AXIS2_PLACEMENT_3D('',#19655,#19656,#19657);
#19659=PLANE('',#19658);
#19660=ORIENTED_EDGE('',*,*,#16816,.F.);
#19661=ORIENTED_EDGE('',*,*,#16752,.F.);
#19663=ORIENTED_EDGE('',*,*,#19662,.T.);
#19664=ORIENTED_EDGE('',*,*,#16971,.T.);
#19665=EDGE_LOOP('',(#19660,#19661,#19663,#19664));
#19666=FACE_OUTER_BOUND('',#19665,.F.);
#19668=CARTESIAN_POINT('',(-4.144968020660E1,4.51E0,1.103142812656E2));
#19669=DIRECTION('',(0.E0,0.E0,-1.E0));
#19670=DIRECTION('',(-1.E0,0.E0,0.E0));
#19671=AXIS2_PLACEMENT_3D('',#19668,#19669,#19670);
#19672=CYLINDRICAL_SURFACE('',#19671,3.E0);
#19673=ORIENTED_EDGE('',*,*,#19662,.F.);
#19675=ORIENTED_EDGE('',*,*,#19674,.F.);
#19677=ORIENTED_EDGE('',*,*,#19676,.T.);
#19678=ORIENTED_EDGE('',*,*,#16973,.T.);
#19679=EDGE_LOOP('',(#19673,#19675,#19677,#19678));
#19680=FACE_OUTER_BOUND('',#19679,.F.);
#19682=CARTESIAN_POINT('',(-4.144968020660E1,4.51E0,2.846428126520E1));
#19683=DIRECTION('',(0.E0,0.E0,1.E0));
#19684=DIRECTION('',(0.E0,-1.E0,0.E0));
#19685=AXIS2_PLACEMENT_3D('',#19682,#19683,#19684);
#19686=CONICAL_SURFACE('',#19685,3.374999999609E0,4.5E1);
#19687=ORIENTED_EDGE('',*,*,#19674,.T.);
#19688=ORIENTED_EDGE('',*,*,#16750,.T.);
#19689=ORIENTED_EDGE('',*,*,#16718,.F.);
#19691=ORIENTED_EDGE('',*,*,#19690,.F.);
#19692=EDGE_LOOP('',(#19687,#19688,#19689,#19691));
#19693=FACE_OUTER_BOUND('',#19692,.F.);
#19695=CARTESIAN_POINT('',(-3.790028515673E1,7.885E0,2.846428126559E1));
#19696=DIRECTION('',(0.E0,-7.071067811865E-1,7.071067811865E-1));
#19697=DIRECTION('',(0.E0,7.071067811865E-1,7.071067811865E-1));
#19698=AXIS2_PLACEMENT_3D('',#19695,#19696,#19697);
#19699=PLANE('',#19698);
#19701=ORIENTED_EDGE('',*,*,#19700,.T.);
#19702=ORIENTED_EDGE('',*,*,#19690,.T.);
#19703=ORIENTED_EDGE('',*,*,#16716,.F.);
#19705=ORIENTED_EDGE('',*,*,#19704,.F.);
#19706=EDGE_LOOP('',(#19701,#19702,#19703,#19705));
#19707=FACE_OUTER_BOUND('',#19706,.F.);
#19709=CARTESIAN_POINT('',(-3.135089010685E1,7.51E0,2.883928126559E1));
#19710=DIRECTION('',(0.E0,1.E0,0.E0));
#19711=DIRECTION('',(-1.E0,0.E0,0.E0));
#19712=AXIS2_PLACEMENT_3D('',#19709,#19710,#19711);
#19713=PLANE('',#19712);
#19714=ORIENTED_EDGE('',*,*,#19676,.F.);
#19715=ORIENTED_EDGE('',*,*,#19700,.F.);
#19717=ORIENTED_EDGE('',*,*,#19716,.T.);
#19718=ORIENTED_EDGE('',*,*,#16975,.T.);
#19719=EDGE_LOOP('',(#19714,#19715,#19717,#19718));
#19720=FACE_OUTER_BOUND('',#19719,.F.);
#19722=CARTESIAN_POINT('',(-3.435089010685E1,4.51E0,1.103142812656E2));
#19723=DIRECTION('',(0.E0,0.E0,-1.E0));
#19724=DIRECTION('',(0.E0,1.E0,0.E0));
#19725=AXIS2_PLACEMENT_3D('',#19722,#19723,#19724);
#19726=CYLINDRICAL_SURFACE('',#19725,3.E0);
#19727=ORIENTED_EDGE('',*,*,#19716,.F.);
#19729=ORIENTED_EDGE('',*,*,#19728,.F.);
#19731=ORIENTED_EDGE('',*,*,#19730,.T.);
#19732=ORIENTED_EDGE('',*,*,#16977,.T.);
#19733=EDGE_LOOP('',(#19727,#19729,#19731,#19732));
#19734=FACE_OUTER_BOUND('',#19733,.F.);
#19736=CARTESIAN_POINT('',(-3.435089010685E1,4.51E0,2.846428126515E1));
#19737=DIRECTION('',(0.E0,0.E0,1.E0));
#19738=DIRECTION('',(0.E0,-1.E0,0.E0));
#19739=AXIS2_PLACEMENT_3D('',#19736,#19737,#19738);
#19740=CONICAL_SURFACE('',#19739,3.374999999561E0,4.5E1);
#19741=ORIENTED_EDGE('',*,*,#19728,.T.);
#19742=ORIENTED_EDGE('',*,*,#19704,.T.);
#19743=ORIENTED_EDGE('',*,*,#16714,.F.);
#19745=ORIENTED_EDGE('',*,*,#19744,.F.);
#19746=EDGE_LOOP('',(#19741,#19742,#19743,#19745));
#19747=FACE_OUTER_BOUND('',#19746,.F.);
#19749=CARTESIAN_POINT('',(-3.097589010685E1,4.505E0,2.846428126559E1));
#19750=DIRECTION('',(-7.071067811865E-1,0.E0,7.071067811865E-1));
#19751=DIRECTION('',(7.071067811865E-1,0.E0,7.071067811865E-1));
#19752=AXIS2_PLACEMENT_3D('',#19749,#19750,#19751);
#19753=PLANE('',#19752);
#19754=ORIENTED_EDGE('',*,*,#16830,.T.);
#19756=ORIENTED_EDGE('',*,*,#19755,.T.);
#19757=ORIENTED_EDGE('',*,*,#19744,.T.);
#19758=ORIENTED_EDGE('',*,*,#16712,.F.);
#19759=EDGE_LOOP('',(#19754,#19756,#19757,#19758));
#19760=FACE_OUTER_BOUND('',#19759,.F.);
#19762=CARTESIAN_POINT('',(-3.135089010685E1,4.5E0,2.883928126559E1));
#19763=DIRECTION('',(1.E0,0.E0,0.E0));
#19764=DIRECTION('',(0.E0,1.E0,0.E0));
#19765=AXIS2_PLACEMENT_3D('',#19762,#19763,#19764);
#19766=PLANE('',#19765);
#19767=ORIENTED_EDGE('',*,*,#16828,.T.);
#19768=ORIENTED_EDGE('',*,*,#16979,.T.);
#19769=ORIENTED_EDGE('',*,*,#19730,.F.);
#19770=ORIENTED_EDGE('',*,*,#19755,.F.);
#19771=EDGE_LOOP('',(#19767,#19768,#19769,#19770));
#19772=FACE_OUTER_BOUND('',#19771,.F.);
#19774=CARTESIAN_POINT('',(1.305803798910E1,1.620675276617E0,
-2.691071873441E1));
#19775=DIRECTION('',(0.E0,-1.E0,0.E0));
#19776=DIRECTION('',(-1.E0,0.E0,0.E0));
#19777=AXIS2_PLACEMENT_3D('',#19774,#19775,#19776);
#19778=CYLINDRICAL_SURFACE('',#19777,1.5E0);
#19779=ORIENTED_EDGE('',*,*,#16616,.F.);
#19781=ORIENTED_EDGE('',*,*,#19780,.T.);
#19783=ORIENTED_EDGE('',*,*,#19782,.T.);
#19785=ORIENTED_EDGE('',*,*,#19784,.F.);
#19786=EDGE_LOOP('',(#19779,#19781,#19783,#19785));
#19787=FACE_OUTER_BOUND('',#19786,.F.);
#19789=CARTESIAN_POINT('',(1.305803798910E1,1.620675276617E0,
-2.691071873441E1));
#19790=DIRECTION('',(0.E0,-1.E0,0.E0));
#19791=DIRECTION('',(-1.E0,0.E0,0.E0));
#19792=AXIS2_PLACEMENT_3D('',#19789,#19790,#19791);
#19793=CYLINDRICAL_SURFACE('',#19792,1.5E0);
#19794=ORIENTED_EDGE('',*,*,#16618,.F.);
#19795=ORIENTED_EDGE('',*,*,#19784,.T.);
#19797=ORIENTED_EDGE('',*,*,#19796,.T.);
#19798=ORIENTED_EDGE('',*,*,#19780,.F.);
#19799=EDGE_LOOP('',(#19794,#19795,#19797,#19798));
#19800=FACE_OUTER_BOUND('',#19799,.F.);
#19802=CARTESIAN_POINT('',(0.E0,4.620675276617E0,0.E0));
#19803=DIRECTION('',(0.E0,-1.E0,0.E0));
#19804=DIRECTION('',(-1.E0,0.E0,0.E0));
#19805=AXIS2_PLACEMENT_3D('',#19802,#19803,#19804);
#19806=PLANE('',#19805);
#19807=ORIENTED_EDGE('',*,*,#19782,.F.);
#19808=ORIENTED_EDGE('',*,*,#19796,.F.);
#19809=EDGE_LOOP('',(#19807,#19808));
#19810=FACE_OUTER_BOUND('',#19809,.F.);
#19812=CARTESIAN_POINT('',(-4.039196201090E1,4.069512631758E1,
-2.832298821617E1));
#19813=DIRECTION('',(0.E0,-1.E0,0.E0));
#19814=DIRECTION('',(-1.E0,0.E0,0.E0));
#19815=AXIS2_PLACEMENT_3D('',#19812,#19813,#19814);
#19816=CYLINDRICAL_SURFACE('',#19815,1.E0);
#19818=ORIENTED_EDGE('',*,*,#19817,.F.);
#19820=ORIENTED_EDGE('',*,*,#19819,.T.);
#19822=ORIENTED_EDGE('',*,*,#19821,.T.);
#19823=ORIENTED_EDGE('',*,*,#16375,.T.);
#19824=ORIENTED_EDGE('',*,*,#11164,.T.);
#19825=EDGE_LOOP('',(#19818,#19820,#19822,#19823,#19824));
#19826=FACE_OUTER_BOUND('',#19825,.F.);
#19828=CARTESIAN_POINT('',(-4.139196201090E1,8.E0,-2.832298821617E1));
#19829=DIRECTION('',(-1.E0,0.E0,0.E0));
#19830=DIRECTION('',(0.E0,0.E0,1.E0));
#19831=AXIS2_PLACEMENT_3D('',#19828,#19829,#19830);
#19832=PLANE('',#19831);
#19834=ORIENTED_EDGE('',*,*,#19833,.F.);
#19836=ORIENTED_EDGE('',*,*,#19835,.F.);
#19837=ORIENTED_EDGE('',*,*,#19817,.T.);
#19838=ORIENTED_EDGE('',*,*,#11162,.F.);
#19839=EDGE_LOOP('',(#19834,#19836,#19837,#19838));
#19840=FACE_OUTER_BOUND('',#19839,.F.);
#19842=CARTESIAN_POINT('',(-4.2E1,1.05E1,-2.724871130596E1));
#19843=DIRECTION('',(-5.E-1,0.E0,-8.660254037844E-1));
#19844=DIRECTION('',(-8.660254037844E-1,0.E0,5.E-1));
#19845=AXIS2_PLACEMENT_3D('',#19842,#19843,#19844);
#19846=PLANE('',#19845);
#19848=ORIENTED_EDGE('',*,*,#19847,.T.);
#19850=ORIENTED_EDGE('',*,*,#19849,.T.);
#19851=ORIENTED_EDGE('',*,*,#19833,.T.);
#19852=ORIENTED_EDGE('',*,*,#11160,.T.);
#19854=ORIENTED_EDGE('',*,*,#19853,.F.);
#19855=ORIENTED_EDGE('',*,*,#10864,.F.);
#19856=EDGE_LOOP('',(#19848,#19850,#19851,#19852,#19854,#19855));
#19857=FACE_OUTER_BOUND('',#19856,.F.);
#19859=CARTESIAN_POINT('',(-3.940192378865E1,1.05E1,-2.574871130596E1));
#19860=DIRECTION('',(5.E-1,0.E0,-8.660254037844E-1));
#19861=DIRECTION('',(-8.660254037844E-1,0.E0,-5.E-1));
#19862=AXIS2_PLACEMENT_3D('',#19859,#19860,#19861);
#19863=PLANE('',#19862);
#19865=ORIENTED_EDGE('',*,*,#19864,.F.);
#19866=ORIENTED_EDGE('',*,*,#19847,.F.);
#19867=ORIENTED_EDGE('',*,*,#10862,.F.);
#19869=ORIENTED_EDGE('',*,*,#19868,.T.);
#19870=EDGE_LOOP('',(#19865,#19866,#19867,#19869));
#19871=FACE_OUTER_BOUND('',#19870,.F.);
#19873=CARTESIAN_POINT('',(0.E0,9.65E0,0.E0));
#19874=DIRECTION('',(0.E0,1.E0,0.E0));
#19875=DIRECTION('',(-1.E0,0.E0,0.E0));
#19876=AXIS2_PLACEMENT_3D('',#19873,#19874,#19875);
#19877=PLANE('',#19876);
#19879=ORIENTED_EDGE('',*,*,#19878,.F.);
#19881=ORIENTED_EDGE('',*,*,#19880,.T.);
#19882=ORIENTED_EDGE('',*,*,#19819,.F.);
#19883=ORIENTED_EDGE('',*,*,#19835,.T.);
#19884=ORIENTED_EDGE('',*,*,#19849,.F.);
#19885=ORIENTED_EDGE('',*,*,#19864,.T.);
#19887=ORIENTED_EDGE('',*,*,#19886,.F.);
#19889=ORIENTED_EDGE('',*,*,#19888,.F.);
#19891=ORIENTED_EDGE('',*,*,#19890,.T.);
#19893=ORIENTED_EDGE('',*,*,#19892,.F.);
#19895=ORIENTED_EDGE('',*,*,#19894,.F.);
#19897=ORIENTED_EDGE('',*,*,#19896,.F.);
#19899=ORIENTED_EDGE('',*,*,#19898,.F.);
#19901=ORIENTED_EDGE('',*,*,#19900,.T.);
#19903=ORIENTED_EDGE('',*,*,#19902,.F.);
#19905=ORIENTED_EDGE('',*,*,#19904,.F.);
#19907=ORIENTED_EDGE('',*,*,#19906,.F.);
#19909=ORIENTED_EDGE('',*,*,#19908,.F.);
#19911=ORIENTED_EDGE('',*,*,#19910,.T.);
#19913=ORIENTED_EDGE('',*,*,#19912,.F.);
#19915=ORIENTED_EDGE('',*,*,#19914,.F.);
#19917=ORIENTED_EDGE('',*,*,#19916,.F.);
#19919=ORIENTED_EDGE('',*,*,#19918,.F.);
#19921=ORIENTED_EDGE('',*,*,#19920,.T.);
#19923=ORIENTED_EDGE('',*,*,#19922,.F.);
#19925=ORIENTED_EDGE('',*,*,#19924,.F.);
#19927=ORIENTED_EDGE('',*,*,#19926,.F.);
#19929=ORIENTED_EDGE('',*,*,#19928,.F.);
#19931=ORIENTED_EDGE('',*,*,#19930,.T.);
#19933=ORIENTED_EDGE('',*,*,#19932,.F.);
#19935=ORIENTED_EDGE('',*,*,#19934,.F.);
#19937=ORIENTED_EDGE('',*,*,#19936,.F.);
#19939=ORIENTED_EDGE('',*,*,#19938,.F.);
#19941=ORIENTED_EDGE('',*,*,#19940,.T.);
#19943=ORIENTED_EDGE('',*,*,#19942,.F.);
#19945=ORIENTED_EDGE('',*,*,#19944,.F.);
#19947=ORIENTED_EDGE('',*,*,#19946,.F.);
#19949=ORIENTED_EDGE('',*,*,#19948,.F.);
#19951=ORIENTED_EDGE('',*,*,#19950,.T.);
#19953=ORIENTED_EDGE('',*,*,#19952,.F.);
#19955=ORIENTED_EDGE('',*,*,#19954,.F.);
#19957=ORIENTED_EDGE('',*,*,#19956,.F.);
#19958=EDGE_LOOP('',(#19879,#19881,#19882,#19883,#19884,#19885,#19887,#19889,
#19891,#19893,#19895,#19897,#19899,#19901,#19903,#19905,#19907,#19909,#19911,
#19913,#19915,#19917,#19919,#19921,#19923,#19925,#19927,#19929,#19931,#19933,
#19935,#19937,#19939,#19941,#19943,#19945,#19947,#19949,#19951,#19953,#19955,
#19957));
#19959=FACE_OUTER_BOUND('',#19958,.F.);
#19961=CARTESIAN_POINT('',(8.598076211353E0,4.069512631758E1,
-2.832298821617E1));
#19962=DIRECTION('',(0.E0,-1.E0,0.E0));
#19963=DIRECTION('',(0.E0,0.E0,-1.E0));
#19964=AXIS2_PLACEMENT_3D('',#19961,#19962,#19963);
#19965=CYLINDRICAL_SURFACE('',#19964,1.E0);
#19967=ORIENTED_EDGE('',*,*,#19966,.F.);
#19968=ORIENTED_EDGE('',*,*,#19878,.T.);
#19970=ORIENTED_EDGE('',*,*,#19969,.T.);
#19971=ORIENTED_EDGE('',*,*,#11080,.T.);
#19972=ORIENTED_EDGE('',*,*,#16379,.T.);
#19973=EDGE_LOOP('',(#19967,#19968,#19970,#19971,#19972));
#19974=FACE_OUTER_BOUND('',#19973,.F.);
#19976=CARTESIAN_POINT('',(8.508037989102E0,8.E0,-2.932298821617E1));
#19977=DIRECTION('',(0.E0,0.E0,-1.E0));
#19978=DIRECTION('',(-1.E0,0.E0,0.E0));
#19979=AXIS2_PLACEMENT_3D('',#19976,#19977,#19978);
#19980=PLANE('',#19979);
#19981=ORIENTED_EDGE('',*,*,#19966,.T.);
#19982=ORIENTED_EDGE('',*,*,#16377,.T.);
#19983=ORIENTED_EDGE('',*,*,#19821,.F.);
#19984=ORIENTED_EDGE('',*,*,#19880,.F.);
#19985=EDGE_LOOP('',(#19981,#19982,#19983,#19984));
#19986=FACE_OUTER_BOUND('',#19985,.F.);
#19988=CARTESIAN_POINT('',(9.598076211353E0,1.05E1,-2.274871130596E1));
#19989=DIRECTION('',(1.E0,0.E0,0.E0));
#19990=DIRECTION('',(0.E0,0.E0,-1.E0));
#19991=AXIS2_PLACEMENT_3D('',#19988,#19989,#19990);
#19992=PLANE('',#19991);
#19993=ORIENTED_EDGE('',*,*,#19969,.F.);
#19994=ORIENTED_EDGE('',*,*,#19956,.T.);
#19996=ORIENTED_EDGE('',*,*,#19995,.F.);
#19997=ORIENTED_EDGE('',*,*,#10412,.F.);
#19999=ORIENTED_EDGE('',*,*,#19998,.T.);
#20000=ORIENTED_EDGE('',*,*,#11082,.T.);
#20001=EDGE_LOOP('',(#19993,#19994,#19996,#19997,#19999,#20000));
#20002=FACE_OUTER_BOUND('',#20001,.F.);
#20004=CARTESIAN_POINT('',(9.598076211353E0,1.05E1,-2.574871130596E1));
#20005=DIRECTION('',(5.E-1,0.E0,-8.660254037844E-1));
#20006=DIRECTION('',(-8.660254037844E-1,0.E0,-5.E-1));
#20007=AXIS2_PLACEMENT_3D('',#20004,#20005,#20006);
#20008=PLANE('',#20007);
#20009=ORIENTED_EDGE('',*,*,#19954,.T.);
#20011=ORIENTED_EDGE('',*,*,#20010,.F.);
#20012=ORIENTED_EDGE('',*,*,#10414,.F.);
#20013=ORIENTED_EDGE('',*,*,#19995,.T.);
#20014=EDGE_LOOP('',(#20009,#20011,#20012,#20013));
#20015=FACE_OUTER_BOUND('',#20014,.F.);
#20017=CARTESIAN_POINT('',(7.E0,1.05E1,-2.724871130596E1));
#20018=DIRECTION('',(-5.E-1,0.E0,-8.660254037844E-1));
#20019=DIRECTION('',(-8.660254037844E-1,0.E0,5.E-1));
#20020=AXIS2_PLACEMENT_3D('',#20017,#20018,#20019);
#20021=PLANE('',#20020);
#20022=ORIENTED_EDGE('',*,*,#10416,.F.);
#20023=ORIENTED_EDGE('',*,*,#20010,.T.);
#20024=ORIENTED_EDGE('',*,*,#19952,.T.);
#20026=ORIENTED_EDGE('',*,*,#20025,.F.);
#20027=EDGE_LOOP('',(#20022,#20023,#20024,#20026));
#20028=FACE_OUTER_BOUND('',#20027,.F.);
#20030=CARTESIAN_POINT('',(4.401923788647E0,1.05E1,-2.574871130596E1));
#20031=DIRECTION('',(-1.E0,0.E0,0.E0));
#20032=DIRECTION('',(0.E0,0.E0,1.E0));
#20033=AXIS2_PLACEMENT_3D('',#20030,#20031,#20032);
#20034=PLANE('',#20033);
#20035=ORIENTED_EDGE('',*,*,#10406,.F.);
#20036=ORIENTED_EDGE('',*,*,#20025,.T.);
#20037=ORIENTED_EDGE('',*,*,#19950,.F.);
#20039=ORIENTED_EDGE('',*,*,#20038,.F.);
#20040=ORIENTED_EDGE('',*,*,#11088,.T.);
#20042=ORIENTED_EDGE('',*,*,#20041,.F.);
#20043=EDGE_LOOP('',(#20035,#20036,#20037,#20039,#20040,#20042));
#20044=FACE_OUTER_BOUND('',#20043,.F.);
#20046=CARTESIAN_POINT('',(-1.594196201090E1,8.825E0,-2.494571873441E1));
#20047=DIRECTION('',(0.E0,-6.038576879955E-1,-7.970921481540E-1));
#20048=DIRECTION('',(0.E0,-7.970921481540E-1,6.038576879955E-1));
#20049=AXIS2_PLACEMENT_3D('',#20046,#20047,#20048);
#20050=PLANE('',#20049);
#20052=ORIENTED_EDGE('',*,*,#20051,.F.);
#20053=ORIENTED_EDGE('',*,*,#11090,.F.);
#20054=ORIENTED_EDGE('',*,*,#20038,.T.);
#20055=ORIENTED_EDGE('',*,*,#19948,.T.);
#20056=EDGE_LOOP('',(#20052,#20053,#20054,#20055));
#20057=FACE_OUTER_BOUND('',#20056,.F.);
#20059=CARTESIAN_POINT('',(-1.594196201090E1,8.825E0,-2.494571873441E1));
#20060=DIRECTION('',(0.E0,-6.038576879955E-1,-7.970921481540E-1));
#20061=DIRECTION('',(0.E0,-7.970921481540E-1,6.038576879955E-1));
#20062=AXIS2_PLACEMENT_3D('',#20059,#20060,#20061);
#20063=PLANE('',#20062);
#20065=ORIENTED_EDGE('',*,*,#20064,.F.);
#20066=ORIENTED_EDGE('',*,*,#11100,.F.);
#20068=ORIENTED_EDGE('',*,*,#20067,.T.);
#20069=ORIENTED_EDGE('',*,*,#19938,.T.);
#20070=EDGE_LOOP('',(#20065,#20066,#20068,#20069));
#20071=FACE_OUTER_BOUND('',#20070,.F.);
#20073=CARTESIAN_POINT('',(-1.594196201090E1,8.825E0,-2.494571873441E1));
#20074=DIRECTION('',(0.E0,-6.038576879955E-1,-7.970921481540E-1));
#20075=DIRECTION('',(0.E0,-7.970921481540E-1,6.038576879955E-1));
#20076=AXIS2_PLACEMENT_3D('',#20073,#20074,#20075);
#20077=PLANE('',#20076);
#20079=ORIENTED_EDGE('',*,*,#20078,.F.);
#20080=ORIENTED_EDGE('',*,*,#11110,.F.);
#20082=ORIENTED_EDGE('',*,*,#20081,.T.);
#20083=ORIENTED_EDGE('',*,*,#19928,.T.);
#20084=EDGE_LOOP('',(#20079,#20080,#20082,#20083));
#20085=FACE_OUTER_BOUND('',#20084,.F.);
#20087=CARTESIAN_POINT('',(-1.594196201090E1,8.825E0,-2.494571873441E1));
#20088=DIRECTION('',(0.E0,-6.038576879955E-1,-7.970921481540E-1));
#20089=DIRECTION('',(0.E0,-7.970921481540E-1,6.038576879955E-1));
#20090=AXIS2_PLACEMENT_3D('',#20087,#20088,#20089);
#20091=PLANE('',#20090);
#20093=ORIENTED_EDGE('',*,*,#20092,.F.);
#20094=ORIENTED_EDGE('',*,*,#11120,.F.);
#20096=ORIENTED_EDGE('',*,*,#20095,.T.);
#20097=ORIENTED_EDGE('',*,*,#19918,.T.);
#20098=EDGE_LOOP('',(#20093,#20094,#20096,#20097));
#20099=FACE_OUTER_BOUND('',#20098,.F.);
#20101=CARTESIAN_POINT('',(-1.594196201090E1,8.825E0,-2.494571873441E1));
#20102=DIRECTION('',(0.E0,-6.038576879955E-1,-7.970921481540E-1));
#20103=DIRECTION('',(0.E0,-7.970921481540E-1,6.038576879955E-1));
#20104=AXIS2_PLACEMENT_3D('',#20101,#20102,#20103);
#20105=PLANE('',#20104);
#20107=ORIENTED_EDGE('',*,*,#20106,.F.);
#20108=ORIENTED_EDGE('',*,*,#11130,.F.);
#20110=ORIENTED_EDGE('',*,*,#20109,.T.);
#20111=ORIENTED_EDGE('',*,*,#19908,.T.);
#20112=EDGE_LOOP('',(#20107,#20108,#20110,#20111));
#20113=FACE_OUTER_BOUND('',#20112,.F.);
#20115=CARTESIAN_POINT('',(-1.594196201090E1,8.825E0,-2.494571873441E1));
#20116=DIRECTION('',(0.E0,-6.038576879955E-1,-7.970921481540E-1));
#20117=DIRECTION('',(0.E0,-7.970921481540E-1,6.038576879955E-1));
#20118=AXIS2_PLACEMENT_3D('',#20115,#20116,#20117);
#20119=PLANE('',#20118);
#20121=ORIENTED_EDGE('',*,*,#20120,.F.);
#20122=ORIENTED_EDGE('',*,*,#11140,.F.);
#20124=ORIENTED_EDGE('',*,*,#20123,.T.);
#20125=ORIENTED_EDGE('',*,*,#19898,.T.);
#20126=EDGE_LOOP('',(#20121,#20122,#20124,#20125));
#20127=FACE_OUTER_BOUND('',#20126,.F.);
#20129=CARTESIAN_POINT('',(-1.594196201090E1,8.825E0,-2.494571873441E1));
#20130=DIRECTION('',(0.E0,-6.038576879955E-1,-7.970921481540E-1));
#20131=DIRECTION('',(0.E0,-7.970921481540E-1,6.038576879955E-1));
#20132=AXIS2_PLACEMENT_3D('',#20129,#20130,#20131);
#20133=PLANE('',#20132);
#20135=ORIENTED_EDGE('',*,*,#20134,.F.);
#20136=ORIENTED_EDGE('',*,*,#11150,.F.);
#20138=ORIENTED_EDGE('',*,*,#20137,.T.);
#20139=ORIENTED_EDGE('',*,*,#19888,.T.);
#20140=EDGE_LOOP('',(#20135,#20136,#20138,#20139));
#20141=FACE_OUTER_BOUND('',#20140,.F.);
#20143=CARTESIAN_POINT('',(2.598076211353E0,1.05E1,-2.274871130596E1));
#20144=DIRECTION('',(1.E0,0.E0,0.E0));
#20145=DIRECTION('',(0.E0,0.E0,-1.E0));
#20146=AXIS2_PLACEMENT_3D('',#20143,#20144,#20145);
#20147=PLANE('',#20146);
#20148=ORIENTED_EDGE('',*,*,#10426,.F.);
#20150=ORIENTED_EDGE('',*,*,#20149,.T.);
#20151=ORIENTED_EDGE('',*,*,#11092,.T.);
#20152=ORIENTED_EDGE('',*,*,#20051,.T.);
#20153=ORIENTED_EDGE('',*,*,#19946,.T.);
#20155=ORIENTED_EDGE('',*,*,#20154,.F.);
#20156=EDGE_LOOP('',(#20148,#20150,#20151,#20152,#20153,#20155));
#20157=FACE_OUTER_BOUND('',#20156,.F.);
#20159=CARTESIAN_POINT('',(0.E0,1.05E1,-2.124871130596E1));
#20160=DIRECTION('',(5.E-1,0.E0,8.660254037844E-1));
#20161=DIRECTION('',(8.660254037844E-1,0.E0,-5.E-1));
#20162=AXIS2_PLACEMENT_3D('',#20159,#20160,#20161);
#20163=PLANE('',#20162);
#20164=ORIENTED_EDGE('',*,*,#10424,.F.);
#20166=ORIENTED_EDGE('',*,*,#20165,.T.);
#20167=ORIENTED_EDGE('',*,*,#11094,.T.);
#20168=ORIENTED_EDGE('',*,*,#20149,.F.);
#20169=EDGE_LOOP('',(#20164,#20166,#20167,#20168));
#20170=FACE_OUTER_BOUND('',#20169,.F.);
#20172=CARTESIAN_POINT('',(-2.598076211353E0,1.05E1,-2.274871130596E1));
#20173=DIRECTION('',(-5.E-1,0.E0,8.660254037844E-1));
#20174=DIRECTION('',(8.660254037844E-1,0.E0,5.E-1));
#20175=AXIS2_PLACEMENT_3D('',#20172,#20173,#20174);
#20176=PLANE('',#20175);
#20177=ORIENTED_EDGE('',*,*,#10422,.F.);
#20179=ORIENTED_EDGE('',*,*,#20178,.T.);
#20180=ORIENTED_EDGE('',*,*,#11096,.T.);
#20181=ORIENTED_EDGE('',*,*,#20165,.F.);
#20182=EDGE_LOOP('',(#20177,#20179,#20180,#20181));
#20183=FACE_OUTER_BOUND('',#20182,.F.);
#20185=CARTESIAN_POINT('',(-2.598076211353E0,1.05E1,-2.574871130596E1));
#20186=DIRECTION('',(-1.E0,0.E0,0.E0));
#20187=DIRECTION('',(0.E0,0.E0,1.E0));
#20188=AXIS2_PLACEMENT_3D('',#20185,#20186,#20187);
#20189=PLANE('',#20188);
#20190=ORIENTED_EDGE('',*,*,#10420,.F.);
#20192=ORIENTED_EDGE('',*,*,#20191,.T.);
#20193=ORIENTED_EDGE('',*,*,#19940,.F.);
#20194=ORIENTED_EDGE('',*,*,#20067,.F.);
#20195=ORIENTED_EDGE('',*,*,#11098,.T.);
#20196=ORIENTED_EDGE('',*,*,#20178,.F.);
#20197=EDGE_LOOP('',(#20190,#20192,#20193,#20194,#20195,#20196));
#20198=FACE_OUTER_BOUND('',#20197,.F.);
#20200=CARTESIAN_POINT('',(0.E0,1.05E1,-2.724871130596E1));
#20201=DIRECTION('',(-5.E-1,0.E0,-8.660254037844E-1));
#20202=DIRECTION('',(-8.660254037844E-1,0.E0,5.E-1));
#20203=AXIS2_PLACEMENT_3D('',#20200,#20201,#20202);
#20204=PLANE('',#20203);
#20205=ORIENTED_EDGE('',*,*,#10430,.F.);
#20207=ORIENTED_EDGE('',*,*,#20206,.T.);
#20208=ORIENTED_EDGE('',*,*,#19942,.T.);
#20209=ORIENTED_EDGE('',*,*,#20191,.F.);
#20210=EDGE_LOOP('',(#20205,#20207,#20208,#20209));
#20211=FACE_OUTER_BOUND('',#20210,.F.);
#20213=CARTESIAN_POINT('',(2.598076211353E0,1.05E1,-2.574871130596E1));
#20214=DIRECTION('',(5.E-1,0.E0,-8.660254037844E-1));
#20215=DIRECTION('',(-8.660254037844E-1,0.E0,-5.E-1));
#20216=AXIS2_PLACEMENT_3D('',#20213,#20214,#20215);
#20217=PLANE('',#20216);
#20218=ORIENTED_EDGE('',*,*,#10428,.F.);
#20219=ORIENTED_EDGE('',*,*,#20154,.T.);
#20220=ORIENTED_EDGE('',*,*,#19944,.T.);
#20221=ORIENTED_EDGE('',*,*,#20206,.F.);
#20222=EDGE_LOOP('',(#20218,#20219,#20220,#20221));
#20223=FACE_OUTER_BOUND('',#20222,.F.);
#20225=CARTESIAN_POINT('',(-4.401923788647E0,1.05E1,-2.274871130596E1));
#20226=DIRECTION('',(1.E0,0.E0,0.E0));
#20227=DIRECTION('',(0.E0,0.E0,-1.E0));
#20228=AXIS2_PLACEMENT_3D('',#20225,#20226,#20227);
#20229=PLANE('',#20228);
#20230=ORIENTED_EDGE('',*,*,#10440,.F.);
#20232=ORIENTED_EDGE('',*,*,#20231,.T.);
#20233=ORIENTED_EDGE('',*,*,#11102,.T.);
#20234=ORIENTED_EDGE('',*,*,#20064,.T.);
#20235=ORIENTED_EDGE('',*,*,#19936,.T.);
#20237=ORIENTED_EDGE('',*,*,#20236,.F.);
#20238=EDGE_LOOP('',(#20230,#20232,#20233,#20234,#20235,#20237));
#20239=FACE_OUTER_BOUND('',#20238,.F.);
#20241=CARTESIAN_POINT('',(-7.E0,1.05E1,-2.124871130596E1));
#20242=DIRECTION('',(5.E-1,0.E0,8.660254037844E-1));
#20243=DIRECTION('',(8.660254037844E-1,0.E0,-5.E-1));
#20244=AXIS2_PLACEMENT_3D('',#20241,#20242,#20243);
#20245=PLANE('',#20244);
#20246=ORIENTED_EDGE('',*,*,#10438,.F.);
#20248=ORIENTED_EDGE('',*,*,#20247,.T.);
#20249=ORIENTED_EDGE('',*,*,#11104,.T.);
#20250=ORIENTED_EDGE('',*,*,#20231,.F.);
#20251=EDGE_LOOP('',(#20246,#20248,#20249,#20250));
#20252=FACE_OUTER_BOUND('',#20251,.F.);
#20254=CARTESIAN_POINT('',(-9.598076211353E0,1.05E1,-2.274871130596E1));
#20255=DIRECTION('',(-5.E-1,0.E0,8.660254037844E-1));
#20256=DIRECTION('',(8.660254037844E-1,0.E0,5.E-1));
#20257=AXIS2_PLACEMENT_3D('',#20254,#20255,#20256);
#20258=PLANE('',#20257);
#20259=ORIENTED_EDGE('',*,*,#10436,.F.);
#20261=ORIENTED_EDGE('',*,*,#20260,.T.);
#20262=ORIENTED_EDGE('',*,*,#11106,.T.);
#20263=ORIENTED_EDGE('',*,*,#20247,.F.);
#20264=EDGE_LOOP('',(#20259,#20261,#20262,#20263));
#20265=FACE_OUTER_BOUND('',#20264,.F.);
#20267=CARTESIAN_POINT('',(-9.598076211353E0,1.05E1,-2.574871130596E1));
#20268=DIRECTION('',(-1.E0,0.E0,0.E0));
#20269=DIRECTION('',(0.E0,0.E0,1.E0));
#20270=AXIS2_PLACEMENT_3D('',#20267,#20268,#20269);
#20271=PLANE('',#20270);
#20272=ORIENTED_EDGE('',*,*,#10434,.F.);
#20274=ORIENTED_EDGE('',*,*,#20273,.T.);
#20275=ORIENTED_EDGE('',*,*,#19930,.F.);
#20276=ORIENTED_EDGE('',*,*,#20081,.F.);
#20277=ORIENTED_EDGE('',*,*,#11108,.T.);
#20278=ORIENTED_EDGE('',*,*,#20260,.F.);
#20279=EDGE_LOOP('',(#20272,#20274,#20275,#20276,#20277,#20278));
#20280=FACE_OUTER_BOUND('',#20279,.F.);
#20282=CARTESIAN_POINT('',(-7.E0,1.05E1,-2.724871130596E1));
#20283=DIRECTION('',(-5.E-1,0.E0,-8.660254037844E-1));
#20284=DIRECTION('',(-8.660254037844E-1,0.E0,5.E-1));
#20285=AXIS2_PLACEMENT_3D('',#20282,#20283,#20284);
#20286=PLANE('',#20285);
#20287=ORIENTED_EDGE('',*,*,#10444,.F.);
#20289=ORIENTED_EDGE('',*,*,#20288,.T.);
#20290=ORIENTED_EDGE('',*,*,#19932,.T.);
#20291=ORIENTED_EDGE('',*,*,#20273,.F.);
#20292=EDGE_LOOP('',(#20287,#20289,#20290,#20291));
#20293=FACE_OUTER_BOUND('',#20292,.F.);
#20295=CARTESIAN_POINT('',(-4.401923788647E0,1.05E1,-2.574871130596E1));
#20296=DIRECTION('',(5.E-1,0.E0,-8.660254037844E-1));
#20297=DIRECTION('',(-8.660254037844E-1,0.E0,-5.E-1));
#20298=AXIS2_PLACEMENT_3D('',#20295,#20296,#20297);
#20299=PLANE('',#20298);
#20300=ORIENTED_EDGE('',*,*,#10442,.F.);
#20301=ORIENTED_EDGE('',*,*,#20236,.T.);
#20302=ORIENTED_EDGE('',*,*,#19934,.T.);
#20303=ORIENTED_EDGE('',*,*,#20288,.F.);
#20304=EDGE_LOOP('',(#20300,#20301,#20302,#20303));
#20305=FACE_OUTER_BOUND('',#20304,.F.);
#20307=CARTESIAN_POINT('',(-1.140192378865E1,1.05E1,-2.274871130596E1));
#20308=DIRECTION('',(1.E0,0.E0,0.E0));
#20309=DIRECTION('',(0.E0,0.E0,-1.E0));
#20310=AXIS2_PLACEMENT_3D('',#20307,#20308,#20309);
#20311=PLANE('',#20310);
#20312=ORIENTED_EDGE('',*,*,#10454,.F.);
#20314=ORIENTED_EDGE('',*,*,#20313,.T.);
#20315=ORIENTED_EDGE('',*,*,#11112,.T.);
#20316=ORIENTED_EDGE('',*,*,#20078,.T.);
#20317=ORIENTED_EDGE('',*,*,#19926,.T.);
#20319=ORIENTED_EDGE('',*,*,#20318,.F.);
#20320=EDGE_LOOP('',(#20312,#20314,#20315,#20316,#20317,#20319));
#20321=FACE_OUTER_BOUND('',#20320,.F.);
#20323=CARTESIAN_POINT('',(-1.4E1,1.05E1,-2.124871130596E1));
#20324=DIRECTION('',(5.E-1,0.E0,8.660254037844E-1));
#20325=DIRECTION('',(8.660254037844E-1,0.E0,-5.E-1));
#20326=AXIS2_PLACEMENT_3D('',#20323,#20324,#20325);
#20327=PLANE('',#20326);
#20328=ORIENTED_EDGE('',*,*,#10452,.F.);
#20330=ORIENTED_EDGE('',*,*,#20329,.T.);
#20331=ORIENTED_EDGE('',*,*,#11114,.T.);
#20332=ORIENTED_EDGE('',*,*,#20313,.F.);
#20333=EDGE_LOOP('',(#20328,#20330,#20331,#20332));
#20334=FACE_OUTER_BOUND('',#20333,.F.);
#20336=CARTESIAN_POINT('',(-1.659807621135E1,1.05E1,-2.274871130596E1));
#20337=DIRECTION('',(-5.E-1,0.E0,8.660254037844E-1));
#20338=DIRECTION('',(8.660254037844E-1,0.E0,5.E-1));
#20339=AXIS2_PLACEMENT_3D('',#20336,#20337,#20338);
#20340=PLANE('',#20339);
#20341=ORIENTED_EDGE('',*,*,#10450,.F.);
#20343=ORIENTED_EDGE('',*,*,#20342,.T.);
#20344=ORIENTED_EDGE('',*,*,#11116,.T.);
#20345=ORIENTED_EDGE('',*,*,#20329,.F.);
#20346=EDGE_LOOP('',(#20341,#20343,#20344,#20345));
#20347=FACE_OUTER_BOUND('',#20346,.F.);
#20349=CARTESIAN_POINT('',(-1.659807621135E1,1.05E1,-2.574871130596E1));
#20350=DIRECTION('',(-1.E0,0.E0,0.E0));
#20351=DIRECTION('',(0.E0,0.E0,1.E0));
#20352=AXIS2_PLACEMENT_3D('',#20349,#20350,#20351);
#20353=PLANE('',#20352);
#20354=ORIENTED_EDGE('',*,*,#10448,.F.);
#20356=ORIENTED_EDGE('',*,*,#20355,.T.);
#20357=ORIENTED_EDGE('',*,*,#19920,.F.);
#20358=ORIENTED_EDGE('',*,*,#20095,.F.);
#20359=ORIENTED_EDGE('',*,*,#11118,.T.);
#20360=ORIENTED_EDGE('',*,*,#20342,.F.);
#20361=EDGE_LOOP('',(#20354,#20356,#20357,#20358,#20359,#20360));
#20362=FACE_OUTER_BOUND('',#20361,.F.);
#20364=CARTESIAN_POINT('',(-1.4E1,1.05E1,-2.724871130596E1));
#20365=DIRECTION('',(-5.E-1,0.E0,-8.660254037844E-1));
#20366=DIRECTION('',(-8.660254037844E-1,0.E0,5.E-1));
#20367=AXIS2_PLACEMENT_3D('',#20364,#20365,#20366);
#20368=PLANE('',#20367);
#20369=ORIENTED_EDGE('',*,*,#10458,.F.);
#20371=ORIENTED_EDGE('',*,*,#20370,.T.);
#20372=ORIENTED_EDGE('',*,*,#19922,.T.);
#20373=ORIENTED_EDGE('',*,*,#20355,.F.);
#20374=EDGE_LOOP('',(#20369,#20371,#20372,#20373));
#20375=FACE_OUTER_BOUND('',#20374,.F.);
#20377=CARTESIAN_POINT('',(-1.140192378865E1,1.05E1,-2.574871130596E1));
#20378=DIRECTION('',(5.E-1,0.E0,-8.660254037844E-1));
#20379=DIRECTION('',(-8.660254037844E-1,0.E0,-5.E-1));
#20380=AXIS2_PLACEMENT_3D('',#20377,#20378,#20379);
#20381=PLANE('',#20380);
#20382=ORIENTED_EDGE('',*,*,#10456,.F.);
#20383=ORIENTED_EDGE('',*,*,#20318,.T.);
#20384=ORIENTED_EDGE('',*,*,#19924,.T.);
#20385=ORIENTED_EDGE('',*,*,#20370,.F.);
#20386=EDGE_LOOP('',(#20382,#20383,#20384,#20385));
#20387=FACE_OUTER_BOUND('',#20386,.F.);
#20389=CARTESIAN_POINT('',(-1.840192378865E1,1.05E1,-2.274871130596E1));
#20390=DIRECTION('',(1.E0,0.E0,0.E0));
#20391=DIRECTION('',(0.E0,0.E0,-1.E0));
#20392=AXIS2_PLACEMENT_3D('',#20389,#20390,#20391);
#20393=PLANE('',#20392);
#20394=ORIENTED_EDGE('',*,*,#10566,.F.);
#20396=ORIENTED_EDGE('',*,*,#20395,.T.);
#20397=ORIENTED_EDGE('',*,*,#11122,.T.);
#20398=ORIENTED_EDGE('',*,*,#20092,.T.);
#20399=ORIENTED_EDGE('',*,*,#19916,.T.);
#20401=ORIENTED_EDGE('',*,*,#20400,.F.);
#20402=EDGE_LOOP('',(#20394,#20396,#20397,#20398,#20399,#20401));
#20403=FACE_OUTER_BOUND('',#20402,.F.);
#20405=CARTESIAN_POINT('',(-2.1E1,1.05E1,-2.124871130596E1));
#20406=DIRECTION('',(5.E-1,0.E0,8.660254037844E-1));
#20407=DIRECTION('',(8.660254037844E-1,0.E0,-5.E-1));
#20408=AXIS2_PLACEMENT_3D('',#20405,#20406,#20407);
#20409=PLANE('',#20408);
#20410=ORIENTED_EDGE('',*,*,#10564,.F.);
#20412=ORIENTED_EDGE('',*,*,#20411,.T.);
#20413=ORIENTED_EDGE('',*,*,#11124,.T.);
#20414=ORIENTED_EDGE('',*,*,#20395,.F.);
#20415=EDGE_LOOP('',(#20410,#20412,#20413,#20414));
#20416=FACE_OUTER_BOUND('',#20415,.F.);
#20418=CARTESIAN_POINT('',(-2.359807621135E1,1.05E1,-2.274871130596E1));
#20419=DIRECTION('',(-5.E-1,0.E0,8.660254037844E-1));
#20420=DIRECTION('',(8.660254037844E-1,0.E0,5.E-1));
#20421=AXIS2_PLACEMENT_3D('',#20418,#20419,#20420);
#20422=PLANE('',#20421);
#20423=ORIENTED_EDGE('',*,*,#10562,.F.);
#20425=ORIENTED_EDGE('',*,*,#20424,.T.);
#20426=ORIENTED_EDGE('',*,*,#11126,.T.);
#20427=ORIENTED_EDGE('',*,*,#20411,.F.);
#20428=EDGE_LOOP('',(#20423,#20425,#20426,#20427));
#20429=FACE_OUTER_BOUND('',#20428,.F.);
#20431=CARTESIAN_POINT('',(-2.359807621135E1,1.05E1,-2.574871130596E1));
#20432=DIRECTION('',(-1.E0,0.E0,0.E0));
#20433=DIRECTION('',(0.E0,0.E0,1.E0));
#20434=AXIS2_PLACEMENT_3D('',#20431,#20432,#20433);
#20435=PLANE('',#20434);
#20436=ORIENTED_EDGE('',*,*,#10560,.F.);
#20438=ORIENTED_EDGE('',*,*,#20437,.T.);
#20439=ORIENTED_EDGE('',*,*,#19910,.F.);
#20440=ORIENTED_EDGE('',*,*,#20109,.F.);
#20441=ORIENTED_EDGE('',*,*,#11128,.T.);
#20442=ORIENTED_EDGE('',*,*,#20424,.F.);
#20443=EDGE_LOOP('',(#20436,#20438,#20439,#20440,#20441,#20442));
#20444=FACE_OUTER_BOUND('',#20443,.F.);
#20446=CARTESIAN_POINT('',(-2.1E1,1.05E1,-2.724871130596E1));
#20447=DIRECTION('',(-5.E-1,0.E0,-8.660254037844E-1));
#20448=DIRECTION('',(-8.660254037844E-1,0.E0,5.E-1));
#20449=AXIS2_PLACEMENT_3D('',#20446,#20447,#20448);
#20450=PLANE('',#20449);
#20451=ORIENTED_EDGE('',*,*,#10570,.F.);
#20453=ORIENTED_EDGE('',*,*,#20452,.T.);
#20454=ORIENTED_EDGE('',*,*,#19912,.T.);
#20455=ORIENTED_EDGE('',*,*,#20437,.F.);
#20456=EDGE_LOOP('',(#20451,#20453,#20454,#20455));
#20457=FACE_OUTER_BOUND('',#20456,.F.);
#20459=CARTESIAN_POINT('',(-1.840192378865E1,1.05E1,-2.574871130596E1));
#20460=DIRECTION('',(5.E-1,0.E0,-8.660254037844E-1));
#20461=DIRECTION('',(-8.660254037844E-1,0.E0,-5.E-1));
#20462=AXIS2_PLACEMENT_3D('',#20459,#20460,#20461);
#20463=PLANE('',#20462);
#20464=ORIENTED_EDGE('',*,*,#10568,.F.);
#20465=ORIENTED_EDGE('',*,*,#20400,.T.);
#20466=ORIENTED_EDGE('',*,*,#19914,.T.);
#20467=ORIENTED_EDGE('',*,*,#20452,.F.);
#20468=EDGE_LOOP('',(#20464,#20465,#20466,#20467));
#20469=FACE_OUTER_BOUND('',#20468,.F.);
#20471=CARTESIAN_POINT('',(-2.540192378865E1,1.05E1,-2.274871130596E1));
#20472=DIRECTION('',(1.E0,0.E0,0.E0));
#20473=DIRECTION('',(0.E0,0.E0,-1.E0));
#20474=AXIS2_PLACEMENT_3D('',#20471,#20472,#20473);
#20475=PLANE('',#20474);
#20476=ORIENTED_EDGE('',*,*,#10678,.F.);
#20478=ORIENTED_EDGE('',*,*,#20477,.T.);
#20479=ORIENTED_EDGE('',*,*,#11132,.T.);
#20480=ORIENTED_EDGE('',*,*,#20106,.T.);
#20481=ORIENTED_EDGE('',*,*,#19906,.T.);
#20483=ORIENTED_EDGE('',*,*,#20482,.F.);
#20484=EDGE_LOOP('',(#20476,#20478,#20479,#20480,#20481,#20483));
#20485=FACE_OUTER_BOUND('',#20484,.F.);
#20487=CARTESIAN_POINT('',(-2.8E1,1.05E1,-2.124871130596E1));
#20488=DIRECTION('',(5.E-1,0.E0,8.660254037844E-1));
#20489=DIRECTION('',(8.660254037844E-1,0.E0,-5.E-1));
#20490=AXIS2_PLACEMENT_3D('',#20487,#20488,#20489);
#20491=PLANE('',#20490);
#20492=ORIENTED_EDGE('',*,*,#10676,.F.);
#20494=ORIENTED_EDGE('',*,*,#20493,.T.);
#20495=ORIENTED_EDGE('',*,*,#11134,.T.);
#20496=ORIENTED_EDGE('',*,*,#20477,.F.);
#20497=EDGE_LOOP('',(#20492,#20494,#20495,#20496));
#20498=FACE_OUTER_BOUND('',#20497,.F.);
#20500=CARTESIAN_POINT('',(-3.059807621135E1,1.05E1,-2.274871130596E1));
#20501=DIRECTION('',(-5.E-1,0.E0,8.660254037844E-1));
#20502=DIRECTION('',(8.660254037844E-1,0.E0,5.E-1));
#20503=AXIS2_PLACEMENT_3D('',#20500,#20501,#20502);
#20504=PLANE('',#20503);
#20505=ORIENTED_EDGE('',*,*,#10674,.F.);
#20507=ORIENTED_EDGE('',*,*,#20506,.T.);
#20508=ORIENTED_EDGE('',*,*,#11136,.T.);
#20509=ORIENTED_EDGE('',*,*,#20493,.F.);
#20510=EDGE_LOOP('',(#20505,#20507,#20508,#20509));
#20511=FACE_OUTER_BOUND('',#20510,.F.);
#20513=CARTESIAN_POINT('',(-3.059807621135E1,1.05E1,-2.574871130596E1));
#20514=DIRECTION('',(-1.E0,0.E0,0.E0));
#20515=DIRECTION('',(0.E0,0.E0,1.E0));
#20516=AXIS2_PLACEMENT_3D('',#20513,#20514,#20515);
#20517=PLANE('',#20516);
#20518=ORIENTED_EDGE('',*,*,#10672,.F.);
#20520=ORIENTED_EDGE('',*,*,#20519,.T.);
#20521=ORIENTED_EDGE('',*,*,#19900,.F.);
#20522=ORIENTED_EDGE('',*,*,#20123,.F.);
#20523=ORIENTED_EDGE('',*,*,#11138,.T.);
#20524=ORIENTED_EDGE('',*,*,#20506,.F.);
#20525=EDGE_LOOP('',(#20518,#20520,#20521,#20522,#20523,#20524));
#20526=FACE_OUTER_BOUND('',#20525,.F.);
#20528=CARTESIAN_POINT('',(-2.8E1,1.05E1,-2.724871130596E1));
#20529=DIRECTION('',(-5.E-1,0.E0,-8.660254037844E-1));
#20530=DIRECTION('',(-8.660254037844E-1,0.E0,5.E-1));
#20531=AXIS2_PLACEMENT_3D('',#20528,#20529,#20530);
#20532=PLANE('',#20531);
#20533=ORIENTED_EDGE('',*,*,#10682,.F.);
#20535=ORIENTED_EDGE('',*,*,#20534,.T.);
#20536=ORIENTED_EDGE('',*,*,#19902,.T.);
#20537=ORIENTED_EDGE('',*,*,#20519,.F.);
#20538=EDGE_LOOP('',(#20533,#20535,#20536,#20537));
#20539=FACE_OUTER_BOUND('',#20538,.F.);
#20541=CARTESIAN_POINT('',(-2.540192378865E1,1.05E1,-2.574871130596E1));
#20542=DIRECTION('',(5.E-1,0.E0,-8.660254037844E-1));
#20543=DIRECTION('',(-8.660254037844E-1,0.E0,-5.E-1));
#20544=AXIS2_PLACEMENT_3D('',#20541,#20542,#20543);
#20545=PLANE('',#20544);
#20546=ORIENTED_EDGE('',*,*,#10680,.F.);
#20547=ORIENTED_EDGE('',*,*,#20482,.T.);
#20548=ORIENTED_EDGE('',*,*,#19904,.T.);
#20549=ORIENTED_EDGE('',*,*,#20534,.F.);
#20550=EDGE_LOOP('',(#20546,#20547,#20548,#20549));
#20551=FACE_OUTER_BOUND('',#20550,.F.);
#20553=CARTESIAN_POINT('',(-3.240192378865E1,1.05E1,-2.274871130596E1));
#20554=DIRECTION('',(1.E0,0.E0,0.E0));
#20555=DIRECTION('',(0.E0,0.E0,-1.E0));
#20556=AXIS2_PLACEMENT_3D('',#20553,#20554,#20555);
#20557=PLANE('',#20556);
#20558=ORIENTED_EDGE('',*,*,#10790,.F.);
#20560=ORIENTED_EDGE('',*,*,#20559,.T.);
#20561=ORIENTED_EDGE('',*,*,#11142,.T.);
#20562=ORIENTED_EDGE('',*,*,#20120,.T.);
#20563=ORIENTED_EDGE('',*,*,#19896,.T.);
#20565=ORIENTED_EDGE('',*,*,#20564,.F.);
#20566=EDGE_LOOP('',(#20558,#20560,#20561,#20562,#20563,#20565));
#20567=FACE_OUTER_BOUND('',#20566,.F.);
#20569=CARTESIAN_POINT('',(-3.5E1,1.05E1,-2.124871130596E1));
#20570=DIRECTION('',(5.E-1,0.E0,8.660254037844E-1));
#20571=DIRECTION('',(8.660254037844E-1,0.E0,-5.E-1));
#20572=AXIS2_PLACEMENT_3D('',#20569,#20570,#20571);
#20573=PLANE('',#20572);
#20574=ORIENTED_EDGE('',*,*,#10788,.F.);
#20576=ORIENTED_EDGE('',*,*,#20575,.T.);
#20577=ORIENTED_EDGE('',*,*,#11144,.T.);
#20578=ORIENTED_EDGE('',*,*,#20559,.F.);
#20579=EDGE_LOOP('',(#20574,#20576,#20577,#20578));
#20580=FACE_OUTER_BOUND('',#20579,.F.);
#20582=CARTESIAN_POINT('',(-3.759807621135E1,1.05E1,-2.274871130596E1));
#20583=DIRECTION('',(-5.E-1,0.E0,8.660254037844E-1));
#20584=DIRECTION('',(8.660254037844E-1,0.E0,5.E-1));
#20585=AXIS2_PLACEMENT_3D('',#20582,#20583,#20584);
#20586=PLANE('',#20585);
#20587=ORIENTED_EDGE('',*,*,#10786,.F.);
#20589=ORIENTED_EDGE('',*,*,#20588,.T.);
#20590=ORIENTED_EDGE('',*,*,#11146,.T.);
#20591=ORIENTED_EDGE('',*,*,#20575,.F.);
#20592=EDGE_LOOP('',(#20587,#20589,#20590,#20591));
#20593=FACE_OUTER_BOUND('',#20592,.F.);
#20595=CARTESIAN_POINT('',(-3.759807621135E1,1.05E1,-2.574871130596E1));
#20596=DIRECTION('',(-1.E0,0.E0,0.E0));
#20597=DIRECTION('',(0.E0,0.E0,1.E0));
#20598=AXIS2_PLACEMENT_3D('',#20595,#20596,#20597);
#20599=PLANE('',#20598);
#20600=ORIENTED_EDGE('',*,*,#10784,.F.);
#20602=ORIENTED_EDGE('',*,*,#20601,.T.);
#20603=ORIENTED_EDGE('',*,*,#19890,.F.);
#20604=ORIENTED_EDGE('',*,*,#20137,.F.);
#20605=ORIENTED_EDGE('',*,*,#11148,.T.);
#20606=ORIENTED_EDGE('',*,*,#20588,.F.);
#20607=EDGE_LOOP('',(#20600,#20602,#20603,#20604,#20605,#20606));
#20608=FACE_OUTER_BOUND('',#20607,.F.);
#20610=CARTESIAN_POINT('',(-3.5E1,1.05E1,-2.724871130596E1));
#20611=DIRECTION('',(-5.E-1,0.E0,-8.660254037844E-1));
#20612=DIRECTION('',(-8.660254037844E-1,0.E0,5.E-1));
#20613=AXIS2_PLACEMENT_3D('',#20610,#20611,#20612);
#20614=PLANE('',#20613);
#20615=ORIENTED_EDGE('',*,*,#10794,.F.);
#20617=ORIENTED_EDGE('',*,*,#20616,.T.);
#20618=ORIENTED_EDGE('',*,*,#19892,.T.);
#20619=ORIENTED_EDGE('',*,*,#20601,.F.);
#20620=EDGE_LOOP('',(#20615,#20617,#20618,#20619));
#20621=FACE_OUTER_BOUND('',#20620,.F.);
#20623=CARTESIAN_POINT('',(-3.240192378865E1,1.05E1,-2.574871130596E1));
#20624=DIRECTION('',(5.E-1,0.E0,-8.660254037844E-1));
#20625=DIRECTION('',(-8.660254037844E-1,0.E0,-5.E-1));
#20626=AXIS2_PLACEMENT_3D('',#20623,#20624,#20625);
#20627=PLANE('',#20626);
#20628=ORIENTED_EDGE('',*,*,#10792,.F.);
#20629=ORIENTED_EDGE('',*,*,#20564,.T.);
#20630=ORIENTED_EDGE('',*,*,#19894,.T.);
#20631=ORIENTED_EDGE('',*,*,#20616,.F.);
#20632=EDGE_LOOP('',(#20628,#20629,#20630,#20631));
#20633=FACE_OUTER_BOUND('',#20632,.F.);
#20635=CARTESIAN_POINT('',(-3.940192378865E1,1.05E1,-2.274871130596E1));
#20636=DIRECTION('',(1.E0,0.E0,0.E0));
#20637=DIRECTION('',(0.E0,0.E0,-1.E0));
#20638=AXIS2_PLACEMENT_3D('',#20635,#20636,#20637);
#20639=PLANE('',#20638);
#20640=ORIENTED_EDGE('',*,*,#10860,.F.);
#20642=ORIENTED_EDGE('',*,*,#20641,.T.);
#20643=ORIENTED_EDGE('',*,*,#11152,.T.);
#20644=ORIENTED_EDGE('',*,*,#20134,.T.);
#20645=ORIENTED_EDGE('',*,*,#19886,.T.);
#20646=ORIENTED_EDGE('',*,*,#19868,.F.);
#20647=EDGE_LOOP('',(#20640,#20642,#20643,#20644,#20645,#20646));
#20648=FACE_OUTER_BOUND('',#20647,.F.);
#20650=CARTESIAN_POINT('',(-4.2E1,1.05E1,-2.124871130596E1));
#20651=DIRECTION('',(5.E-1,0.E0,8.660254037844E-1));
#20652=DIRECTION('',(8.660254037844E-1,0.E0,-5.E-1));
#20653=AXIS2_PLACEMENT_3D('',#20650,#20651,#20652);
#20654=PLANE('',#20653);
#20655=ORIENTED_EDGE('',*,*,#10858,.F.);
#20657=ORIENTED_EDGE('',*,*,#20656,.T.);
#20658=ORIENTED_EDGE('',*,*,#11154,.T.);
#20659=ORIENTED_EDGE('',*,*,#20641,.F.);
#20660=EDGE_LOOP('',(#20655,#20657,#20658,#20659));
#20661=FACE_OUTER_BOUND('',#20660,.F.);
#20663=CARTESIAN_POINT('',(-4.459807621135E1,1.05E1,-2.274871130596E1));
#20664=DIRECTION('',(-5.E-1,0.E0,8.660254037844E-1));
#20665=DIRECTION('',(8.660254037844E-1,0.E0,5.E-1));
#20666=AXIS2_PLACEMENT_3D('',#20663,#20664,#20665);
#20667=PLANE('',#20666);
#20668=ORIENTED_EDGE('',*,*,#10856,.F.);
#20670=ORIENTED_EDGE('',*,*,#20669,.T.);
#20671=ORIENTED_EDGE('',*,*,#11156,.T.);
#20672=ORIENTED_EDGE('',*,*,#20656,.F.);
#20673=EDGE_LOOP('',(#20668,#20670,#20671,#20672));
#20674=FACE_OUTER_BOUND('',#20673,.F.);
#20676=CARTESIAN_POINT('',(-4.459807621135E1,1.05E1,-2.574871130596E1));
#20677=DIRECTION('',(-1.E0,0.E0,0.E0));
#20678=DIRECTION('',(0.E0,0.E0,1.E0));
#20679=AXIS2_PLACEMENT_3D('',#20676,#20677,#20678);
#20680=PLANE('',#20679);
#20681=ORIENTED_EDGE('',*,*,#10854,.F.);
#20682=ORIENTED_EDGE('',*,*,#19853,.T.);
#20683=ORIENTED_EDGE('',*,*,#11158,.T.);
#20684=ORIENTED_EDGE('',*,*,#20669,.F.);
#20685=EDGE_LOOP('',(#20681,#20682,#20683,#20684));
#20686=FACE_OUTER_BOUND('',#20685,.F.);
#20688=CARTESIAN_POINT('',(4.401923788647E0,1.05E1,-2.274871130596E1));
#20689=DIRECTION('',(-5.E-1,0.E0,8.660254037844E-1));
#20690=DIRECTION('',(8.660254037844E-1,0.E0,5.E-1));
#20691=AXIS2_PLACEMENT_3D('',#20688,#20689,#20690);
#20692=PLANE('',#20691);
#20693=ORIENTED_EDGE('',*,*,#10408,.F.);
#20694=ORIENTED_EDGE('',*,*,#20041,.T.);
#20695=ORIENTED_EDGE('',*,*,#11086,.T.);
#20697=ORIENTED_EDGE('',*,*,#20696,.F.);
#20698=EDGE_LOOP('',(#20693,#20694,#20695,#20697));
#20699=FACE_OUTER_BOUND('',#20698,.F.);
#20701=CARTESIAN_POINT('',(7.E0,1.05E1,-2.124871130596E1));
#20702=DIRECTION('',(5.E-1,0.E0,8.660254037844E-1));
#20703=DIRECTION('',(8.660254037844E-1,0.E0,-5.E-1));
#20704=AXIS2_PLACEMENT_3D('',#20701,#20702,#20703);
#20705=PLANE('',#20704);
#20706=ORIENTED_EDGE('',*,*,#10410,.F.);
#20707=ORIENTED_EDGE('',*,*,#20696,.T.);
#20708=ORIENTED_EDGE('',*,*,#11084,.T.);
#20709=ORIENTED_EDGE('',*,*,#19998,.F.);
#20710=EDGE_LOOP('',(#20706,#20707,#20708,#20709));
#20711=FACE_OUTER_BOUND('',#20710,.F.);
#20715=PRESENTATION_LAYER_ASSIGNMENT('21_SOLID_GEOMETRY','',(#20714));
#20718=PLANE_ANGLE_MEASURE_WITH_UNIT(PLANE_ANGLE_MEASURE(1.745329251994E-2),
#20717);
#20719=(CONVERSION_BASED_UNIT('DEGREE',#20718)NAMED_UNIT(*)PLANE_ANGLE_UNIT());
#20721=UNCERTAINTY_MEASURE_WITH_UNIT(LENGTH_MEASURE(5.E-3),#20716,
'distance_accuracy_value',
'Maximum model space distance between geometric entities at asserted connectivities');
#20724=APPLICATION_CONTEXT('automotive_design');
#20725=APPLICATION_PROTOCOL_DEFINITION('international standard',
'automotive_design',2001,#20724);
#20726=PRODUCT_DEFINITION_CONTEXT('part definition',#20724,'design');
#20727=PRODUCT_CONTEXT('',#20724,'mechanical');
#20728=PRODUCT('RASPCASE-TOP','RASPCASE-TOP','NOT SPECIFIED',(#20727));
#20729=PRODUCT_DEFINITION_FORMATION('41','LAST_VERSION',#20728);
#20737=DERIVED_UNIT_ELEMENT(#20736,2.E0);
#20738=DERIVED_UNIT((#20737));
#20739=MEASURE_REPRESENTATION_ITEM('surface area measure',AREA_MEASURE(
1.303290462699E4),#20738);
#20744=DERIVED_UNIT_ELEMENT(#20743,3.E0);
#20745=DERIVED_UNIT((#20744));
#20746=MEASURE_REPRESENTATION_ITEM('volume measure',VOLUME_MEASURE(
1.132585239488E4),#20745);
#20750=CARTESIAN_POINT('centre point',(-1.203266154983E1,7.932181137636E0,
-3.442086745930E0));
#20755=DERIVED_UNIT_ELEMENT(#20754,2.E0);
#20756=DERIVED_UNIT((#20755));
#20757=MEASURE_REPRESENTATION_ITEM('surface area measure',AREA_MEASURE(
1.303290462699E4),#20756);
#20762=DERIVED_UNIT_ELEMENT(#20761,3.E0);
#20763=DERIVED_UNIT((#20762));
#20764=MEASURE_REPRESENTATION_ITEM('volume measure',VOLUME_MEASURE(
1.132585239488E4),#20763);
#20768=CARTESIAN_POINT('centre point',(-1.203266154983E1,7.932181137636E0,
-3.442086745930E0));
#20773=PRODUCT_RELATED_PRODUCT_CATEGORY('part','',(#20728));
#1=DRAUGHTING_PRE_DEFINED_COLOUR('green');
#2=COLOUR_RGB('',1.1E-2,1.2E-2,1.E0);
#3=COLOUR_RGB('',4.1E-1,2.61589E-1,1.12848E-1);
#4=COLOUR_RGB('',5.04854E-1,1.5455E-2,1.5455E-2);
#5=COLOUR_RGB('',6.35294E-1,6.86275E-1,7.4902E-1);
#6=COLOUR_RGB('',6.40777E-1,6.40777E-1,6.40777E-1);
#7=COLOUR_RGB('',6.69062E-1,6.69903E-1,6.55217E-1);
#8=COLOUR_RGB('',9.21569E-1,7.05882E-1,4.70588E-1);
#9=DRAUGHTING_PRE_DEFINED_COLOUR('red');
#10=DRAUGHTING_PRE_DEFINED_COLOUR('yellow');
#11=COLOUR_RGB('',1.E0,1.E0,5.3E-1);
#12=COLOUR_RGB('',1.E0,1.E0,9.49E-1);
#13=DRAUGHTING_PRE_DEFINED_COLOUR('white');
#30=CIRCLE('',#29,4.E0);
#39=CIRCLE('',#38,4.E0);
#48=CIRCLE('',#47,4.E0);
#57=CIRCLE('',#56,4.E0);
#1635=B_SPLINE_CURVE_WITH_KNOTS('',3,(#1630,#1631,#1632,#1633,#1634),
.UNSPECIFIED.,.F.,.F.,(4,1,4),(0.E0,5.E-1,1.E0),.UNSPECIFIED.);
#1640=CIRCLE('',#1639,1.E0);
#1693=CIRCLE('',#1692,3.E0);
#1704=B_SPLINE_CURVE_WITH_KNOTS('',3,(#1694,#1695,#1696,#1697,#1698,#1699,#1700,
#1701,#1702,#1703),.UNSPECIFIED.,.F.,.F.,(4,1,1,1,1,1,1,4),(0.E0,
1.428571428571E-1,2.857142857143E-1,4.285714285714E-1,5.714285714286E-1,
7.142857142857E-1,8.571428571429E-1,1.E0),.UNSPECIFIED.);
#1709=CIRCLE('',#1708,3.E0);
#1714=CIRCLE('',#1713,3.E0);
#1724=B_SPLINE_CURVE_WITH_KNOTS('',3,(#1715,#1716,#1717,#1718,#1719,#1720,#1721,
#1722,#1723),.UNSPECIFIED.,.F.,.F.,(4,1,1,1,1,1,4),(0.E0,1.666666666667E-1,
3.333333333333E-1,5.E-1,6.666666666667E-1,8.333333333333E-1,1.E0),
.UNSPECIFIED.);
#1729=CIRCLE('',#1728,3.E0);
#1742=CIRCLE('',#1741,1.E0);
#1748=B_SPLINE_CURVE_WITH_KNOTS('',3,(#1743,#1744,#1745,#1746,#1747),
.UNSPECIFIED.,.F.,.F.,(4,1,4),(0.E0,5.E-1,1.E0),.UNSPECIFIED.);
#3297=CIRCLE('',#3296,1.5E0);
#3346=CIRCLE('',#3345,1.5E0);
#3355=CIRCLE('',#3354,3.E0);
#4804=CIRCLE('',#4803,2.5E0);
#4857=CIRCLE('',#4856,3.E0);
#4870=CIRCLE('',#4869,2.5E0);
#4911=CIRCLE('',#4910,1.5E0);
#4916=CIRCLE('',#4915,1.5E0);
#4925=CIRCLE('',#4924,3.3E0);
#4942=CIRCLE('',#4941,4.049998253218E0);
#4947=CIRCLE('',#4946,3.299998459005E0);
#4972=CIRCLE('',#4971,3.75E0);
#4981=CIRCLE('',#4980,3.75E0);
#5011=B_SPLINE_CURVE_WITH_KNOTS('',3,(#5006,#5007,#5008,#5009,#5010),
.UNSPECIFIED.,.F.,.F.,(4,1,4),(0.E0,5.E-1,1.E0),.UNSPECIFIED.);
#5033=B_SPLINE_CURVE_WITH_KNOTS('',3,(#5028,#5029,#5030,#5031,#5032),
.UNSPECIFIED.,.F.,.F.,(4,1,4),(0.E0,5.E-1,1.E0),.UNSPECIFIED.);
#5042=CIRCLE('',#5041,6.E0);
#5051=CIRCLE('',#5050,4.E0);
#5076=CIRCLE('',#5075,6.E0);
#5149=CIRCLE('',#5148,4.E0);
#5158=CIRCLE('',#5157,4.E0);
#5167=CIRCLE('',#5166,4.E0);
#5176=CIRCLE('',#5175,6.E0);
#5185=CIRCLE('',#5184,6.E0);
#5238=CIRCLE('',#5237,3.E0);
#5247=CIRCLE('',#5246,3.E0);
#5292=CIRCLE('',#5291,6.E0);
#5545=CIRCLE('',#5544,3.5E0);
#5560=B_SPLINE_CURVE_WITH_KNOTS('',3,(#5554,#5555,#5556,#5557,#5558,#5559),
.UNSPECIFIED.,.F.,.F.,(4,1,1,4),(0.E0,3.333333333333E-1,6.666666666667E-1,1.E0),
.UNSPECIFIED.);
#5629=CIRCLE('',#5628,1.E0);
#5634=CIRCLE('',#5633,1.E0);
#5641=B_SPLINE_CURVE_WITH_KNOTS('',3,(#5635,#5636,#5637,#5638,#5639,#5640),
.UNSPECIFIED.,.F.,.F.,(4,1,1,4),(0.E0,5.E-1,7.5E-1,1.E0),.UNSPECIFIED.);
#6158=CIRCLE('',#6157,3.5E0);
#6177=B_SPLINE_CURVE_WITH_KNOTS('',3,(#6171,#6172,#6173,#6174,#6175,#6176),
.UNSPECIFIED.,.F.,.F.,(4,1,1,4),(0.E0,3.333333333333E-1,6.666666666667E-1,1.E0),
.UNSPECIFIED.);
#6198=CIRCLE('',#6197,3.5E0);
#6271=CIRCLE('',#6270,3.5E0);
#6280=CIRCLE('',#6279,3.5E0);
#6285=CIRCLE('',#6284,3.445404464860E0);
#6298=CIRCLE('',#6297,3.445404464860E0);
#6303=CIRCLE('',#6302,3.5E0);
#6369=B_SPLINE_CURVE_WITH_KNOTS('',3,(#6364,#6365,#6366,#6367,#6368),
.UNSPECIFIED.,.F.,.F.,(4,1,4),(0.E0,5.E-1,1.E0),.UNSPECIFIED.);
#6374=CIRCLE('',#6373,1.E0);
#6387=CIRCLE('',#6386,3.E0);
#6398=B_SPLINE_CURVE_WITH_KNOTS('',3,(#6388,#6389,#6390,#6391,#6392,#6393,#6394,
#6395,#6396,#6397),.UNSPECIFIED.,.F.,.F.,(4,1,1,1,1,1,1,4),(0.E0,
1.428571428571E-1,2.857142857143E-1,4.285714285714E-1,5.714285714286E-1,
7.142857142857E-1,8.571428571429E-1,1.E0),.UNSPECIFIED.);
#6403=CIRCLE('',#6402,3.E0);
#6408=CIRCLE('',#6407,3.E0);
#6418=B_SPLINE_CURVE_WITH_KNOTS('',3,(#6409,#6410,#6411,#6412,#6413,#6414,#6415,
#6416,#6417),.UNSPECIFIED.,.F.,.F.,(4,1,1,1,1,1,4),(0.E0,1.666666666667E-1,
3.333333333333E-1,5.E-1,6.666666666667E-1,8.333333333333E-1,1.E0),
.UNSPECIFIED.);
#6423=CIRCLE('',#6422,3.E0);
#6436=CIRCLE('',#6435,1.E0);
#6442=B_SPLINE_CURVE_WITH_KNOTS('',3,(#6437,#6438,#6439,#6440,#6441),
.UNSPECIFIED.,.F.,.F.,(4,1,4),(0.E0,5.E-1,1.E0),.UNSPECIFIED.);
#6523=CIRCLE('',#6522,6.E0);
#6532=CIRCLE('',#6531,6.E0);
#6546=B_SPLINE_CURVE_WITH_KNOTS('',3,(#6541,#6542,#6543,#6544,#6545),
.UNSPECIFIED.,.F.,.F.,(4,1,4),(0.E0,5.E-1,1.E0),.UNSPECIFIED.);
#6552=B_SPLINE_CURVE_WITH_KNOTS('',3,(#6547,#6548,#6549,#6550,#6551),
.UNSPECIFIED.,.F.,.F.,(4,1,4),(0.E0,5.E-1,1.E0),.UNSPECIFIED.);
#6558=B_SPLINE_CURVE_WITH_KNOTS('',3,(#6553,#6554,#6555,#6556,#6557),
.UNSPECIFIED.,.F.,.F.,(4,1,4),(0.E0,5.E-1,1.E0),.UNSPECIFIED.);
#6579=CIRCLE('',#6578,6.E0);
#6774=B_SPLINE_CURVE_WITH_KNOTS('',3,(#6768,#6769,#6770,#6771,#6772,#6773),
.UNSPECIFIED.,.F.,.F.,(4,1,1,4),(0.E0,3.333333333333E-1,6.666666666667E-1,1.E0),
.UNSPECIFIED.);
#6779=CIRCLE('',#6778,3.5E0);
#6788=CIRCLE('',#6787,3.445404464860E0);
#6801=CIRCLE('',#6800,2.5E0);
#6808=B_SPLINE_CURVE_WITH_KNOTS('',3,(#6802,#6803,#6804,#6805,#6806,#6807),
.UNSPECIFIED.,.F.,.F.,(4,1,1,4),(0.E0,3.333333333333E-1,6.666666666667E-1,1.E0),
.UNSPECIFIED.);
#6823=B_SPLINE_CURVE_WITH_KNOTS('',3,(#6817,#6818,#6819,#6820,#6821,#6822),
.UNSPECIFIED.,.F.,.F.,(4,1,1,4),(0.E0,3.333333333333E-1,6.666666666667E-1,1.E0),
.UNSPECIFIED.);
#6828=CIRCLE('',#6827,3.445404464860E0);
#6833=CIRCLE('',#6832,3.5E0);
#6850=CIRCLE('',#6849,1.E0);
#6857=B_SPLINE_CURVE_WITH_KNOTS('',3,(#6851,#6852,#6853,#6854,#6855,#6856),
.UNSPECIFIED.,.F.,.F.,(4,1,1,4),(0.E0,2.5E-1,5.E-1,1.E0),.UNSPECIFIED.);
#6862=CIRCLE('',#6861,1.E0);
#6899=CIRCLE('',#6898,2.5E0);
#6926=B_SPLINE_CURVE_WITH_KNOTS('',3,(#6920,#6921,#6922,#6923,#6924,#6925),
.UNSPECIFIED.,.F.,.F.,(4,1,1,4),(0.E0,3.333333333333E-1,6.666666666667E-1,1.E0),
.UNSPECIFIED.);
#6939=CIRCLE('',#6938,6.E0);
#6946=B_SPLINE_CURVE_WITH_KNOTS('',3,(#6940,#6941,#6942,#6943,#6944,#6945),
.UNSPECIFIED.,.F.,.F.,(4,1,1,4),(0.E0,3.333333333333E-1,6.666666666667E-1,1.E0),
.UNSPECIFIED.);
#6995=CIRCLE('',#6994,3.E0);
#7020=CIRCLE('',#7019,3.E0);
#7045=CIRCLE('',#7044,1.5E0);
#7050=CIRCLE('',#7049,1.5E0);
#7055=B_SPLINE_CURVE_WITH_KNOTS('',3,(#7051,#7052,#7053,#7054),.UNSPECIFIED.,
.F.,.F.,(4,4),(0.E0,1.E0),.UNSPECIFIED.);
#7060=CIRCLE('',#7059,1.E0);
#7097=CIRCLE('',#7096,1.E0);
#7106=CIRCLE('',#7105,1.E0);
#7255=CIRCLE('',#7254,1.E0);
#7260=B_SPLINE_CURVE_WITH_KNOTS('',3,(#7256,#7257,#7258,#7259),.UNSPECIFIED.,
.F.,.F.,(4,4),(0.E0,1.E0),.UNSPECIFIED.);
#9934=EDGE_CURVE('',#7541,#7542,#17,.T.);
#9936=EDGE_CURVE('',#7542,#7544,#21,.T.);
#9938=EDGE_CURVE('',#7546,#7544,#25,.T.);
#9940=EDGE_CURVE('',#9368,#7546,#30,.T.);
#9942=EDGE_CURVE('',#9364,#9368,#34,.T.);
#9944=EDGE_CURVE('',#9362,#9364,#39,.T.);
#9946=EDGE_CURVE('',#9358,#9362,#43,.T.);
#9948=EDGE_CURVE('',#9356,#9358,#48,.T.);
#9950=EDGE_CURVE('',#9355,#9356,#52,.T.);
#9952=EDGE_CURVE('',#7557,#9355,#57,.T.);
#9954=EDGE_CURVE('',#7557,#7558,#61,.T.);
#9956=EDGE_CURVE('',#7558,#7560,#65,.T.);
#9958=EDGE_CURVE('',#7562,#7560,#69,.T.);
#9960=EDGE_CURVE('',#7549,#7562,#73,.T.);
#9962=EDGE_CURVE('',#7549,#7550,#77,.T.);
#9964=EDGE_CURVE('',#7550,#7552,#81,.T.);
#9966=EDGE_CURVE('',#7554,#7552,#85,.T.);
#9968=EDGE_CURVE('',#7541,#7554,#89,.T.);
#9972=EDGE_CURVE('',#7653,#7654,#93,.T.);
#9974=EDGE_CURVE('',#7654,#7656,#97,.T.);
#9976=EDGE_CURVE('',#7656,#7658,#101,.T.);
#9978=EDGE_CURVE('',#7658,#7660,#105,.T.);
#9980=EDGE_CURVE('',#7660,#7662,#109,.T.);
#9982=EDGE_CURVE('',#7662,#7653,#113,.T.);
#9986=EDGE_CURVE('',#7677,#7678,#117,.T.);
#9988=EDGE_CURVE('',#7678,#7680,#121,.T.);
#9990=EDGE_CURVE('',#7680,#7682,#125,.T.);
#9992=EDGE_CURVE('',#7682,#7684,#129,.T.);
#9994=EDGE_CURVE('',#7684,#7686,#133,.T.);
#9996=EDGE_CURVE('',#7686,#7677,#137,.T.);
#10000=EDGE_CURVE('',#7701,#7702,#141,.T.);
#10002=EDGE_CURVE('',#7702,#7704,#145,.T.);
#10004=EDGE_CURVE('',#7704,#7706,#149,.T.);
#10006=EDGE_CURVE('',#7706,#7708,#153,.T.);
#10008=EDGE_CURVE('',#7708,#7710,#157,.T.);
#10010=EDGE_CURVE('',#7710,#7701,#161,.T.);
#10014=EDGE_CURVE('',#7725,#7726,#165,.T.);
#10016=EDGE_CURVE('',#7726,#7728,#169,.T.);
#10018=EDGE_CURVE('',#7728,#7730,#173,.T.);
#10020=EDGE_CURVE('',#7730,#7732,#177,.T.);
#10022=EDGE_CURVE('',#7732,#7734,#181,.T.);
#10024=EDGE_CURVE('',#7734,#7725,#185,.T.);
#10028=EDGE_CURVE('',#7749,#7750,#189,.T.);
#10030=EDGE_CURVE('',#7750,#7752,#193,.T.);
#10032=EDGE_CURVE('',#7752,#7754,#197,.T.);
#10034=EDGE_CURVE('',#7754,#7756,#201,.T.);
#10036=EDGE_CURVE('',#7756,#7758,#205,.T.);
#10038=EDGE_CURVE('',#7758,#7749,#209,.T.);
#10042=EDGE_CURVE('',#7773,#7774,#213,.T.);
#10044=EDGE_CURVE('',#7774,#7776,#217,.T.);
#10046=EDGE_CURVE('',#7776,#7778,#221,.T.);
#10048=EDGE_CURVE('',#7778,#7780,#225,.T.);
#10050=EDGE_CURVE('',#7780,#7782,#229,.T.);
#10052=EDGE_CURVE('',#7782,#7773,#233,.T.);
#10056=EDGE_CURVE('',#7797,#7798,#237,.T.);
#10058=EDGE_CURVE('',#7798,#7800,#241,.T.);
#10060=EDGE_CURVE('',#7800,#7802,#245,.T.);
#10062=EDGE_CURVE('',#7802,#7804,#249,.T.);
#10064=EDGE_CURVE('',#7804,#7806,#253,.T.);
#10066=EDGE_CURVE('',#7806,#7797,#257,.T.);
#10070=EDGE_CURVE('',#7821,#7822,#261,.T.);
#10072=EDGE_CURVE('',#7822,#7824,#265,.T.);
#10074=EDGE_CURVE('',#7824,#7826,#269,.T.);
#10076=EDGE_CURVE('',#7826,#7828,#273,.T.);
#10078=EDGE_CURVE('',#7828,#7830,#277,.T.);
#10080=EDGE_CURVE('',#7830,#7821,#281,.T.);
#10084=EDGE_CURVE('',#7845,#7846,#285,.T.);
#10086=EDGE_CURVE('',#7846,#7848,#289,.T.);
#10088=EDGE_CURVE('',#7848,#7850,#293,.T.);
#10090=EDGE_CURVE('',#7850,#7852,#297,.T.);
#10092=EDGE_CURVE('',#7852,#7854,#301,.T.);
#10094=EDGE_CURVE('',#7854,#7845,#305,.T.);
#10098=EDGE_CURVE('',#7869,#7870,#309,.T.);
#10100=EDGE_CURVE('',#7870,#7872,#313,.T.);
#10102=EDGE_CURVE('',#7872,#7874,#317,.T.);
#10104=EDGE_CURVE('',#7874,#7876,#321,.T.);
#10106=EDGE_CURVE('',#7876,#7878,#325,.T.);
#10108=EDGE_CURVE('',#7878,#7869,#329,.T.);
#10112=EDGE_CURVE('',#7893,#7894,#333,.T.);
#10114=EDGE_CURVE('',#7894,#7896,#337,.T.);
#10116=EDGE_CURVE('',#7896,#7898,#341,.T.);
#10118=EDGE_CURVE('',#7898,#7900,#345,.T.);
#10120=EDGE_CURVE('',#7900,#7902,#349,.T.);
#10122=EDGE_CURVE('',#7902,#7893,#353,.T.);
#10126=EDGE_CURVE('',#7917,#7918,#357,.T.);
#10128=EDGE_CURVE('',#7918,#7920,#361,.T.);
#10130=EDGE_CURVE('',#7920,#7922,#365,.T.);
#10132=EDGE_CURVE('',#7922,#7924,#369,.T.);
#10134=EDGE_CURVE('',#7924,#7926,#373,.T.);
#10136=EDGE_CURVE('',#7926,#7917,#377,.T.);
#10140=EDGE_CURVE('',#7941,#7942,#381,.T.);
#10142=EDGE_CURVE('',#7942,#7944,#385,.T.);
#10144=EDGE_CURVE('',#7944,#7946,#389,.T.);
#10146=EDGE_CURVE('',#7946,#7948,#393,.T.);
#10148=EDGE_CURVE('',#7948,#7950,#397,.T.);
#10150=EDGE_CURVE('',#7950,#7941,#401,.T.);
#10154=EDGE_CURVE('',#7965,#7966,#405,.T.);
#10156=EDGE_CURVE('',#7966,#7968,#409,.T.);
#10158=EDGE_CURVE('',#7968,#7970,#413,.T.);
#10160=EDGE_CURVE('',#7970,#7972,#417,.T.);
#10162=EDGE_CURVE('',#7972,#7974,#421,.T.);
#10164=EDGE_CURVE('',#7974,#7965,#425,.T.);
#10168=EDGE_CURVE('',#7989,#7990,#429,.T.);
#10170=EDGE_CURVE('',#7990,#7992,#433,.T.);
#10172=EDGE_CURVE('',#7992,#7994,#437,.T.);
#10174=EDGE_CURVE('',#7994,#7996,#441,.T.);
#10176=EDGE_CURVE('',#7996,#7998,#445,.T.);
#10178=EDGE_CURVE('',#7998,#7989,#449,.T.);
#10182=EDGE_CURVE('',#8013,#8014,#453,.T.);
#10184=EDGE_CURVE('',#8014,#8016,#457,.T.);
#10186=EDGE_CURVE('',#8016,#8018,#461,.T.);
#10188=EDGE_CURVE('',#8018,#8020,#465,.T.);
#10190=EDGE_CURVE('',#8020,#8022,#469,.T.);
#10192=EDGE_CURVE('',#8022,#8013,#473,.T.);
#10196=EDGE_CURVE('',#8037,#8038,#477,.T.);
#10198=EDGE_CURVE('',#8038,#8040,#481,.T.);
#10200=EDGE_CURVE('',#8040,#8042,#485,.T.);
#10202=EDGE_CURVE('',#8042,#8044,#489,.T.);
#10204=EDGE_CURVE('',#8044,#8046,#493,.T.);
#10206=EDGE_CURVE('',#8046,#8037,#497,.T.);
#10210=EDGE_CURVE('',#8061,#8062,#501,.T.);
#10212=EDGE_CURVE('',#8062,#8064,#505,.T.);
#10214=EDGE_CURVE('',#8064,#8066,#509,.T.);
#10216=EDGE_CURVE('',#8066,#8068,#513,.T.);
#10218=EDGE_CURVE('',#8068,#8070,#517,.T.);
#10220=EDGE_CURVE('',#8070,#8061,#521,.T.);
#10224=EDGE_CURVE('',#8085,#8086,#525,.T.);
#10226=EDGE_CURVE('',#8086,#8088,#529,.T.);
#10228=EDGE_CURVE('',#8088,#8090,#533,.T.);
#10230=EDGE_CURVE('',#8090,#8092,#537,.T.);
#10232=EDGE_CURVE('',#8092,#8094,#541,.T.);
#10234=EDGE_CURVE('',#8094,#8085,#545,.T.);
#10238=EDGE_CURVE('',#8109,#8110,#549,.T.);
#10240=EDGE_CURVE('',#8110,#8112,#553,.T.);
#10242=EDGE_CURVE('',#8112,#8114,#557,.T.);
#10244=EDGE_CURVE('',#8114,#8116,#561,.T.);
#10246=EDGE_CURVE('',#8116,#8118,#565,.T.);
#10248=EDGE_CURVE('',#8118,#8109,#569,.T.);
#10252=EDGE_CURVE('',#8133,#8134,#573,.T.);
#10254=EDGE_CURVE('',#8134,#8136,#577,.T.);
#10256=EDGE_CURVE('',#8136,#8138,#581,.T.);
#10258=EDGE_CURVE('',#8138,#8140,#585,.T.);
#10260=EDGE_CURVE('',#8140,#8142,#589,.T.);
#10262=EDGE_CURVE('',#8142,#8133,#593,.T.);
#10266=EDGE_CURVE('',#8157,#8158,#597,.T.);
#10268=EDGE_CURVE('',#8158,#8160,#601,.T.);
#10270=EDGE_CURVE('',#8160,#8162,#605,.T.);
#10272=EDGE_CURVE('',#8162,#8164,#609,.T.);
#10274=EDGE_CURVE('',#8164,#8166,#613,.T.);
#10276=EDGE_CURVE('',#8166,#8157,#617,.T.);
#10280=EDGE_CURVE('',#8181,#8182,#621,.T.);
#10282=EDGE_CURVE('',#8182,#8184,#625,.T.);
#10284=EDGE_CURVE('',#8184,#8186,#629,.T.);
#10286=EDGE_CURVE('',#8186,#8188,#633,.T.);
#10288=EDGE_CURVE('',#8188,#8190,#637,.T.);
#10290=EDGE_CURVE('',#8190,#8181,#641,.T.);
#10294=EDGE_CURVE('',#8205,#8206,#645,.T.);
#10296=EDGE_CURVE('',#8206,#8208,#649,.T.);
#10298=EDGE_CURVE('',#8208,#8210,#653,.T.);
#10300=EDGE_CURVE('',#8210,#8212,#657,.T.);
#10302=EDGE_CURVE('',#8212,#8214,#661,.T.);
#10304=EDGE_CURVE('',#8214,#8205,#665,.T.);
#10308=EDGE_CURVE('',#8229,#8230,#669,.T.);
#10310=EDGE_CURVE('',#8230,#8232,#673,.T.);
#10312=EDGE_CURVE('',#8232,#8234,#677,.T.);
#10314=EDGE_CURVE('',#8234,#8236,#681,.T.);
#10316=EDGE_CURVE('',#8236,#8238,#685,.T.);
#10318=EDGE_CURVE('',#8238,#8229,#689,.T.);
#10322=EDGE_CURVE('',#8253,#8254,#693,.T.);
#10324=EDGE_CURVE('',#8254,#8256,#697,.T.);
#10326=EDGE_CURVE('',#8256,#8258,#701,.T.);
#10328=EDGE_CURVE('',#8258,#8260,#705,.T.);
#10330=EDGE_CURVE('',#8260,#8262,#709,.T.);
#10332=EDGE_CURVE('',#8262,#8253,#713,.T.);
#10336=EDGE_CURVE('',#8277,#8278,#717,.T.);
#10338=EDGE_CURVE('',#8278,#8280,#721,.T.);
#10340=EDGE_CURVE('',#8280,#8282,#725,.T.);
#10342=EDGE_CURVE('',#8282,#8284,#729,.T.);
#10344=EDGE_CURVE('',#8284,#8286,#733,.T.);
#10346=EDGE_CURVE('',#8286,#8277,#737,.T.);
#10350=EDGE_CURVE('',#8301,#8302,#741,.T.);
#10352=EDGE_CURVE('',#8302,#8304,#745,.T.);
#10354=EDGE_CURVE('',#8304,#8306,#749,.T.);
#10356=EDGE_CURVE('',#8306,#8308,#753,.T.);
#10358=EDGE_CURVE('',#8308,#8310,#757,.T.);
#10360=EDGE_CURVE('',#8310,#8301,#761,.T.);
#10364=EDGE_CURVE('',#8325,#8326,#765,.T.);
#10366=EDGE_CURVE('',#8326,#8328,#769,.T.);
#10368=EDGE_CURVE('',#8328,#8330,#773,.T.);
#10370=EDGE_CURVE('',#8330,#8332,#777,.T.);
#10372=EDGE_CURVE('',#8332,#8334,#781,.T.);
#10374=EDGE_CURVE('',#8334,#8325,#785,.T.);
#10378=EDGE_CURVE('',#8349,#8350,#789,.T.);
#10380=EDGE_CURVE('',#8350,#8352,#793,.T.);
#10382=EDGE_CURVE('',#8352,#8354,#797,.T.);
#10384=EDGE_CURVE('',#8354,#8356,#801,.T.);
#10386=EDGE_CURVE('',#8356,#8358,#805,.T.);
#10388=EDGE_CURVE('',#8358,#8349,#809,.T.);
#10392=EDGE_CURVE('',#8373,#8374,#813,.T.);
#10394=EDGE_CURVE('',#8374,#8376,#817,.T.);
#10396=EDGE_CURVE('',#8376,#8378,#821,.T.);
#10398=EDGE_CURVE('',#8378,#8380,#825,.T.);
#10400=EDGE_CURVE('',#8380,#8382,#829,.T.);
#10402=EDGE_CURVE('',#8382,#8373,#833,.T.);
#10406=EDGE_CURVE('',#8925,#8926,#837,.T.);
#10408=EDGE_CURVE('',#8926,#8928,#841,.T.);
#10410=EDGE_CURVE('',#8928,#8930,#845,.T.);
#10412=EDGE_CURVE('',#8930,#8932,#849,.T.);
#10414=EDGE_CURVE('',#8932,#8934,#853,.T.);
#10416=EDGE_CURVE('',#8934,#8925,#857,.T.);
#10420=EDGE_CURVE('',#8949,#8950,#861,.T.);
#10422=EDGE_CURVE('',#8950,#8952,#865,.T.);
#10424=EDGE_CURVE('',#8952,#8954,#869,.T.);
#10426=EDGE_CURVE('',#8954,#8956,#873,.T.);
#10428=EDGE_CURVE('',#8956,#8958,#877,.T.);
#10430=EDGE_CURVE('',#8958,#8949,#881,.T.);
#10434=EDGE_CURVE('',#8977,#8978,#885,.T.);
#10436=EDGE_CURVE('',#8978,#8980,#889,.T.);
#10438=EDGE_CURVE('',#8980,#8982,#893,.T.);
#10440=EDGE_CURVE('',#8982,#8984,#897,.T.);
#10442=EDGE_CURVE('',#8984,#8986,#901,.T.);
#10444=EDGE_CURVE('',#8986,#8977,#905,.T.);
#10448=EDGE_CURVE('',#9005,#9006,#909,.T.);
#10450=EDGE_CURVE('',#9006,#9008,#913,.T.);
#10452=EDGE_CURVE('',#9008,#9010,#917,.T.);
#10454=EDGE_CURVE('',#9010,#9012,#921,.T.);
#10456=EDGE_CURVE('',#9012,#9014,#925,.T.);
#10458=EDGE_CURVE('',#9014,#9005,#929,.T.);
#10462=EDGE_CURVE('',#8397,#8398,#933,.T.);
#10464=EDGE_CURVE('',#8398,#8400,#937,.T.);
#10466=EDGE_CURVE('',#8400,#8402,#941,.T.);
#10468=EDGE_CURVE('',#8402,#8404,#945,.T.);
#10470=EDGE_CURVE('',#8404,#8406,#949,.T.);
#10472=EDGE_CURVE('',#8406,#8397,#953,.T.);
#10476=EDGE_CURVE('',#8421,#8422,#957,.T.);
#10478=EDGE_CURVE('',#8422,#8424,#961,.T.);
#10480=EDGE_CURVE('',#8424,#8426,#965,.T.);
#10482=EDGE_CURVE('',#8426,#8428,#969,.T.);
#10484=EDGE_CURVE('',#8428,#8430,#973,.T.);
#10486=EDGE_CURVE('',#8430,#8421,#977,.T.);
#10490=EDGE_CURVE('',#8445,#8446,#981,.T.);
#10492=EDGE_CURVE('',#8446,#8448,#985,.T.);
#10494=EDGE_CURVE('',#8448,#8450,#989,.T.);
#10496=EDGE_CURVE('',#8450,#8452,#993,.T.);
#10498=EDGE_CURVE('',#8452,#8454,#997,.T.);
#10500=EDGE_CURVE('',#8454,#8445,#1001,.T.);
#10504=EDGE_CURVE('',#8469,#8470,#1005,.T.);
#10506=EDGE_CURVE('',#8470,#8472,#1009,.T.);
#10508=EDGE_CURVE('',#8472,#8474,#1013,.T.);
#10510=EDGE_CURVE('',#8474,#8476,#1017,.T.);
#10512=EDGE_CURVE('',#8476,#8478,#1021,.T.);
#10514=EDGE_CURVE('',#8478,#8469,#1025,.T.);
#10518=EDGE_CURVE('',#8493,#8494,#1029,.T.);
#10520=EDGE_CURVE('',#8494,#8496,#1033,.T.);
#10522=EDGE_CURVE('',#8496,#8498,#1037,.T.);
#10524=EDGE_CURVE('',#8498,#8500,#1041,.T.);
#10526=EDGE_CURVE('',#8500,#8502,#1045,.T.);
#10528=EDGE_CURVE('',#8502,#8493,#1049,.T.);
#10532=EDGE_CURVE('',#8517,#8518,#1053,.T.);
#10534=EDGE_CURVE('',#8518,#8520,#1057,.T.);
#10536=EDGE_CURVE('',#8520,#8522,#1061,.T.);
#10538=EDGE_CURVE('',#8522,#8524,#1065,.T.);
#10540=EDGE_CURVE('',#8524,#8526,#1069,.T.);
#10542=EDGE_CURVE('',#8526,#8517,#1073,.T.);
#10546=EDGE_CURVE('',#8541,#8542,#1077,.T.);
#10548=EDGE_CURVE('',#8542,#8544,#1081,.T.);
#10550=EDGE_CURVE('',#8544,#8546,#1085,.T.);
#10552=EDGE_CURVE('',#8546,#8548,#1089,.T.);
#10554=EDGE_CURVE('',#8548,#8550,#1093,.T.);
#10556=EDGE_CURVE('',#8550,#8541,#1097,.T.);
#10560=EDGE_CURVE('',#9033,#9034,#1101,.T.);
#10562=EDGE_CURVE('',#9034,#9036,#1105,.T.);
#10564=EDGE_CURVE('',#9036,#9038,#1109,.T.);
#10566=EDGE_CURVE('',#9038,#9040,#1113,.T.);
#10568=EDGE_CURVE('',#9040,#9042,#1117,.T.);
#10570=EDGE_CURVE('',#9042,#9033,#1121,.T.);
#10574=EDGE_CURVE('',#8565,#8566,#1125,.T.);
#10576=EDGE_CURVE('',#8566,#8568,#1129,.T.);
#10578=EDGE_CURVE('',#8568,#8570,#1133,.T.);
#10580=EDGE_CURVE('',#8570,#8572,#1137,.T.);
#10582=EDGE_CURVE('',#8572,#8574,#1141,.T.);
#10584=EDGE_CURVE('',#8574,#8565,#1145,.T.);
#10588=EDGE_CURVE('',#8589,#8590,#1149,.T.);
#10590=EDGE_CURVE('',#8590,#8592,#1153,.T.);
#10592=EDGE_CURVE('',#8592,#8594,#1157,.T.);
#10594=EDGE_CURVE('',#8594,#8596,#1161,.T.);
#10596=EDGE_CURVE('',#8596,#8598,#1165,.T.);
#10598=EDGE_CURVE('',#8598,#8589,#1169,.T.);
#10602=EDGE_CURVE('',#8613,#8614,#1173,.T.);
#10604=EDGE_CURVE('',#8614,#8616,#1177,.T.);
#10606=EDGE_CURVE('',#8616,#8618,#1181,.T.);
#10608=EDGE_CURVE('',#8618,#8620,#1185,.T.);
#10610=EDGE_CURVE('',#8620,#8622,#1189,.T.);
#10612=EDGE_CURVE('',#8622,#8613,#1193,.T.);
#10616=EDGE_CURVE('',#8637,#8638,#1197,.T.);
#10618=EDGE_CURVE('',#8638,#8640,#1201,.T.);
#10620=EDGE_CURVE('',#8640,#8642,#1205,.T.);
#10622=EDGE_CURVE('',#8642,#8644,#1209,.T.);
#10624=EDGE_CURVE('',#8644,#8646,#1213,.T.);
#10626=EDGE_CURVE('',#8646,#8637,#1217,.T.);
#10630=EDGE_CURVE('',#8661,#8662,#1221,.T.);
#10632=EDGE_CURVE('',#8662,#8664,#1225,.T.);
#10634=EDGE_CURVE('',#8664,#8666,#1229,.T.);
#10636=EDGE_CURVE('',#8666,#8668,#1233,.T.);
#10638=EDGE_CURVE('',#8668,#8670,#1237,.T.);
#10640=EDGE_CURVE('',#8670,#8661,#1241,.T.);
#10644=EDGE_CURVE('',#8685,#8686,#1245,.T.);
#10646=EDGE_CURVE('',#8686,#8688,#1249,.T.);
#10648=EDGE_CURVE('',#8688,#8690,#1253,.T.);
#10650=EDGE_CURVE('',#8690,#8692,#1257,.T.);
#10652=EDGE_CURVE('',#8692,#8694,#1261,.T.);
#10654=EDGE_CURVE('',#8694,#8685,#1265,.T.);
#10658=EDGE_CURVE('',#8709,#8710,#1269,.T.);
#10660=EDGE_CURVE('',#8710,#8712,#1273,.T.);
#10662=EDGE_CURVE('',#8712,#8714,#1277,.T.);
#10664=EDGE_CURVE('',#8714,#8716,#1281,.T.);
#10666=EDGE_CURVE('',#8716,#8718,#1285,.T.);
#10668=EDGE_CURVE('',#8718,#8709,#1289,.T.);
#10672=EDGE_CURVE('',#9061,#9062,#1293,.T.);
#10674=EDGE_CURVE('',#9062,#9064,#1297,.T.);
#10676=EDGE_CURVE('',#9064,#9066,#1301,.T.);
#10678=EDGE_CURVE('',#9066,#9068,#1305,.T.);
#10680=EDGE_CURVE('',#9068,#9070,#1309,.T.);
#10682=EDGE_CURVE('',#9070,#9061,#1313,.T.);
#10686=EDGE_CURVE('',#8733,#8734,#1317,.T.);
#10688=EDGE_CURVE('',#8734,#8736,#1321,.T.);
#10690=EDGE_CURVE('',#8736,#8738,#1325,.T.);
#10692=EDGE_CURVE('',#8738,#8740,#1329,.T.);
#10694=EDGE_CURVE('',#8740,#8742,#1333,.T.);
#10696=EDGE_CURVE('',#8742,#8733,#1337,.T.);
#10700=EDGE_CURVE('',#8757,#8758,#1341,.T.);
#10702=EDGE_CURVE('',#8758,#8760,#1345,.T.);
#10704=EDGE_CURVE('',#8760,#8762,#1349,.T.);
#10706=EDGE_CURVE('',#8762,#8764,#1353,.T.);
#10708=EDGE_CURVE('',#8764,#8766,#1357,.T.);
#10710=EDGE_CURVE('',#8766,#8757,#1361,.T.);
#10714=EDGE_CURVE('',#8781,#8782,#1365,.T.);
#10716=EDGE_CURVE('',#8782,#8784,#1369,.T.);
#10718=EDGE_CURVE('',#8784,#8786,#1373,.T.);
#10720=EDGE_CURVE('',#8786,#8788,#1377,.T.);
#10722=EDGE_CURVE('',#8788,#8790,#1381,.T.);
#10724=EDGE_CURVE('',#8790,#8781,#1385,.T.);
#10728=EDGE_CURVE('',#9089,#9090,#1389,.T.);
#10730=EDGE_CURVE('',#9090,#9092,#1393,.T.);
#10732=EDGE_CURVE('',#9092,#9094,#1397,.T.);
#10734=EDGE_CURVE('',#9094,#9096,#1401,.T.);
#10736=EDGE_CURVE('',#9096,#9098,#1405,.T.);
#10738=EDGE_CURVE('',#9098,#9089,#1409,.T.);
#10742=EDGE_CURVE('',#8805,#8806,#1413,.T.);
#10744=EDGE_CURVE('',#8806,#8808,#1417,.T.);
#10746=EDGE_CURVE('',#8808,#8810,#1421,.T.);
#10748=EDGE_CURVE('',#8810,#8812,#1425,.T.);
#10750=EDGE_CURVE('',#8812,#8814,#1429,.T.);
#10752=EDGE_CURVE('',#8814,#8805,#1433,.T.);
#10756=EDGE_CURVE('',#8829,#8830,#1437,.T.);
#10758=EDGE_CURVE('',#8830,#8832,#1441,.T.);
#10760=EDGE_CURVE('',#8832,#8834,#1445,.T.);
#10762=EDGE_CURVE('',#8834,#8836,#1449,.T.);
#10764=EDGE_CURVE('',#8836,#8838,#1453,.T.);
#10766=EDGE_CURVE('',#8838,#8829,#1457,.T.);
#10770=EDGE_CURVE('',#8853,#8854,#1461,.T.);
#10772=EDGE_CURVE('',#8854,#8856,#1465,.T.);
#10774=EDGE_CURVE('',#8856,#8858,#1469,.T.);
#10776=EDGE_CURVE('',#8858,#8860,#1473,.T.);
#10778=EDGE_CURVE('',#8860,#8862,#1477,.T.);
#10780=EDGE_CURVE('',#8862,#8853,#1481,.T.);
#10784=EDGE_CURVE('',#9113,#9114,#1485,.T.);
#10786=EDGE_CURVE('',#9114,#9116,#1489,.T.);
#10788=EDGE_CURVE('',#9116,#9118,#1493,.T.);
#10790=EDGE_CURVE('',#9118,#9120,#1497,.T.);
#10792=EDGE_CURVE('',#9120,#9122,#1501,.T.);
#10794=EDGE_CURVE('',#9122,#9113,#1505,.T.);
#10798=EDGE_CURVE('',#8877,#8878,#1509,.T.);
#10800=EDGE_CURVE('',#8878,#8880,#1513,.T.);
#10802=EDGE_CURVE('',#8880,#8882,#1517,.T.);
#10804=EDGE_CURVE('',#8882,#8884,#1521,.T.);
#10806=EDGE_CURVE('',#8884,#8886,#1525,.T.);
#10808=EDGE_CURVE('',#8886,#8877,#1529,.T.);
#10812=EDGE_CURVE('',#9141,#9142,#1533,.T.);
#10814=EDGE_CURVE('',#9142,#9144,#1537,.T.);
#10816=EDGE_CURVE('',#9144,#9146,#1541,.T.);
#10818=EDGE_CURVE('',#9146,#9148,#1545,.T.);
#10820=EDGE_CURVE('',#9148,#9150,#1549,.T.);
#10822=EDGE_CURVE('',#9150,#9141,#1553,.T.);
#10826=EDGE_CURVE('',#9165,#9166,#1557,.T.);
#10828=EDGE_CURVE('',#9166,#9168,#1561,.T.);
#10830=EDGE_CURVE('',#9168,#9170,#1565,.T.);
#10832=EDGE_CURVE('',#9170,#9172,#1569,.T.);
#10834=EDGE_CURVE('',#9172,#9174,#1573,.T.);
#10836=EDGE_CURVE('',#9174,#9165,#1577,.T.);
#10840=EDGE_CURVE('',#8901,#8902,#1581,.T.);
#10842=EDGE_CURVE('',#8902,#8904,#1585,.T.);
#10844=EDGE_CURVE('',#8904,#8906,#1589,.T.);
#10846=EDGE_CURVE('',#8906,#8908,#1593,.T.);
#10848=EDGE_CURVE('',#8908,#8910,#1597,.T.);
#10850=EDGE_CURVE('',#8910,#8901,#1601,.T.);
#10854=EDGE_CURVE('',#9189,#9190,#1605,.T.);
#10856=EDGE_CURVE('',#9190,#9192,#1609,.T.);
#10858=EDGE_CURVE('',#9192,#9194,#1613,.T.);
#10860=EDGE_CURVE('',#9194,#9196,#1617,.T.);
#10862=EDGE_CURVE('',#9196,#9198,#1621,.T.);
#10864=EDGE_CURVE('',#9198,#9189,#1625,.T.);
#10868=ADVANCED_FACE('',(#9971,#9985,#9999,#10013,#10027,#10041,#10055,#10069,
#10083,#10097,#10111,#10125,#10139,#10153,#10167,#10181,#10195,#10209,#10223,
#10237,#10251,#10265,#10279,#10293,#10307,#10321,#10335,#10349,#10363,#10377,
#10391,#10405,#10419,#10433,#10447,#10461,#10475,#10489,#10503,#10517,#10531,
#10545,#10559,#10573,#10587,#10601,#10615,#10629,#10643,#10657,#10671,#10685,
#10699,#10713,#10727,#10741,#10755,#10769,#10783,#10797,#10811,#10825,#10839,
#10853,#10867),#9933,.T.);
#10874=EDGE_CURVE('',#9587,#9572,#1629,.T.);
#10876=EDGE_CURVE('',#9600,#9587,#1714,.T.);
#10878=EDGE_CURVE('',#9520,#9600,#1780,.T.);
#10880=EDGE_CURVE('',#9520,#7573,#3309,.T.);
#10882=EDGE_CURVE('',#7573,#7542,#5553,.T.);
#10885=EDGE_CURVE('',#7541,#9222,#6611,.T.);
#10887=EDGE_CURVE('',#9221,#9222,#6498,.T.);
#10889=EDGE_CURVE('',#9572,#9221,#5193,.T.);
#10893=ADVANCED_FACE('',(#10892),#10873,.F.);
#10899=EDGE_CURVE('',#9588,#9558,#1644,.T.);
#10901=EDGE_CURVE('',#9587,#9588,#1724,.T.);
#10904=EDGE_CURVE('',#9572,#9581,#1635,.T.);
#10906=EDGE_CURVE('',#9581,#9558,#1640,.T.);
#10910=ADVANCED_FACE('',(#10909),#10898,.F.);
#10916=EDGE_CURVE('',#9596,#9612,#1656,.T.);
#10918=EDGE_CURVE('',#9588,#9596,#1729,.T.);
#10921=EDGE_CURVE('',#9557,#9558,#6639,.T.);
#10923=EDGE_CURVE('',#9684,#9557,#6691,.T.);
#10925=EDGE_CURVE('',#9683,#9684,#6715,.T.);
#10927=EDGE_CURVE('',#9700,#9683,#6731,.T.);
#10929=EDGE_CURVE('',#9700,#9612,#1648,.T.);
#10933=ADVANCED_FACE('',(#10932),#10915,.F.);
#10939=EDGE_CURVE('',#9595,#9596,#1652,.T.);
#10942=EDGE_CURVE('',#9698,#9612,#1660,.T.);
#10944=EDGE_CURVE('',#9708,#9698,#4832,.T.);
#10946=EDGE_CURVE('',#9616,#9708,#1664,.T.);
#10948=EDGE_CURVE('',#9595,#9616,#1668,.T.);
#10952=ADVANCED_FACE('',(#10951),#10938,.T.);
#10958=EDGE_CURVE('',#9603,#9604,#1672,.T.);
#10960=EDGE_CURVE('',#9604,#9610,#1676,.T.);
#10962=EDGE_CURVE('',#9716,#9610,#1680,.T.);
#10964=EDGE_CURVE('',#9714,#9716,#4840,.T.);
#10966=EDGE_CURVE('',#9614,#9714,#1684,.T.);
#10968=EDGE_CURVE('',#9603,#9614,#1688,.T.);
#10972=ADVANCED_FACE('',(#10971),#10957,.T.);
#10979=EDGE_CURVE('',#9595,#9585,#1693,.T.);
#10981=EDGE_CURVE('',#9585,#9586,#1704,.T.);
#10983=EDGE_CURVE('',#9586,#9599,#1709,.T.);
#10985=EDGE_CURVE('',#9599,#9600,#1772,.T.);
#10992=ADVANCED_FACE('',(#10991),#10977,.F.);
#10998=EDGE_CURVE('',#9585,#9566,#1737,.T.);
#11002=EDGE_CURVE('',#9616,#9706,#1733,.T.);
#11004=EDGE_CURVE('',#9706,#9691,#6735,.T.);
#11006=EDGE_CURVE('',#9691,#9692,#6719,.T.);
#11008=EDGE_CURVE('',#9692,#9565,#6695,.T.);
#11010=EDGE_CURVE('',#9565,#9566,#6647,.T.);
#11014=ADVANCED_FACE('',(#11013),#10997,.F.);
#11020=EDGE_CURVE('',#9586,#9576,#1752,.T.);
#11024=EDGE_CURVE('',#9566,#9580,#1742,.T.);
#11026=EDGE_CURVE('',#9580,#9576,#1748,.T.);
#11030=ADVANCED_FACE('',(#11029),#11019,.F.);
#11036=EDGE_CURVE('',#9599,#9521,#1776,.T.);
#11040=EDGE_CURVE('',#9224,#9576,#5201,.T.);
#11042=EDGE_CURVE('',#9224,#9513,#6494,.T.);
#11044=EDGE_CURVE('',#9512,#9513,#1756,.T.);
#11046=EDGE_CURVE('',#9512,#9478,#1760,.T.);
#11048=EDGE_CURVE('',#9477,#9478,#1764,.T.);
#11050=EDGE_CURVE('',#7554,#9477,#6615,.T.);
#11053=EDGE_CURVE('',#7580,#7552,#1768,.T.);
#11055=EDGE_CURVE('',#9521,#7580,#3317,.T.);
#11059=ADVANCED_FACE('',(#11058),#11035,.F.);
#11067=EDGE_CURVE('',#9520,#9521,#3313,.T.);
#11072=ADVANCED_FACE('',(#11071),#11064,.T.);
#11078=EDGE_CURVE('',#9274,#9902,#4707,.T.);
#11080=EDGE_CURVE('',#9272,#9274,#7255,.T.);
#11082=EDGE_CURVE('',#8942,#9272,#7288,.T.);
#11084=EDGE_CURVE('',#8940,#8942,#3128,.T.);
#11086=EDGE_CURVE('',#8938,#8940,#3132,.T.);
#11088=EDGE_CURVE('',#8937,#8938,#3136,.T.);
#11090=EDGE_CURVE('',#8937,#8968,#3140,.T.);
#11092=EDGE_CURVE('',#8966,#8968,#3144,.T.);
#11094=EDGE_CURVE('',#8964,#8966,#3148,.T.);
#11096=EDGE_CURVE('',#8962,#8964,#3152,.T.);
#11098=EDGE_CURVE('',#8961,#8962,#3156,.T.);
#11100=EDGE_CURVE('',#8961,#8996,#3160,.T.);
#11102=EDGE_CURVE('',#8994,#8996,#3164,.T.);
#11104=EDGE_CURVE('',#8992,#8994,#3168,.T.);
#11106=EDGE_CURVE('',#8990,#8992,#3172,.T.);
#11108=EDGE_CURVE('',#8989,#8990,#3176,.T.);
#11110=EDGE_CURVE('',#8989,#9024,#3180,.T.);
#11112=EDGE_CURVE('',#9022,#9024,#3184,.T.);
#11114=EDGE_CURVE('',#9020,#9022,#3188,.T.);
#11116=EDGE_CURVE('',#9018,#9020,#3192,.T.);
#11118=EDGE_CURVE('',#9017,#9018,#3196,.T.);
#11120=EDGE_CURVE('',#9017,#9052,#3200,.T.);
#11122=EDGE_CURVE('',#9050,#9052,#3204,.T.);
#11124=EDGE_CURVE('',#9048,#9050,#3208,.T.);
#11126=EDGE_CURVE('',#9046,#9048,#3212,.T.);
#11128=EDGE_CURVE('',#9045,#9046,#3216,.T.);
#11130=EDGE_CURVE('',#9045,#9080,#3220,.T.);
#11132=EDGE_CURVE('',#9078,#9080,#3224,.T.);
#11134=EDGE_CURVE('',#9076,#9078,#3228,.T.);
#11136=EDGE_CURVE('',#9074,#9076,#3232,.T.);
#11138=EDGE_CURVE('',#9073,#9074,#3236,.T.);
#11140=EDGE_CURVE('',#9073,#9132,#3240,.T.);
#11142=EDGE_CURVE('',#9130,#9132,#3244,.T.);
#11144=EDGE_CURVE('',#9128,#9130,#3248,.T.);
#11146=EDGE_CURVE('',#9126,#9128,#3252,.T.);
#11148=EDGE_CURVE('',#9125,#9126,#3256,.T.);
#11150=EDGE_CURVE('',#9125,#9208,#3260,.T.);
#11152=EDGE_CURVE('',#9206,#9208,#3264,.T.);
#11154=EDGE_CURVE('',#9204,#9206,#3268,.T.);
#11156=EDGE_CURVE('',#9202,#9204,#3272,.T.);
#11158=EDGE_CURVE('',#9201,#9202,#3276,.T.);
#11160=EDGE_CURVE('',#9260,#9201,#7088,.T.);
#11162=EDGE_CURVE('',#9260,#7590,#7076,.T.);
#11164=EDGE_CURVE('',#9534,#7590,#7060,.T.);
#11166=EDGE_CURVE('',#9896,#9534,#4719,.T.);
#11168=EDGE_CURVE('',#9896,#9894,#3280,.T.);
#11170=EDGE_CURVE('',#9894,#9892,#3284,.T.);
#11172=EDGE_CURVE('',#9891,#9892,#3288,.T.);
#11174=EDGE_CURVE('',#9891,#9532,#3292,.T.);
#11176=EDGE_CURVE('',#9532,#7576,#3297,.T.);
#11178=EDGE_CURVE('',#7576,#7574,#3301,.T.);
#11180=EDGE_CURVE('',#7573,#7574,#3305,.T.);
#11185=EDGE_CURVE('',#7579,#7580,#3321,.T.);
#11187=EDGE_CURVE('',#9524,#7579,#3325,.T.);
#11189=EDGE_CURVE('',#9524,#9525,#3329,.T.);
#11191=EDGE_CURVE('',#9525,#7586,#3333,.T.);
#11193=EDGE_CURVE('',#7584,#7586,#3337,.T.);
#11195=EDGE_CURVE('',#7583,#7584,#3341,.T.);
#11197=EDGE_CURVE('',#7583,#9528,#3346,.T.);
#11199=EDGE_CURVE('',#9904,#9528,#4723,.T.);
#11201=EDGE_CURVE('',#9904,#9911,#3350,.T.);
#11203=EDGE_CURVE('',#9911,#9912,#3355,.T.);
#11205=EDGE_CURVE('',#9902,#9912,#3359,.T.);
#11209=EDGE_CURVE('',#7689,#7690,#1808,.T.);
#11211=EDGE_CURVE('',#7698,#7689,#1812,.T.);
#11213=EDGE_CURVE('',#7696,#7698,#1816,.T.);
#11215=EDGE_CURVE('',#7694,#7696,#1820,.T.);
#11217=EDGE_CURVE('',#7692,#7694,#1824,.T.);
#11219=EDGE_CURVE('',#7690,#7692,#1828,.T.);
#11223=EDGE_CURVE('',#7713,#7714,#1832,.T.);
#11225=EDGE_CURVE('',#7722,#7713,#1836,.T.);
#11227=EDGE_CURVE('',#7720,#7722,#1840,.T.);
#11229=EDGE_CURVE('',#7718,#7720,#1844,.T.);
#11231=EDGE_CURVE('',#7716,#7718,#1848,.T.);
#11233=EDGE_CURVE('',#7714,#7716,#1852,.T.);
#11237=EDGE_CURVE('',#7737,#7738,#1856,.T.);
#11239=EDGE_CURVE('',#7746,#7737,#1860,.T.);
#11241=EDGE_CURVE('',#7744,#7746,#1864,.T.);
#11243=EDGE_CURVE('',#7742,#7744,#1868,.T.);
#11245=EDGE_CURVE('',#7740,#7742,#1872,.T.);
#11247=EDGE_CURVE('',#7738,#7740,#1876,.T.);
#11251=EDGE_CURVE('',#7761,#7762,#1880,.T.);
#11253=EDGE_CURVE('',#7770,#7761,#1884,.T.);
#11255=EDGE_CURVE('',#7768,#7770,#1888,.T.);
#11257=EDGE_CURVE('',#7766,#7768,#1892,.T.);
#11259=EDGE_CURVE('',#7764,#7766,#1896,.T.);
#11261=EDGE_CURVE('',#7762,#7764,#1900,.T.);
#11265=EDGE_CURVE('',#7785,#7786,#1904,.T.);
#11267=EDGE_CURVE('',#7794,#7785,#1908,.T.);
#11269=EDGE_CURVE('',#7792,#7794,#1912,.T.);
#11271=EDGE_CURVE('',#7790,#7792,#1916,.T.);
#11273=EDGE_CURVE('',#7788,#7790,#1920,.T.);
#11275=EDGE_CURVE('',#7786,#7788,#1924,.T.);
#11279=EDGE_CURVE('',#7809,#7810,#1928,.T.);
#11281=EDGE_CURVE('',#7818,#7809,#1932,.T.);
#11283=EDGE_CURVE('',#7816,#7818,#1936,.T.);
#11285=EDGE_CURVE('',#7814,#7816,#1940,.T.);
#11287=EDGE_CURVE('',#7812,#7814,#1944,.T.);
#11289=EDGE_CURVE('',#7810,#7812,#1948,.T.);
#11293=EDGE_CURVE('',#7833,#7834,#1952,.T.);
#11295=EDGE_CURVE('',#7842,#7833,#1956,.T.);
#11297=EDGE_CURVE('',#7840,#7842,#1960,.T.);
#11299=EDGE_CURVE('',#7838,#7840,#1964,.T.);
#11301=EDGE_CURVE('',#7836,#7838,#1968,.T.);
#11303=EDGE_CURVE('',#7834,#7836,#1972,.T.);
#11307=EDGE_CURVE('',#7857,#7858,#1976,.T.);
#11309=EDGE_CURVE('',#7866,#7857,#1980,.T.);
#11311=EDGE_CURVE('',#7864,#7866,#1984,.T.);
#11313=EDGE_CURVE('',#7862,#7864,#1988,.T.);
#11315=EDGE_CURVE('',#7860,#7862,#1992,.T.);
#11317=EDGE_CURVE('',#7858,#7860,#1996,.T.);
#11321=EDGE_CURVE('',#7881,#7882,#2000,.T.);
#11323=EDGE_CURVE('',#7890,#7881,#2004,.T.);
#11325=EDGE_CURVE('',#7888,#7890,#2008,.T.);
#11327=EDGE_CURVE('',#7886,#7888,#2012,.T.);
#11329=EDGE_CURVE('',#7884,#7886,#2016,.T.);
#11331=EDGE_CURVE('',#7882,#7884,#2020,.T.);
#11335=EDGE_CURVE('',#7905,#7906,#2024,.T.);
#11337=EDGE_CURVE('',#7914,#7905,#2028,.T.);
#11339=EDGE_CURVE('',#7912,#7914,#2032,.T.);
#11341=EDGE_CURVE('',#7910,#7912,#2036,.T.);
#11343=EDGE_CURVE('',#7908,#7910,#2040,.T.);
#11345=EDGE_CURVE('',#7906,#7908,#2044,.T.);
#11349=EDGE_CURVE('',#7929,#7930,#2048,.T.);
#11351=EDGE_CURVE('',#7938,#7929,#2052,.T.);
#11353=EDGE_CURVE('',#7936,#7938,#2056,.T.);
#11355=EDGE_CURVE('',#7934,#7936,#2060,.T.);
#11357=EDGE_CURVE('',#7932,#7934,#2064,.T.);
#11359=EDGE_CURVE('',#7930,#7932,#2068,.T.);
#11363=EDGE_CURVE('',#7953,#7954,#2072,.T.);
#11365=EDGE_CURVE('',#7962,#7953,#2076,.T.);
#11367=EDGE_CURVE('',#7960,#7962,#2080,.T.);
#11369=EDGE_CURVE('',#7958,#7960,#2084,.T.);
#11371=EDGE_CURVE('',#7956,#7958,#2088,.T.);
#11373=EDGE_CURVE('',#7954,#7956,#2092,.T.);
#11377=EDGE_CURVE('',#7977,#7978,#2096,.T.);
#11379=EDGE_CURVE('',#7986,#7977,#2100,.T.);
#11381=EDGE_CURVE('',#7984,#7986,#2104,.T.);
#11383=EDGE_CURVE('',#7982,#7984,#2108,.T.);
#11385=EDGE_CURVE('',#7980,#7982,#2112,.T.);
#11387=EDGE_CURVE('',#7978,#7980,#2116,.T.);
#11391=EDGE_CURVE('',#8001,#8002,#2120,.T.);
#11393=EDGE_CURVE('',#8010,#8001,#2124,.T.);
#11395=EDGE_CURVE('',#8008,#8010,#2128,.T.);
#11397=EDGE_CURVE('',#8006,#8008,#2132,.T.);
#11399=EDGE_CURVE('',#8004,#8006,#2136,.T.);
#11401=EDGE_CURVE('',#8002,#8004,#2140,.T.);
#11405=EDGE_CURVE('',#8025,#8026,#2144,.T.);
#11407=EDGE_CURVE('',#8034,#8025,#2148,.T.);
#11409=EDGE_CURVE('',#8032,#8034,#2152,.T.);
#11411=EDGE_CURVE('',#8030,#8032,#2156,.T.);
#11413=EDGE_CURVE('',#8028,#8030,#2160,.T.);
#11415=EDGE_CURVE('',#8026,#8028,#2164,.T.);
#11419=EDGE_CURVE('',#8049,#8050,#2168,.T.);
#11421=EDGE_CURVE('',#8058,#8049,#2172,.T.);
#11423=EDGE_CURVE('',#8056,#8058,#2176,.T.);
#11425=EDGE_CURVE('',#8054,#8056,#2180,.T.);
#11427=EDGE_CURVE('',#8052,#8054,#2184,.T.);
#11429=EDGE_CURVE('',#8050,#8052,#2188,.T.);
#11433=EDGE_CURVE('',#8073,#8074,#2192,.T.);
#11435=EDGE_CURVE('',#8082,#8073,#2196,.T.);
#11437=EDGE_CURVE('',#8080,#8082,#2200,.T.);
#11439=EDGE_CURVE('',#8078,#8080,#2204,.T.);
#11441=EDGE_CURVE('',#8076,#8078,#2208,.T.);
#11443=EDGE_CURVE('',#8074,#8076,#2212,.T.);
#11447=EDGE_CURVE('',#8097,#8098,#2216,.T.);
#11449=EDGE_CURVE('',#8106,#8097,#2220,.T.);
#11451=EDGE_CURVE('',#8104,#8106,#2224,.T.);
#11453=EDGE_CURVE('',#8102,#8104,#2228,.T.);
#11455=EDGE_CURVE('',#8100,#8102,#2232,.T.);
#11457=EDGE_CURVE('',#8098,#8100,#2236,.T.);
#11461=EDGE_CURVE('',#8121,#8122,#2240,.T.);
#11463=EDGE_CURVE('',#8130,#8121,#2244,.T.);
#11465=EDGE_CURVE('',#8128,#8130,#2248,.T.);
#11467=EDGE_CURVE('',#8126,#8128,#2252,.T.);
#11469=EDGE_CURVE('',#8124,#8126,#2256,.T.);
#11471=EDGE_CURVE('',#8122,#8124,#2260,.T.);
#11475=EDGE_CURVE('',#8145,#8146,#2264,.T.);
#11477=EDGE_CURVE('',#8154,#8145,#2268,.T.);
#11479=EDGE_CURVE('',#8152,#8154,#2272,.T.);
#11481=EDGE_CURVE('',#8150,#8152,#2276,.T.);
#11483=EDGE_CURVE('',#8148,#8150,#2280,.T.);
#11485=EDGE_CURVE('',#8146,#8148,#2284,.T.);
#11489=EDGE_CURVE('',#8169,#8170,#2288,.T.);
#11491=EDGE_CURVE('',#8178,#8169,#2292,.T.);
#11493=EDGE_CURVE('',#8176,#8178,#2296,.T.);
#11495=EDGE_CURVE('',#8174,#8176,#2300,.T.);
#11497=EDGE_CURVE('',#8172,#8174,#2304,.T.);
#11499=EDGE_CURVE('',#8170,#8172,#2308,.T.);
#11503=EDGE_CURVE('',#8193,#8194,#2312,.T.);
#11505=EDGE_CURVE('',#8202,#8193,#2316,.T.);
#11507=EDGE_CURVE('',#8200,#8202,#2320,.T.);
#11509=EDGE_CURVE('',#8198,#8200,#2324,.T.);
#11511=EDGE_CURVE('',#8196,#8198,#2328,.T.);
#11513=EDGE_CURVE('',#8194,#8196,#2332,.T.);
#11517=EDGE_CURVE('',#8217,#8218,#2336,.T.);
#11519=EDGE_CURVE('',#8226,#8217,#2340,.T.);
#11521=EDGE_CURVE('',#8224,#8226,#2344,.T.);
#11523=EDGE_CURVE('',#8222,#8224,#2348,.T.);
#11525=EDGE_CURVE('',#8220,#8222,#2352,.T.);
#11527=EDGE_CURVE('',#8218,#8220,#2356,.T.);
#11531=EDGE_CURVE('',#8241,#8242,#2360,.T.);
#11533=EDGE_CURVE('',#8250,#8241,#2364,.T.);
#11535=EDGE_CURVE('',#8248,#8250,#2368,.T.);
#11537=EDGE_CURVE('',#8246,#8248,#2372,.T.);
#11539=EDGE_CURVE('',#8244,#8246,#2376,.T.);
#11541=EDGE_CURVE('',#8242,#8244,#2380,.T.);
#11545=EDGE_CURVE('',#8265,#8266,#2384,.T.);
#11547=EDGE_CURVE('',#8274,#8265,#2388,.T.);
#11549=EDGE_CURVE('',#8272,#8274,#2392,.T.);
#11551=EDGE_CURVE('',#8270,#8272,#2396,.T.);
#11553=EDGE_CURVE('',#8268,#8270,#2400,.T.);
#11555=EDGE_CURVE('',#8266,#8268,#2404,.T.);
#11559=EDGE_CURVE('',#8289,#8290,#2408,.T.);
#11561=EDGE_CURVE('',#8298,#8289,#2412,.T.);
#11563=EDGE_CURVE('',#8296,#8298,#2416,.T.);
#11565=EDGE_CURVE('',#8294,#8296,#2420,.T.);
#11567=EDGE_CURVE('',#8292,#8294,#2424,.T.);
#11569=EDGE_CURVE('',#8290,#8292,#2428,.T.);
#11573=EDGE_CURVE('',#8313,#8314,#2432,.T.);
#11575=EDGE_CURVE('',#8322,#8313,#2436,.T.);
#11577=EDGE_CURVE('',#8320,#8322,#2440,.T.);
#11579=EDGE_CURVE('',#8318,#8320,#2444,.T.);
#11581=EDGE_CURVE('',#8316,#8318,#2448,.T.);
#11583=EDGE_CURVE('',#8314,#8316,#2452,.T.);
#11587=EDGE_CURVE('',#8337,#8338,#2456,.T.);
#11589=EDGE_CURVE('',#8346,#8337,#2460,.T.);
#11591=EDGE_CURVE('',#8344,#8346,#2464,.T.);
#11593=EDGE_CURVE('',#8342,#8344,#2468,.T.);
#11595=EDGE_CURVE('',#8340,#8342,#2472,.T.);
#11597=EDGE_CURVE('',#8338,#8340,#2476,.T.);
#11601=EDGE_CURVE('',#8361,#8362,#2480,.T.);
#11603=EDGE_CURVE('',#8370,#8361,#2484,.T.);
#11605=EDGE_CURVE('',#8368,#8370,#2488,.T.);
#11607=EDGE_CURVE('',#8366,#8368,#2492,.T.);
#11609=EDGE_CURVE('',#8364,#8366,#2496,.T.);
#11611=EDGE_CURVE('',#8362,#8364,#2500,.T.);
#11615=EDGE_CURVE('',#8385,#8386,#2504,.T.);
#11617=EDGE_CURVE('',#8394,#8385,#2508,.T.);
#11619=EDGE_CURVE('',#8392,#8394,#2512,.T.);
#11621=EDGE_CURVE('',#8390,#8392,#2516,.T.);
#11623=EDGE_CURVE('',#8388,#8390,#2520,.T.);
#11625=EDGE_CURVE('',#8386,#8388,#2524,.T.);
#11629=EDGE_CURVE('',#8409,#8410,#2528,.T.);
#11631=EDGE_CURVE('',#8418,#8409,#2532,.T.);
#11633=EDGE_CURVE('',#8416,#8418,#2536,.T.);
#11635=EDGE_CURVE('',#8414,#8416,#2540,.T.);
#11637=EDGE_CURVE('',#8412,#8414,#2544,.T.);
#11639=EDGE_CURVE('',#8410,#8412,#2548,.T.);
#11643=EDGE_CURVE('',#8433,#8434,#2552,.T.);
#11645=EDGE_CURVE('',#8442,#8433,#2556,.T.);
#11647=EDGE_CURVE('',#8440,#8442,#2560,.T.);
#11649=EDGE_CURVE('',#8438,#8440,#2564,.T.);
#11651=EDGE_CURVE('',#8436,#8438,#2568,.T.);
#11653=EDGE_CURVE('',#8434,#8436,#2572,.T.);
#11657=EDGE_CURVE('',#8457,#8458,#2576,.T.);
#11659=EDGE_CURVE('',#8466,#8457,#2580,.T.);
#11661=EDGE_CURVE('',#8464,#8466,#2584,.T.);
#11663=EDGE_CURVE('',#8462,#8464,#2588,.T.);
#11665=EDGE_CURVE('',#8460,#8462,#2592,.T.);
#11667=EDGE_CURVE('',#8458,#8460,#2596,.T.);
#11671=EDGE_CURVE('',#8481,#8482,#2600,.T.);
#11673=EDGE_CURVE('',#8490,#8481,#2604,.T.);
#11675=EDGE_CURVE('',#8488,#8490,#2608,.T.);
#11677=EDGE_CURVE('',#8486,#8488,#2612,.T.);
#11679=EDGE_CURVE('',#8484,#8486,#2616,.T.);
#11681=EDGE_CURVE('',#8482,#8484,#2620,.T.);
#11685=EDGE_CURVE('',#8505,#8506,#2624,.T.);
#11687=EDGE_CURVE('',#8514,#8505,#2628,.T.);
#11689=EDGE_CURVE('',#8512,#8514,#2632,.T.);
#11691=EDGE_CURVE('',#8510,#8512,#2636,.T.);
#11693=EDGE_CURVE('',#8508,#8510,#2640,.T.);
#11695=EDGE_CURVE('',#8506,#8508,#2644,.T.);
#11699=EDGE_CURVE('',#8529,#8530,#2648,.T.);
#11701=EDGE_CURVE('',#8538,#8529,#2652,.T.);
#11703=EDGE_CURVE('',#8536,#8538,#2656,.T.);
#11705=EDGE_CURVE('',#8534,#8536,#2660,.T.);
#11707=EDGE_CURVE('',#8532,#8534,#2664,.T.);
#11709=EDGE_CURVE('',#8530,#8532,#2668,.T.);
#11713=EDGE_CURVE('',#8553,#8554,#2672,.T.);
#11715=EDGE_CURVE('',#8562,#8553,#2676,.T.);
#11717=EDGE_CURVE('',#8560,#8562,#2680,.T.);
#11719=EDGE_CURVE('',#8558,#8560,#2684,.T.);
#11721=EDGE_CURVE('',#8556,#8558,#2688,.T.);
#11723=EDGE_CURVE('',#8554,#8556,#2692,.T.);
#11727=EDGE_CURVE('',#8577,#8578,#2696,.T.);
#11729=EDGE_CURVE('',#8586,#8577,#2700,.T.);
#11731=EDGE_CURVE('',#8584,#8586,#2704,.T.);
#11733=EDGE_CURVE('',#8582,#8584,#2708,.T.);
#11735=EDGE_CURVE('',#8580,#8582,#2712,.T.);
#11737=EDGE_CURVE('',#8578,#8580,#2716,.T.);
#11741=EDGE_CURVE('',#8601,#8602,#2720,.T.);
#11743=EDGE_CURVE('',#8610,#8601,#2724,.T.);
#11745=EDGE_CURVE('',#8608,#8610,#2728,.T.);
#11747=EDGE_CURVE('',#8606,#8608,#2732,.T.);
#11749=EDGE_CURVE('',#8604,#8606,#2736,.T.);
#11751=EDGE_CURVE('',#8602,#8604,#2740,.T.);
#11755=EDGE_CURVE('',#8625,#8626,#2744,.T.);
#11757=EDGE_CURVE('',#8634,#8625,#2748,.T.);
#11759=EDGE_CURVE('',#8632,#8634,#2752,.T.);
#11761=EDGE_CURVE('',#8630,#8632,#2756,.T.);
#11763=EDGE_CURVE('',#8628,#8630,#2760,.T.);
#11765=EDGE_CURVE('',#8626,#8628,#2764,.T.);
#11769=EDGE_CURVE('',#8649,#8650,#2768,.T.);
#11771=EDGE_CURVE('',#8658,#8649,#2772,.T.);
#11773=EDGE_CURVE('',#8656,#8658,#2776,.T.);
#11775=EDGE_CURVE('',#8654,#8656,#2780,.T.);
#11777=EDGE_CURVE('',#8652,#8654,#2784,.T.);
#11779=EDGE_CURVE('',#8650,#8652,#2788,.T.);
#11783=EDGE_CURVE('',#8673,#8674,#2792,.T.);
#11785=EDGE_CURVE('',#8682,#8673,#2796,.T.);
#11787=EDGE_CURVE('',#8680,#8682,#2800,.T.);
#11789=EDGE_CURVE('',#8678,#8680,#2804,.T.);
#11791=EDGE_CURVE('',#8676,#8678,#2808,.T.);
#11793=EDGE_CURVE('',#8674,#8676,#2812,.T.);
#11797=EDGE_CURVE('',#8697,#8698,#2816,.T.);
#11799=EDGE_CURVE('',#8706,#8697,#2820,.T.);
#11801=EDGE_CURVE('',#8704,#8706,#2824,.T.);
#11803=EDGE_CURVE('',#8702,#8704,#2828,.T.);
#11805=EDGE_CURVE('',#8700,#8702,#2832,.T.);
#11807=EDGE_CURVE('',#8698,#8700,#2836,.T.);
#11811=EDGE_CURVE('',#8721,#8722,#2840,.T.);
#11813=EDGE_CURVE('',#8730,#8721,#2844,.T.);
#11815=EDGE_CURVE('',#8728,#8730,#2848,.T.);
#11817=EDGE_CURVE('',#8726,#8728,#2852,.T.);
#11819=EDGE_CURVE('',#8724,#8726,#2856,.T.);
#11821=EDGE_CURVE('',#8722,#8724,#2860,.T.);
#11825=EDGE_CURVE('',#8745,#8746,#2864,.T.);
#11827=EDGE_CURVE('',#8754,#8745,#2868,.T.);
#11829=EDGE_CURVE('',#8752,#8754,#2872,.T.);
#11831=EDGE_CURVE('',#8750,#8752,#2876,.T.);
#11833=EDGE_CURVE('',#8748,#8750,#2880,.T.);
#11835=EDGE_CURVE('',#8746,#8748,#2884,.T.);
#11839=EDGE_CURVE('',#8769,#8770,#2888,.T.);
#11841=EDGE_CURVE('',#8778,#8769,#2892,.T.);
#11843=EDGE_CURVE('',#8776,#8778,#2896,.T.);
#11845=EDGE_CURVE('',#8774,#8776,#2900,.T.);
#11847=EDGE_CURVE('',#8772,#8774,#2904,.T.);
#11849=EDGE_CURVE('',#8770,#8772,#2908,.T.);
#11853=EDGE_CURVE('',#8793,#8794,#2912,.T.);
#11855=EDGE_CURVE('',#8802,#8793,#2916,.T.);
#11857=EDGE_CURVE('',#8800,#8802,#2920,.T.);
#11859=EDGE_CURVE('',#8798,#8800,#2924,.T.);
#11861=EDGE_CURVE('',#8796,#8798,#2928,.T.);
#11863=EDGE_CURVE('',#8794,#8796,#2932,.T.);
#11867=EDGE_CURVE('',#9101,#9102,#2936,.T.);
#11869=EDGE_CURVE('',#9110,#9101,#2940,.T.);
#11871=EDGE_CURVE('',#9108,#9110,#2944,.T.);
#11873=EDGE_CURVE('',#9106,#9108,#2948,.T.);
#11875=EDGE_CURVE('',#9104,#9106,#2952,.T.);
#11877=EDGE_CURVE('',#9102,#9104,#2956,.T.);
#11881=EDGE_CURVE('',#8817,#8818,#2960,.T.);
#11883=EDGE_CURVE('',#8826,#8817,#2964,.T.);
#11885=EDGE_CURVE('',#8824,#8826,#2968,.T.);
#11887=EDGE_CURVE('',#8822,#8824,#2972,.T.);
#11889=EDGE_CURVE('',#8820,#8822,#2976,.T.);
#11891=EDGE_CURVE('',#8818,#8820,#2980,.T.);
#11895=EDGE_CURVE('',#8841,#8842,#2984,.T.);
#11897=EDGE_CURVE('',#8850,#8841,#2988,.T.);
#11899=EDGE_CURVE('',#8848,#8850,#2992,.T.);
#11901=EDGE_CURVE('',#8846,#8848,#2996,.T.);
#11903=EDGE_CURVE('',#8844,#8846,#3000,.T.);
#11905=EDGE_CURVE('',#8842,#8844,#3004,.T.);
#11909=EDGE_CURVE('',#8865,#8866,#3008,.T.);
#11911=EDGE_CURVE('',#8874,#8865,#3012,.T.);
#11913=EDGE_CURVE('',#8872,#8874,#3016,.T.);
#11915=EDGE_CURVE('',#8870,#8872,#3020,.T.);
#11917=EDGE_CURVE('',#8868,#8870,#3024,.T.);
#11919=EDGE_CURVE('',#8866,#8868,#3028,.T.);
#11923=EDGE_CURVE('',#8889,#8890,#3032,.T.);
#11925=EDGE_CURVE('',#8898,#8889,#3036,.T.);
#11927=EDGE_CURVE('',#8896,#8898,#3040,.T.);
#11929=EDGE_CURVE('',#8894,#8896,#3044,.T.);
#11931=EDGE_CURVE('',#8892,#8894,#3048,.T.);
#11933=EDGE_CURVE('',#8890,#8892,#3052,.T.);
#11937=EDGE_CURVE('',#9153,#9154,#3056,.T.);
#11939=EDGE_CURVE('',#9162,#9153,#3060,.T.);
#11941=EDGE_CURVE('',#9160,#9162,#3064,.T.);
#11943=EDGE_CURVE('',#9158,#9160,#3068,.T.);
#11945=EDGE_CURVE('',#9156,#9158,#3072,.T.);
#11947=EDGE_CURVE('',#9154,#9156,#3076,.T.);
#11951=EDGE_CURVE('',#9177,#9178,#3080,.T.);
#11953=EDGE_CURVE('',#9186,#9177,#3084,.T.);
#11955=EDGE_CURVE('',#9184,#9186,#3088,.T.);
#11957=EDGE_CURVE('',#9182,#9184,#3092,.T.);
#11959=EDGE_CURVE('',#9180,#9182,#3096,.T.);
#11961=EDGE_CURVE('',#9178,#9180,#3100,.T.);
#11965=EDGE_CURVE('',#8913,#8914,#3104,.T.);
#11967=EDGE_CURVE('',#8922,#8913,#3108,.T.);
#11969=EDGE_CURVE('',#8920,#8922,#3112,.T.);
#11971=EDGE_CURVE('',#8918,#8920,#3116,.T.);
#11973=EDGE_CURVE('',#8916,#8918,#3120,.T.);
#11975=EDGE_CURVE('',#8914,#8916,#3124,.T.);
#11979=EDGE_CURVE('',#7665,#7666,#1784,.T.);
#11981=EDGE_CURVE('',#7674,#7665,#1788,.T.);
#11983=EDGE_CURVE('',#7672,#7674,#1792,.T.);
#11985=EDGE_CURVE('',#7670,#7672,#1796,.T.);
#11987=EDGE_CURVE('',#7668,#7670,#1800,.T.);
#11989=EDGE_CURVE('',#7666,#7668,#1804,.T.);
#11993=ADVANCED_FACE('',(#11208,#11222,#11236,#11250,#11264,#11278,#11292,
#11306,#11320,#11334,#11348,#11362,#11376,#11390,#11404,#11418,#11432,#11446,
#11460,#11474,#11488,#11502,#11516,#11530,#11544,#11558,#11572,#11586,#11600,
#11614,#11628,#11642,#11656,#11670,#11684,#11698,#11712,#11726,#11740,#11754,
#11768,#11782,#11796,#11810,#11824,#11838,#11852,#11866,#11880,#11894,#11908,
#11922,#11936,#11950,#11964,#11978,#11992),#11077,.F.);
#12000=EDGE_CURVE('',#7653,#7665,#3363,.T.);
#12003=EDGE_CURVE('',#7654,#7666,#3383,.T.);
#12007=ADVANCED_FACE('',(#12006),#11998,.F.);
#12014=EDGE_CURVE('',#7662,#7674,#3367,.T.);
#12020=ADVANCED_FACE('',(#12019),#12012,.F.);
#12027=EDGE_CURVE('',#7660,#7672,#3371,.T.);
#12033=ADVANCED_FACE('',(#12032),#12025,.F.);
#12040=EDGE_CURVE('',#7658,#7670,#3375,.T.);
#12046=ADVANCED_FACE('',(#12045),#12038,.F.);
#12053=EDGE_CURVE('',#7656,#7668,#3379,.T.);
#12059=ADVANCED_FACE('',(#12058),#12051,.F.);
#12071=ADVANCED_FACE('',(#12070),#12064,.F.);
#12078=EDGE_CURVE('',#7677,#7689,#3387,.T.);
#12081=EDGE_CURVE('',#7678,#7690,#3407,.T.);
#12085=ADVANCED_FACE('',(#12084),#12076,.F.);
#12092=EDGE_CURVE('',#7686,#7698,#3391,.T.);
#12098=ADVANCED_FACE('',(#12097),#12090,.F.);
#12105=EDGE_CURVE('',#7684,#7696,#3395,.T.);
#12111=ADVANCED_FACE('',(#12110),#12103,.F.);
#12118=EDGE_CURVE('',#7682,#7694,#3399,.T.);
#12124=ADVANCED_FACE('',(#12123),#12116,.F.);
#12131=EDGE_CURVE('',#7680,#7692,#3403,.T.);
#12137=ADVANCED_FACE('',(#12136),#12129,.F.);
#12149=ADVANCED_FACE('',(#12148),#12142,.F.);
#12156=EDGE_CURVE('',#7701,#7713,#3411,.T.);
#12159=EDGE_CURVE('',#7702,#7714,#3431,.T.);
#12163=ADVANCED_FACE('',(#12162),#12154,.F.);
#12170=EDGE_CURVE('',#7710,#7722,#3415,.T.);
#12176=ADVANCED_FACE('',(#12175),#12168,.F.);
#12183=EDGE_CURVE('',#7708,#7720,#3419,.T.);
#12189=ADVANCED_FACE('',(#12188),#12181,.F.);
#12196=EDGE_CURVE('',#7706,#7718,#3423,.T.);
#12202=ADVANCED_FACE('',(#12201),#12194,.F.);
#12209=EDGE_CURVE('',#7704,#7716,#3427,.T.);
#12215=ADVANCED_FACE('',(#12214),#12207,.F.);
#12227=ADVANCED_FACE('',(#12226),#12220,.F.);
#12234=EDGE_CURVE('',#7725,#7737,#3435,.T.);
#12237=EDGE_CURVE('',#7726,#7738,#3455,.T.);
#12241=ADVANCED_FACE('',(#12240),#12232,.F.);
#12248=EDGE_CURVE('',#7734,#7746,#3439,.T.);
#12254=ADVANCED_FACE('',(#12253),#12246,.F.);
#12261=EDGE_CURVE('',#7732,#7744,#3443,.T.);
#12267=ADVANCED_FACE('',(#12266),#12259,.F.);
#12274=EDGE_CURVE('',#7730,#7742,#3447,.T.);
#12280=ADVANCED_FACE('',(#12279),#12272,.F.);
#12287=EDGE_CURVE('',#7728,#7740,#3451,.T.);
#12293=ADVANCED_FACE('',(#12292),#12285,.F.);
#12305=ADVANCED_FACE('',(#12304),#12298,.F.);
#12312=EDGE_CURVE('',#7749,#7761,#3459,.T.);
#12315=EDGE_CURVE('',#7750,#7762,#3479,.T.);
#12319=ADVANCED_FACE('',(#12318),#12310,.F.);
#12326=EDGE_CURVE('',#7758,#7770,#3463,.T.);
#12332=ADVANCED_FACE('',(#12331),#12324,.F.);
#12339=EDGE_CURVE('',#7756,#7768,#3467,.T.);
#12345=ADVANCED_FACE('',(#12344),#12337,.F.);
#12352=EDGE_CURVE('',#7754,#7766,#3471,.T.);
#12358=ADVANCED_FACE('',(#12357),#12350,.F.);
#12365=EDGE_CURVE('',#7752,#7764,#3475,.T.);
#12371=ADVANCED_FACE('',(#12370),#12363,.F.);
#12383=ADVANCED_FACE('',(#12382),#12376,.F.);
#12390=EDGE_CURVE('',#7773,#7785,#3483,.T.);
#12393=EDGE_CURVE('',#7774,#7786,#3503,.T.);
#12397=ADVANCED_FACE('',(#12396),#12388,.F.);
#12404=EDGE_CURVE('',#7782,#7794,#3487,.T.);
#12410=ADVANCED_FACE('',(#12409),#12402,.F.);
#12417=EDGE_CURVE('',#7780,#7792,#3491,.T.);
#12423=ADVANCED_FACE('',(#12422),#12415,.F.);
#12430=EDGE_CURVE('',#7778,#7790,#3495,.T.);
#12436=ADVANCED_FACE('',(#12435),#12428,.F.);
#12443=EDGE_CURVE('',#7776,#7788,#3499,.T.);
#12449=ADVANCED_FACE('',(#12448),#12441,.F.);
#12461=ADVANCED_FACE('',(#12460),#12454,.F.);
#12468=EDGE_CURVE('',#7797,#7809,#3507,.T.);
#12471=EDGE_CURVE('',#7798,#7810,#3527,.T.);
#12475=ADVANCED_FACE('',(#12474),#12466,.F.);
#12482=EDGE_CURVE('',#7806,#7818,#3511,.T.);
#12488=ADVANCED_FACE('',(#12487),#12480,.F.);
#12495=EDGE_CURVE('',#7804,#7816,#3515,.T.);
#12501=ADVANCED_FACE('',(#12500),#12493,.F.);
#12508=EDGE_CURVE('',#7802,#7814,#3519,.T.);
#12514=ADVANCED_FACE('',(#12513),#12506,.F.);
#12521=EDGE_CURVE('',#7800,#7812,#3523,.T.);
#12527=ADVANCED_FACE('',(#12526),#12519,.F.);
#12539=ADVANCED_FACE('',(#12538),#12532,.F.);
#12546=EDGE_CURVE('',#7821,#7833,#3531,.T.);
#12549=EDGE_CURVE('',#7822,#7834,#3551,.T.);
#12553=ADVANCED_FACE('',(#12552),#12544,.F.);
#12560=EDGE_CURVE('',#7830,#7842,#3535,.T.);
#12566=ADVANCED_FACE('',(#12565),#12558,.F.);
#12573=EDGE_CURVE('',#7828,#7840,#3539,.T.);
#12579=ADVANCED_FACE('',(#12578),#12571,.F.);
#12586=EDGE_CURVE('',#7826,#7838,#3543,.T.);
#12592=ADVANCED_FACE('',(#12591),#12584,.F.);
#12599=EDGE_CURVE('',#7824,#7836,#3547,.T.);
#12605=ADVANCED_FACE('',(#12604),#12597,.F.);
#12617=ADVANCED_FACE('',(#12616),#12610,.F.);
#12624=EDGE_CURVE('',#7845,#7857,#3555,.T.);
#12627=EDGE_CURVE('',#7846,#7858,#3575,.T.);
#12631=ADVANCED_FACE('',(#12630),#12622,.F.);
#12638=EDGE_CURVE('',#7854,#7866,#3559,.T.);
#12644=ADVANCED_FACE('',(#12643),#12636,.F.);
#12651=EDGE_CURVE('',#7852,#7864,#3563,.T.);
#12657=ADVANCED_FACE('',(#12656),#12649,.F.);
#12664=EDGE_CURVE('',#7850,#7862,#3567,.T.);
#12670=ADVANCED_FACE('',(#12669),#12662,.F.);
#12677=EDGE_CURVE('',#7848,#7860,#3571,.T.);
#12683=ADVANCED_FACE('',(#12682),#12675,.F.);
#12695=ADVANCED_FACE('',(#12694),#12688,.F.);
#12702=EDGE_CURVE('',#7869,#7881,#3579,.T.);
#12705=EDGE_CURVE('',#7870,#7882,#3599,.T.);
#12709=ADVANCED_FACE('',(#12708),#12700,.F.);
#12716=EDGE_CURVE('',#7878,#7890,#3583,.T.);
#12722=ADVANCED_FACE('',(#12721),#12714,.F.);
#12729=EDGE_CURVE('',#7876,#7888,#3587,.T.);
#12735=ADVANCED_FACE('',(#12734),#12727,.F.);
#12742=EDGE_CURVE('',#7874,#7886,#3591,.T.);
#12748=ADVANCED_FACE('',(#12747),#12740,.F.);
#12755=EDGE_CURVE('',#7872,#7884,#3595,.T.);
#12761=ADVANCED_FACE('',(#12760),#12753,.F.);
#12773=ADVANCED_FACE('',(#12772),#12766,.F.);
#12780=EDGE_CURVE('',#7893,#7905,#3603,.T.);
#12783=EDGE_CURVE('',#7894,#7906,#3623,.T.);
#12787=ADVANCED_FACE('',(#12786),#12778,.F.);
#12794=EDGE_CURVE('',#7902,#7914,#3607,.T.);
#12800=ADVANCED_FACE('',(#12799),#12792,.F.);
#12807=EDGE_CURVE('',#7900,#7912,#3611,.T.);
#12813=ADVANCED_FACE('',(#12812),#12805,.F.);
#12820=EDGE_CURVE('',#7898,#7910,#3615,.T.);
#12826=ADVANCED_FACE('',(#12825),#12818,.F.);
#12833=EDGE_CURVE('',#7896,#7908,#3619,.T.);
#12839=ADVANCED_FACE('',(#12838),#12831,.F.);
#12851=ADVANCED_FACE('',(#12850),#12844,.F.);
#12858=EDGE_CURVE('',#7917,#7929,#3627,.T.);
#12861=EDGE_CURVE('',#7918,#7930,#3647,.T.);
#12865=ADVANCED_FACE('',(#12864),#12856,.F.);
#12872=EDGE_CURVE('',#7926,#7938,#3631,.T.);
#12878=ADVANCED_FACE('',(#12877),#12870,.F.);
#12885=EDGE_CURVE('',#7924,#7936,#3635,.T.);
#12891=ADVANCED_FACE('',(#12890),#12883,.F.);
#12898=EDGE_CURVE('',#7922,#7934,#3639,.T.);
#12904=ADVANCED_FACE('',(#12903),#12896,.F.);
#12911=EDGE_CURVE('',#7920,#7932,#3643,.T.);
#12917=ADVANCED_FACE('',(#12916),#12909,.F.);
#12929=ADVANCED_FACE('',(#12928),#12922,.F.);
#12936=EDGE_CURVE('',#7941,#7953,#3651,.T.);
#12939=EDGE_CURVE('',#7942,#7954,#3671,.T.);
#12943=ADVANCED_FACE('',(#12942),#12934,.F.);
#12950=EDGE_CURVE('',#7950,#7962,#3655,.T.);
#12956=ADVANCED_FACE('',(#12955),#12948,.F.);
#12963=EDGE_CURVE('',#7948,#7960,#3659,.T.);
#12969=ADVANCED_FACE('',(#12968),#12961,.F.);
#12976=EDGE_CURVE('',#7946,#7958,#3663,.T.);
#12982=ADVANCED_FACE('',(#12981),#12974,.F.);
#12989=EDGE_CURVE('',#7944,#7956,#3667,.T.);
#12995=ADVANCED_FACE('',(#12994),#12987,.F.);
#13007=ADVANCED_FACE('',(#13006),#13000,.F.);
#13014=EDGE_CURVE('',#7965,#7977,#3675,.T.);
#13017=EDGE_CURVE('',#7966,#7978,#3695,.T.);
#13021=ADVANCED_FACE('',(#13020),#13012,.F.);
#13028=EDGE_CURVE('',#7974,#7986,#3679,.T.);
#13034=ADVANCED_FACE('',(#13033),#13026,.F.);
#13041=EDGE_CURVE('',#7972,#7984,#3683,.T.);
#13047=ADVANCED_FACE('',(#13046),#13039,.F.);
#13054=EDGE_CURVE('',#7970,#7982,#3687,.T.);
#13060=ADVANCED_FACE('',(#13059),#13052,.F.);
#13067=EDGE_CURVE('',#7968,#7980,#3691,.T.);
#13073=ADVANCED_FACE('',(#13072),#13065,.F.);
#13085=ADVANCED_FACE('',(#13084),#13078,.F.);
#13092=EDGE_CURVE('',#7989,#8001,#3699,.T.);
#13095=EDGE_CURVE('',#7990,#8002,#3719,.T.);
#13099=ADVANCED_FACE('',(#13098),#13090,.F.);
#13106=EDGE_CURVE('',#7998,#8010,#3703,.T.);
#13112=ADVANCED_FACE('',(#13111),#13104,.F.);
#13119=EDGE_CURVE('',#7996,#8008,#3707,.T.);
#13125=ADVANCED_FACE('',(#13124),#13117,.F.);
#13132=EDGE_CURVE('',#7994,#8006,#3711,.T.);
#13138=ADVANCED_FACE('',(#13137),#13130,.F.);
#13145=EDGE_CURVE('',#7992,#8004,#3715,.T.);
#13151=ADVANCED_FACE('',(#13150),#13143,.F.);
#13163=ADVANCED_FACE('',(#13162),#13156,.F.);
#13170=EDGE_CURVE('',#8013,#8025,#3723,.T.);
#13173=EDGE_CURVE('',#8014,#8026,#3743,.T.);
#13177=ADVANCED_FACE('',(#13176),#13168,.F.);
#13184=EDGE_CURVE('',#8022,#8034,#3727,.T.);
#13190=ADVANCED_FACE('',(#13189),#13182,.F.);
#13197=EDGE_CURVE('',#8020,#8032,#3731,.T.);
#13203=ADVANCED_FACE('',(#13202),#13195,.F.);
#13210=EDGE_CURVE('',#8018,#8030,#3735,.T.);
#13216=ADVANCED_FACE('',(#13215),#13208,.F.);
#13223=EDGE_CURVE('',#8016,#8028,#3739,.T.);
#13229=ADVANCED_FACE('',(#13228),#13221,.F.);
#13241=ADVANCED_FACE('',(#13240),#13234,.F.);
#13248=EDGE_CURVE('',#8037,#8049,#3747,.T.);
#13251=EDGE_CURVE('',#8038,#8050,#3767,.T.);
#13255=ADVANCED_FACE('',(#13254),#13246,.F.);
#13262=EDGE_CURVE('',#8046,#8058,#3751,.T.);
#13268=ADVANCED_FACE('',(#13267),#13260,.F.);
#13275=EDGE_CURVE('',#8044,#8056,#3755,.T.);
#13281=ADVANCED_FACE('',(#13280),#13273,.F.);
#13288=EDGE_CURVE('',#8042,#8054,#3759,.T.);
#13294=ADVANCED_FACE('',(#13293),#13286,.F.);
#13301=EDGE_CURVE('',#8040,#8052,#3763,.T.);
#13307=ADVANCED_FACE('',(#13306),#13299,.F.);
#13319=ADVANCED_FACE('',(#13318),#13312,.F.);
#13326=EDGE_CURVE('',#8061,#8073,#3771,.T.);
#13329=EDGE_CURVE('',#8062,#8074,#3791,.T.);
#13333=ADVANCED_FACE('',(#13332),#13324,.F.);
#13340=EDGE_CURVE('',#8070,#8082,#3775,.T.);
#13346=ADVANCED_FACE('',(#13345),#13338,.F.);
#13353=EDGE_CURVE('',#8068,#8080,#3779,.T.);
#13359=ADVANCED_FACE('',(#13358),#13351,.F.);
#13366=EDGE_CURVE('',#8066,#8078,#3783,.T.);
#13372=ADVANCED_FACE('',(#13371),#13364,.F.);
#13379=EDGE_CURVE('',#8064,#8076,#3787,.T.);
#13385=ADVANCED_FACE('',(#13384),#13377,.F.);
#13397=ADVANCED_FACE('',(#13396),#13390,.F.);
#13404=EDGE_CURVE('',#8085,#8097,#3795,.T.);
#13407=EDGE_CURVE('',#8086,#8098,#3815,.T.);
#13411=ADVANCED_FACE('',(#13410),#13402,.F.);
#13418=EDGE_CURVE('',#8094,#8106,#3799,.T.);
#13424=ADVANCED_FACE('',(#13423),#13416,.F.);
#13431=EDGE_CURVE('',#8092,#8104,#3803,.T.);
#13437=ADVANCED_FACE('',(#13436),#13429,.F.);
#13444=EDGE_CURVE('',#8090,#8102,#3807,.T.);
#13450=ADVANCED_FACE('',(#13449),#13442,.F.);
#13457=EDGE_CURVE('',#8088,#8100,#3811,.T.);
#13463=ADVANCED_FACE('',(#13462),#13455,.F.);
#13475=ADVANCED_FACE('',(#13474),#13468,.F.);
#13482=EDGE_CURVE('',#8109,#8121,#3819,.T.);
#13485=EDGE_CURVE('',#8110,#8122,#3839,.T.);
#13489=ADVANCED_FACE('',(#13488),#13480,.F.);
#13496=EDGE_CURVE('',#8118,#8130,#3823,.T.);
#13502=ADVANCED_FACE('',(#13501),#13494,.F.);
#13509=EDGE_CURVE('',#8116,#8128,#3827,.T.);
#13515=ADVANCED_FACE('',(#13514),#13507,.F.);
#13522=EDGE_CURVE('',#8114,#8126,#3831,.T.);
#13528=ADVANCED_FACE('',(#13527),#13520,.F.);
#13535=EDGE_CURVE('',#8112,#8124,#3835,.T.);
#13541=ADVANCED_FACE('',(#13540),#13533,.F.);
#13553=ADVANCED_FACE('',(#13552),#13546,.F.);
#13560=EDGE_CURVE('',#8133,#8145,#3843,.T.);
#13563=EDGE_CURVE('',#8134,#8146,#3863,.T.);
#13567=ADVANCED_FACE('',(#13566),#13558,.F.);
#13574=EDGE_CURVE('',#8142,#8154,#3847,.T.);
#13580=ADVANCED_FACE('',(#13579),#13572,.F.);
#13587=EDGE_CURVE('',#8140,#8152,#3851,.T.);
#13593=ADVANCED_FACE('',(#13592),#13585,.F.);
#13600=EDGE_CURVE('',#8138,#8150,#3855,.T.);
#13606=ADVANCED_FACE('',(#13605),#13598,.F.);
#13613=EDGE_CURVE('',#8136,#8148,#3859,.T.);
#13619=ADVANCED_FACE('',(#13618),#13611,.F.);
#13631=ADVANCED_FACE('',(#13630),#13624,.F.);
#13638=EDGE_CURVE('',#8157,#8169,#3867,.T.);
#13641=EDGE_CURVE('',#8158,#8170,#3887,.T.);
#13645=ADVANCED_FACE('',(#13644),#13636,.F.);
#13652=EDGE_CURVE('',#8166,#8178,#3871,.T.);
#13658=ADVANCED_FACE('',(#13657),#13650,.F.);
#13665=EDGE_CURVE('',#8164,#8176,#3875,.T.);
#13671=ADVANCED_FACE('',(#13670),#13663,.F.);
#13678=EDGE_CURVE('',#8162,#8174,#3879,.T.);
#13684=ADVANCED_FACE('',(#13683),#13676,.F.);
#13691=EDGE_CURVE('',#8160,#8172,#3883,.T.);
#13697=ADVANCED_FACE('',(#13696),#13689,.F.);
#13709=ADVANCED_FACE('',(#13708),#13702,.F.);
#13716=EDGE_CURVE('',#8181,#8193,#3891,.T.);
#13719=EDGE_CURVE('',#8182,#8194,#3911,.T.);
#13723=ADVANCED_FACE('',(#13722),#13714,.F.);
#13730=EDGE_CURVE('',#8190,#8202,#3895,.T.);
#13736=ADVANCED_FACE('',(#13735),#13728,.F.);
#13743=EDGE_CURVE('',#8188,#8200,#3899,.T.);
#13749=ADVANCED_FACE('',(#13748),#13741,.F.);
#13756=EDGE_CURVE('',#8186,#8198,#3903,.T.);
#13762=ADVANCED_FACE('',(#13761),#13754,.F.);
#13769=EDGE_CURVE('',#8184,#8196,#3907,.T.);
#13775=ADVANCED_FACE('',(#13774),#13767,.F.);
#13787=ADVANCED_FACE('',(#13786),#13780,.F.);
#13794=EDGE_CURVE('',#8205,#8217,#3915,.T.);
#13797=EDGE_CURVE('',#8206,#8218,#3935,.T.);
#13801=ADVANCED_FACE('',(#13800),#13792,.F.);
#13808=EDGE_CURVE('',#8214,#8226,#3919,.T.);
#13814=ADVANCED_FACE('',(#13813),#13806,.F.);
#13821=EDGE_CURVE('',#8212,#8224,#3923,.T.);
#13827=ADVANCED_FACE('',(#13826),#13819,.F.);
#13834=EDGE_CURVE('',#8210,#8222,#3927,.T.);
#13840=ADVANCED_FACE('',(#13839),#13832,.F.);
#13847=EDGE_CURVE('',#8208,#8220,#3931,.T.);
#13853=ADVANCED_FACE('',(#13852),#13845,.F.);
#13865=ADVANCED_FACE('',(#13864),#13858,.F.);
#13872=EDGE_CURVE('',#8229,#8241,#3939,.T.);
#13875=EDGE_CURVE('',#8230,#8242,#3959,.T.);
#13879=ADVANCED_FACE('',(#13878),#13870,.F.);
#13886=EDGE_CURVE('',#8238,#8250,#3943,.T.);
#13892=ADVANCED_FACE('',(#13891),#13884,.F.);
#13899=EDGE_CURVE('',#8236,#8248,#3947,.T.);
#13905=ADVANCED_FACE('',(#13904),#13897,.F.);
#13912=EDGE_CURVE('',#8234,#8246,#3951,.T.);
#13918=ADVANCED_FACE('',(#13917),#13910,.F.);
#13925=EDGE_CURVE('',#8232,#8244,#3955,.T.);
#13931=ADVANCED_FACE('',(#13930),#13923,.F.);
#13943=ADVANCED_FACE('',(#13942),#13936,.F.);
#13950=EDGE_CURVE('',#8253,#8265,#3963,.T.);
#13953=EDGE_CURVE('',#8254,#8266,#3983,.T.);
#13957=ADVANCED_FACE('',(#13956),#13948,.F.);
#13964=EDGE_CURVE('',#8262,#8274,#3967,.T.);
#13970=ADVANCED_FACE('',(#13969),#13962,.F.);
#13977=EDGE_CURVE('',#8260,#8272,#3971,.T.);
#13983=ADVANCED_FACE('',(#13982),#13975,.F.);
#13990=EDGE_CURVE('',#8258,#8270,#3975,.T.);
#13996=ADVANCED_FACE('',(#13995),#13988,.F.);
#14003=EDGE_CURVE('',#8256,#8268,#3979,.T.);
#14009=ADVANCED_FACE('',(#14008),#14001,.F.);
#14021=ADVANCED_FACE('',(#14020),#14014,.F.);
#14028=EDGE_CURVE('',#8277,#8289,#3987,.T.);
#14031=EDGE_CURVE('',#8278,#8290,#4007,.T.);
#14035=ADVANCED_FACE('',(#14034),#14026,.F.);
#14042=EDGE_CURVE('',#8286,#8298,#3991,.T.);
#14048=ADVANCED_FACE('',(#14047),#14040,.F.);
#14055=EDGE_CURVE('',#8284,#8296,#3995,.T.);
#14061=ADVANCED_FACE('',(#14060),#14053,.F.);
#14068=EDGE_CURVE('',#8282,#8294,#3999,.T.);
#14074=ADVANCED_FACE('',(#14073),#14066,.F.);
#14081=EDGE_CURVE('',#8280,#8292,#4003,.T.);
#14087=ADVANCED_FACE('',(#14086),#14079,.F.);
#14099=ADVANCED_FACE('',(#14098),#14092,.F.);
#14106=EDGE_CURVE('',#8301,#8313,#4011,.T.);
#14109=EDGE_CURVE('',#8302,#8314,#4031,.T.);
#14113=ADVANCED_FACE('',(#14112),#14104,.F.);
#14120=EDGE_CURVE('',#8310,#8322,#4015,.T.);
#14126=ADVANCED_FACE('',(#14125),#14118,.F.);
#14133=EDGE_CURVE('',#8308,#8320,#4019,.T.);
#14139=ADVANCED_FACE('',(#14138),#14131,.F.);
#14146=EDGE_CURVE('',#8306,#8318,#4023,.T.);
#14152=ADVANCED_FACE('',(#14151),#14144,.F.);
#14159=EDGE_CURVE('',#8304,#8316,#4027,.T.);
#14165=ADVANCED_FACE('',(#14164),#14157,.F.);
#14177=ADVANCED_FACE('',(#14176),#14170,.F.);
#14184=EDGE_CURVE('',#8325,#8337,#4035,.T.);
#14187=EDGE_CURVE('',#8326,#8338,#4055,.T.);
#14191=ADVANCED_FACE('',(#14190),#14182,.F.);
#14198=EDGE_CURVE('',#8334,#8346,#4039,.T.);
#14204=ADVANCED_FACE('',(#14203),#14196,.F.);
#14211=EDGE_CURVE('',#8332,#8344,#4043,.T.);
#14217=ADVANCED_FACE('',(#14216),#14209,.F.);
#14224=EDGE_CURVE('',#8330,#8342,#4047,.T.);
#14230=ADVANCED_FACE('',(#14229),#14222,.F.);
#14237=EDGE_CURVE('',#8328,#8340,#4051,.T.);
#14243=ADVANCED_FACE('',(#14242),#14235,.F.);
#14255=ADVANCED_FACE('',(#14254),#14248,.F.);
#14262=EDGE_CURVE('',#8349,#8361,#4059,.T.);
#14265=EDGE_CURVE('',#8350,#8362,#4079,.T.);
#14269=ADVANCED_FACE('',(#14268),#14260,.F.);
#14276=EDGE_CURVE('',#8358,#8370,#4063,.T.);
#14282=ADVANCED_FACE('',(#14281),#14274,.F.);
#14289=EDGE_CURVE('',#8356,#8368,#4067,.T.);
#14295=ADVANCED_FACE('',(#14294),#14287,.F.);
#14302=EDGE_CURVE('',#8354,#8366,#4071,.T.);
#14308=ADVANCED_FACE('',(#14307),#14300,.F.);
#14315=EDGE_CURVE('',#8352,#8364,#4075,.T.);
#14321=ADVANCED_FACE('',(#14320),#14313,.F.);
#14333=ADVANCED_FACE('',(#14332),#14326,.F.);
#14340=EDGE_CURVE('',#8373,#8385,#4083,.T.);
#14343=EDGE_CURVE('',#8374,#8386,#4103,.T.);
#14347=ADVANCED_FACE('',(#14346),#14338,.F.);
#14354=EDGE_CURVE('',#8382,#8394,#4087,.T.);
#14360=ADVANCED_FACE('',(#14359),#14352,.F.);
#14367=EDGE_CURVE('',#8380,#8392,#4091,.T.);
#14373=ADVANCED_FACE('',(#14372),#14365,.F.);
#14380=EDGE_CURVE('',#8378,#8390,#4095,.T.);
#14386=ADVANCED_FACE('',(#14385),#14378,.F.);
#14393=EDGE_CURVE('',#8376,#8388,#4099,.T.);
#14399=ADVANCED_FACE('',(#14398),#14391,.F.);
#14411=ADVANCED_FACE('',(#14410),#14404,.F.);
#14418=EDGE_CURVE('',#8397,#8409,#4107,.T.);
#14421=EDGE_CURVE('',#8398,#8410,#4127,.T.);
#14425=ADVANCED_FACE('',(#14424),#14416,.F.);
#14432=EDGE_CURVE('',#8406,#8418,#4111,.T.);
#14438=ADVANCED_FACE('',(#14437),#14430,.F.);
#14445=EDGE_CURVE('',#8404,#8416,#4115,.T.);
#14451=ADVANCED_FACE('',(#14450),#14443,.F.);
#14458=EDGE_CURVE('',#8402,#8414,#4119,.T.);
#14464=ADVANCED_FACE('',(#14463),#14456,.F.);
#14471=EDGE_CURVE('',#8400,#8412,#4123,.T.);
#14477=ADVANCED_FACE('',(#14476),#14469,.F.);
#14489=ADVANCED_FACE('',(#14488),#14482,.F.);
#14496=EDGE_CURVE('',#8421,#8433,#4131,.T.);
#14499=EDGE_CURVE('',#8422,#8434,#4151,.T.);
#14503=ADVANCED_FACE('',(#14502),#14494,.F.);
#14510=EDGE_CURVE('',#8430,#8442,#4135,.T.);
#14516=ADVANCED_FACE('',(#14515),#14508,.F.);
#14523=EDGE_CURVE('',#8428,#8440,#4139,.T.);
#14529=ADVANCED_FACE('',(#14528),#14521,.F.);
#14536=EDGE_CURVE('',#8426,#8438,#4143,.T.);
#14542=ADVANCED_FACE('',(#14541),#14534,.F.);
#14549=EDGE_CURVE('',#8424,#8436,#4147,.T.);
#14555=ADVANCED_FACE('',(#14554),#14547,.F.);
#14567=ADVANCED_FACE('',(#14566),#14560,.F.);
#14574=EDGE_CURVE('',#8445,#8457,#4155,.T.);
#14577=EDGE_CURVE('',#8446,#8458,#4175,.T.);
#14581=ADVANCED_FACE('',(#14580),#14572,.F.);
#14588=EDGE_CURVE('',#8454,#8466,#4159,.T.);
#14594=ADVANCED_FACE('',(#14593),#14586,.F.);
#14601=EDGE_CURVE('',#8452,#8464,#4163,.T.);
#14607=ADVANCED_FACE('',(#14606),#14599,.F.);
#14614=EDGE_CURVE('',#8450,#8462,#4167,.T.);
#14620=ADVANCED_FACE('',(#14619),#14612,.F.);
#14627=EDGE_CURVE('',#8448,#8460,#4171,.T.);
#14633=ADVANCED_FACE('',(#14632),#14625,.F.);
#14645=ADVANCED_FACE('',(#14644),#14638,.F.);
#14652=EDGE_CURVE('',#8469,#8481,#4179,.T.);
#14655=EDGE_CURVE('',#8470,#8482,#4199,.T.);
#14659=ADVANCED_FACE('',(#14658),#14650,.F.);
#14666=EDGE_CURVE('',#8478,#8490,#4183,.T.);
#14672=ADVANCED_FACE('',(#14671),#14664,.F.);
#14679=EDGE_CURVE('',#8476,#8488,#4187,.T.);
#14685=ADVANCED_FACE('',(#14684),#14677,.F.);
#14692=EDGE_CURVE('',#8474,#8486,#4191,.T.);
#14698=ADVANCED_FACE('',(#14697),#14690,.F.);
#14705=EDGE_CURVE('',#8472,#8484,#4195,.T.);
#14711=ADVANCED_FACE('',(#14710),#14703,.F.);
#14723=ADVANCED_FACE('',(#14722),#14716,.F.);
#14730=EDGE_CURVE('',#8493,#8505,#4203,.T.);
#14733=EDGE_CURVE('',#8494,#8506,#4223,.T.);
#14737=ADVANCED_FACE('',(#14736),#14728,.F.);
#14744=EDGE_CURVE('',#8502,#8514,#4207,.T.);
#14750=ADVANCED_FACE('',(#14749),#14742,.F.);
#14757=EDGE_CURVE('',#8500,#8512,#4211,.T.);
#14763=ADVANCED_FACE('',(#14762),#14755,.F.);
#14770=EDGE_CURVE('',#8498,#8510,#4215,.T.);
#14776=ADVANCED_FACE('',(#14775),#14768,.F.);
#14783=EDGE_CURVE('',#8496,#8508,#4219,.T.);
#14789=ADVANCED_FACE('',(#14788),#14781,.F.);
#14801=ADVANCED_FACE('',(#14800),#14794,.F.);
#14808=EDGE_CURVE('',#8517,#8529,#4227,.T.);
#14811=EDGE_CURVE('',#8518,#8530,#4247,.T.);
#14815=ADVANCED_FACE('',(#14814),#14806,.F.);
#14822=EDGE_CURVE('',#8526,#8538,#4231,.T.);
#14828=ADVANCED_FACE('',(#14827),#14820,.F.);
#14835=EDGE_CURVE('',#8524,#8536,#4235,.T.);
#14841=ADVANCED_FACE('',(#14840),#14833,.F.);
#14848=EDGE_CURVE('',#8522,#8534,#4239,.T.);
#14854=ADVANCED_FACE('',(#14853),#14846,.F.);
#14861=EDGE_CURVE('',#8520,#8532,#4243,.T.);
#14867=ADVANCED_FACE('',(#14866),#14859,.F.);
#14879=ADVANCED_FACE('',(#14878),#14872,.F.);
#14886=EDGE_CURVE('',#8541,#8553,#4251,.T.);
#14889=EDGE_CURVE('',#8542,#8554,#4271,.T.);
#14893=ADVANCED_FACE('',(#14892),#14884,.F.);
#14900=EDGE_CURVE('',#8550,#8562,#4255,.T.);
#14906=ADVANCED_FACE('',(#14905),#14898,.F.);
#14913=EDGE_CURVE('',#8548,#8560,#4259,.T.);
#14919=ADVANCED_FACE('',(#14918),#14911,.F.);
#14926=EDGE_CURVE('',#8546,#8558,#4263,.T.);
#14932=ADVANCED_FACE('',(#14931),#14924,.F.);
#14939=EDGE_CURVE('',#8544,#8556,#4267,.T.);
#14945=ADVANCED_FACE('',(#14944),#14937,.F.);
#14957=ADVANCED_FACE('',(#14956),#14950,.F.);
#14964=EDGE_CURVE('',#8565,#8577,#4275,.T.);
#14967=EDGE_CURVE('',#8566,#8578,#4295,.T.);
#14971=ADVANCED_FACE('',(#14970),#14962,.F.);
#14978=EDGE_CURVE('',#8574,#8586,#4279,.T.);
#14984=ADVANCED_FACE('',(#14983),#14976,.F.);
#14991=EDGE_CURVE('',#8572,#8584,#4283,.T.);
#14997=ADVANCED_FACE('',(#14996),#14989,.F.);
#15004=EDGE_CURVE('',#8570,#8582,#4287,.T.);
#15010=ADVANCED_FACE('',(#15009),#15002,.F.);
#15017=EDGE_CURVE('',#8568,#8580,#4291,.T.);
#15023=ADVANCED_FACE('',(#15022),#15015,.F.);
#15035=ADVANCED_FACE('',(#15034),#15028,.F.);
#15042=EDGE_CURVE('',#8589,#8601,#4299,.T.);
#15045=EDGE_CURVE('',#8590,#8602,#4319,.T.);
#15049=ADVANCED_FACE('',(#15048),#15040,.F.);
#15056=EDGE_CURVE('',#8598,#8610,#4303,.T.);
#15062=ADVANCED_FACE('',(#15061),#15054,.F.);
#15069=EDGE_CURVE('',#8596,#8608,#4307,.T.);
#15075=ADVANCED_FACE('',(#15074),#15067,.F.);
#15082=EDGE_CURVE('',#8594,#8606,#4311,.T.);
#15088=ADVANCED_FACE('',(#15087),#15080,.F.);
#15095=EDGE_CURVE('',#8592,#8604,#4315,.T.);
#15101=ADVANCED_FACE('',(#15100),#15093,.F.);
#15113=ADVANCED_FACE('',(#15112),#15106,.F.);
#15120=EDGE_CURVE('',#8613,#8625,#4323,.T.);
#15123=EDGE_CURVE('',#8614,#8626,#4343,.T.);
#15127=ADVANCED_FACE('',(#15126),#15118,.F.);
#15134=EDGE_CURVE('',#8622,#8634,#4327,.T.);
#15140=ADVANCED_FACE('',(#15139),#15132,.F.);
#15147=EDGE_CURVE('',#8620,#8632,#4331,.T.);
#15153=ADVANCED_FACE('',(#15152),#15145,.F.);
#15160=EDGE_CURVE('',#8618,#8630,#4335,.T.);
#15166=ADVANCED_FACE('',(#15165),#15158,.F.);
#15173=EDGE_CURVE('',#8616,#8628,#4339,.T.);
#15179=ADVANCED_FACE('',(#15178),#15171,.F.);
#15191=ADVANCED_FACE('',(#15190),#15184,.F.);
#15198=EDGE_CURVE('',#8637,#8649,#4347,.T.);
#15201=EDGE_CURVE('',#8638,#8650,#4367,.T.);
#15205=ADVANCED_FACE('',(#15204),#15196,.F.);
#15212=EDGE_CURVE('',#8646,#8658,#4351,.T.);
#15218=ADVANCED_FACE('',(#15217),#15210,.F.);
#15225=EDGE_CURVE('',#8644,#8656,#4355,.T.);
#15231=ADVANCED_FACE('',(#15230),#15223,.F.);
#15238=EDGE_CURVE('',#8642,#8654,#4359,.T.);
#15244=ADVANCED_FACE('',(#15243),#15236,.F.);
#15251=EDGE_CURVE('',#8640,#8652,#4363,.T.);
#15257=ADVANCED_FACE('',(#15256),#15249,.F.);
#15269=ADVANCED_FACE('',(#15268),#15262,.F.);
#15276=EDGE_CURVE('',#8661,#8673,#4371,.T.);
#15279=EDGE_CURVE('',#8662,#8674,#4391,.T.);
#15283=ADVANCED_FACE('',(#15282),#15274,.F.);
#15290=EDGE_CURVE('',#8670,#8682,#4375,.T.);
#15296=ADVANCED_FACE('',(#15295),#15288,.F.);
#15303=EDGE_CURVE('',#8668,#8680,#4379,.T.);
#15309=ADVANCED_FACE('',(#15308),#15301,.F.);
#15316=EDGE_CURVE('',#8666,#8678,#4383,.T.);
#15322=ADVANCED_FACE('',(#15321),#15314,.F.);
#15329=EDGE_CURVE('',#8664,#8676,#4387,.T.);
#15335=ADVANCED_FACE('',(#15334),#15327,.F.);
#15347=ADVANCED_FACE('',(#15346),#15340,.F.);
#15354=EDGE_CURVE('',#8685,#8697,#4395,.T.);
#15357=EDGE_CURVE('',#8686,#8698,#4415,.T.);
#15361=ADVANCED_FACE('',(#15360),#15352,.F.);
#15368=EDGE_CURVE('',#8694,#8706,#4399,.T.);
#15374=ADVANCED_FACE('',(#15373),#15366,.F.);
#15381=EDGE_CURVE('',#8692,#8704,#4403,.T.);
#15387=ADVANCED_FACE('',(#15386),#15379,.F.);
#15394=EDGE_CURVE('',#8690,#8702,#4407,.T.);
#15400=ADVANCED_FACE('',(#15399),#15392,.F.);
#15407=EDGE_CURVE('',#8688,#8700,#4411,.T.);
#15413=ADVANCED_FACE('',(#15412),#15405,.F.);
#15425=ADVANCED_FACE('',(#15424),#15418,.F.);
#15432=EDGE_CURVE('',#8709,#8721,#4419,.T.);
#15435=EDGE_CURVE('',#8710,#8722,#4439,.T.);
#15439=ADVANCED_FACE('',(#15438),#15430,.F.);
#15446=EDGE_CURVE('',#8718,#8730,#4423,.T.);
#15452=ADVANCED_FACE('',(#15451),#15444,.F.);
#15459=EDGE_CURVE('',#8716,#8728,#4427,.T.);
#15465=ADVANCED_FACE('',(#15464),#15457,.F.);
#15472=EDGE_CURVE('',#8714,#8726,#4431,.T.);
#15478=ADVANCED_FACE('',(#15477),#15470,.F.);
#15485=EDGE_CURVE('',#8712,#8724,#4435,.T.);
#15491=ADVANCED_FACE('',(#15490),#15483,.F.);
#15503=ADVANCED_FACE('',(#15502),#15496,.F.);
#15510=EDGE_CURVE('',#8733,#8745,#4443,.T.);
#15513=EDGE_CURVE('',#8734,#8746,#4463,.T.);
#15517=ADVANCED_FACE('',(#15516),#15508,.F.);
#15524=EDGE_CURVE('',#8742,#8754,#4447,.T.);
#15530=ADVANCED_FACE('',(#15529),#15522,.F.);
#15537=EDGE_CURVE('',#8740,#8752,#4451,.T.);
#15543=ADVANCED_FACE('',(#15542),#15535,.F.);
#15550=EDGE_CURVE('',#8738,#8750,#4455,.T.);
#15556=ADVANCED_FACE('',(#15555),#15548,.F.);
#15563=EDGE_CURVE('',#8736,#8748,#4459,.T.);
#15569=ADVANCED_FACE('',(#15568),#15561,.F.);
#15581=ADVANCED_FACE('',(#15580),#15574,.F.);
#15588=EDGE_CURVE('',#8757,#8769,#4467,.T.);
#15591=EDGE_CURVE('',#8758,#8770,#4487,.T.);
#15595=ADVANCED_FACE('',(#15594),#15586,.F.);
#15602=EDGE_CURVE('',#8766,#8778,#4471,.T.);
#15608=ADVANCED_FACE('',(#15607),#15600,.F.);
#15615=EDGE_CURVE('',#8764,#8776,#4475,.T.);
#15621=ADVANCED_FACE('',(#15620),#15613,.F.);
#15628=EDGE_CURVE('',#8762,#8774,#4479,.T.);
#15634=ADVANCED_FACE('',(#15633),#15626,.F.);
#15641=EDGE_CURVE('',#8760,#8772,#4483,.T.);
#15647=ADVANCED_FACE('',(#15646),#15639,.F.);
#15659=ADVANCED_FACE('',(#15658),#15652,.F.);
#15666=EDGE_CURVE('',#8781,#8793,#4491,.T.);
#15669=EDGE_CURVE('',#8782,#8794,#4511,.T.);
#15673=ADVANCED_FACE('',(#15672),#15664,.F.);
#15680=EDGE_CURVE('',#8790,#8802,#4495,.T.);
#15686=ADVANCED_FACE('',(#15685),#15678,.F.);
#15693=EDGE_CURVE('',#8788,#8800,#4499,.T.);
#15699=ADVANCED_FACE('',(#15698),#15691,.F.);
#15706=EDGE_CURVE('',#8786,#8798,#4503,.T.);
#15712=ADVANCED_FACE('',(#15711),#15704,.F.);
#15719=EDGE_CURVE('',#8784,#8796,#4507,.T.);
#15725=ADVANCED_FACE('',(#15724),#15717,.F.);
#15737=ADVANCED_FACE('',(#15736),#15730,.F.);
#15744=EDGE_CURVE('',#9089,#9101,#4515,.T.);
#15747=EDGE_CURVE('',#9090,#9102,#4535,.T.);
#15751=ADVANCED_FACE('',(#15750),#15742,.F.);
#15758=EDGE_CURVE('',#9098,#9110,#4519,.T.);
#15764=ADVANCED_FACE('',(#15763),#15756,.F.);
#15771=EDGE_CURVE('',#9096,#9108,#4523,.T.);
#15777=ADVANCED_FACE('',(#15776),#15769,.F.);
#15784=EDGE_CURVE('',#9094,#9106,#4527,.T.);
#15790=ADVANCED_FACE('',(#15789),#15782,.F.);
#15797=EDGE_CURVE('',#9092,#9104,#4531,.T.);
#15803=ADVANCED_FACE('',(#15802),#15795,.F.);
#15815=ADVANCED_FACE('',(#15814),#15808,.F.);
#15822=EDGE_CURVE('',#8805,#8817,#4539,.T.);
#15825=EDGE_CURVE('',#8806,#8818,#4559,.T.);
#15829=ADVANCED_FACE('',(#15828),#15820,.F.);
#15836=EDGE_CURVE('',#8814,#8826,#4543,.T.);
#15842=ADVANCED_FACE('',(#15841),#15834,.F.);
#15849=EDGE_CURVE('',#8812,#8824,#4547,.T.);
#15855=ADVANCED_FACE('',(#15854),#15847,.F.);
#15862=EDGE_CURVE('',#8810,#8822,#4551,.T.);
#15868=ADVANCED_FACE('',(#15867),#15860,.F.);
#15875=EDGE_CURVE('',#8808,#8820,#4555,.T.);
#15881=ADVANCED_FACE('',(#15880),#15873,.F.);
#15893=ADVANCED_FACE('',(#15892),#15886,.F.);
#15900=EDGE_CURVE('',#8829,#8841,#4563,.T.);
#15903=EDGE_CURVE('',#8830,#8842,#4583,.T.);
#15907=ADVANCED_FACE('',(#15906),#15898,.F.);
#15914=EDGE_CURVE('',#8838,#8850,#4567,.T.);
#15920=ADVANCED_FACE('',(#15919),#15912,.F.);
#15927=EDGE_CURVE('',#8836,#8848,#4571,.T.);
#15933=ADVANCED_FACE('',(#15932),#15925,.F.);
#15940=EDGE_CURVE('',#8834,#8846,#4575,.T.);
#15946=ADVANCED_FACE('',(#15945),#15938,.F.);
#15953=EDGE_CURVE('',#8832,#8844,#4579,.T.);
#15959=ADVANCED_FACE('',(#15958),#15951,.F.);
#15971=ADVANCED_FACE('',(#15970),#15964,.F.);
#15978=EDGE_CURVE('',#8853,#8865,#4587,.T.);
#15981=EDGE_CURVE('',#8854,#8866,#4607,.T.);
#15985=ADVANCED_FACE('',(#15984),#15976,.F.);
#15992=EDGE_CURVE('',#8862,#8874,#4591,.T.);
#15998=ADVANCED_FACE('',(#15997),#15990,.F.);
#16005=EDGE_CURVE('',#8860,#8872,#4595,.T.);
#16011=ADVANCED_FACE('',(#16010),#16003,.F.);
#16018=EDGE_CURVE('',#8858,#8870,#4599,.T.);
#16024=ADVANCED_FACE('',(#16023),#16016,.F.);
#16031=EDGE_CURVE('',#8856,#8868,#4603,.T.);
#16037=ADVANCED_FACE('',(#16036),#16029,.F.);
#16049=ADVANCED_FACE('',(#16048),#16042,.F.);
#16056=EDGE_CURVE('',#8877,#8889,#4611,.T.);
#16059=EDGE_CURVE('',#8878,#8890,#4631,.T.);
#16063=ADVANCED_FACE('',(#16062),#16054,.F.);
#16070=EDGE_CURVE('',#8886,#8898,#4615,.T.);
#16076=ADVANCED_FACE('',(#16075),#16068,.F.);
#16083=EDGE_CURVE('',#8884,#8896,#4619,.T.);
#16089=ADVANCED_FACE('',(#16088),#16081,.F.);
#16096=EDGE_CURVE('',#8882,#8894,#4623,.T.);
#16102=ADVANCED_FACE('',(#16101),#16094,.F.);
#16109=EDGE_CURVE('',#8880,#8892,#4627,.T.);
#16115=ADVANCED_FACE('',(#16114),#16107,.F.);
#16127=ADVANCED_FACE('',(#16126),#16120,.F.);
#16134=EDGE_CURVE('',#9141,#9153,#4635,.T.);
#16137=EDGE_CURVE('',#9142,#9154,#4655,.T.);
#16141=ADVANCED_FACE('',(#16140),#16132,.F.);
#16148=EDGE_CURVE('',#9150,#9162,#4639,.T.);
#16154=ADVANCED_FACE('',(#16153),#16146,.F.);
#16161=EDGE_CURVE('',#9148,#9160,#4643,.T.);
#16167=ADVANCED_FACE('',(#16166),#16159,.F.);
#16174=EDGE_CURVE('',#9146,#9158,#4647,.T.);
#16180=ADVANCED_FACE('',(#16179),#16172,.F.);
#16187=EDGE_CURVE('',#9144,#9156,#4651,.T.);
#16193=ADVANCED_FACE('',(#16192),#16185,.F.);
#16205=ADVANCED_FACE('',(#16204),#16198,.F.);
#16212=EDGE_CURVE('',#9165,#9177,#4659,.T.);
#16215=EDGE_CURVE('',#9166,#9178,#4679,.T.);
#16219=ADVANCED_FACE('',(#16218),#16210,.F.);
#16226=EDGE_CURVE('',#9174,#9186,#4663,.T.);
#16232=ADVANCED_FACE('',(#16231),#16224,.F.);
#16239=EDGE_CURVE('',#9172,#9184,#4667,.T.);
#16245=ADVANCED_FACE('',(#16244),#16237,.F.);
#16252=EDGE_CURVE('',#9170,#9182,#4671,.T.);
#16258=ADVANCED_FACE('',(#16257),#16250,.F.);
#16265=EDGE_CURVE('',#9168,#9180,#4675,.T.);
#16271=ADVANCED_FACE('',(#16270),#16263,.F.);
#16283=ADVANCED_FACE('',(#16282),#16276,.F.);
#16290=EDGE_CURVE('',#8901,#8913,#4683,.T.);
#16293=EDGE_CURVE('',#8902,#8914,#4703,.T.);
#16297=ADVANCED_FACE('',(#16296),#16288,.F.);
#16304=EDGE_CURVE('',#8910,#8922,#4687,.T.);
#16310=ADVANCED_FACE('',(#16309),#16302,.F.);
#16317=EDGE_CURVE('',#8908,#8920,#4691,.T.);
#16323=ADVANCED_FACE('',(#16322),#16315,.F.);
#16330=EDGE_CURVE('',#8906,#8918,#4695,.T.);
#16336=ADVANCED_FACE('',(#16335),#16328,.F.);
#16343=EDGE_CURVE('',#8904,#8916,#4699,.T.);
#16349=ADVANCED_FACE('',(#16348),#16341,.F.);
#16361=ADVANCED_FACE('',(#16360),#16354,.F.);
#16368=EDGE_CURVE('',#9915,#9902,#4711,.T.);
#16370=EDGE_CURVE('',#9915,#9899,#4751,.T.);
#16372=EDGE_CURVE('',#9899,#9896,#4715,.T.);
#16375=EDGE_CURVE('',#7594,#9534,#7055,.T.);
#16377=EDGE_CURVE('',#9268,#7594,#7268,.T.);
#16379=EDGE_CURVE('',#9274,#9268,#7260,.T.);
#16383=ADVANCED_FACE('',(#16382),#16366,.T.);
#16390=EDGE_CURVE('',#9528,#9529,#4727,.T.);
#16392=EDGE_CURVE('',#9529,#9919,#4759,.T.);
#16394=EDGE_CURVE('',#9919,#9904,#4731,.T.);
#16398=ADVANCED_FACE('',(#16397),#16388,.T.);
#16405=EDGE_CURVE('',#9912,#9908,#4735,.T.);
#16407=EDGE_CURVE('',#9908,#9916,#4852,.T.);
#16409=EDGE_CURVE('',#9915,#9916,#4743,.T.);
#16414=ADVANCED_FACE('',(#16413),#16403,.T.);
#16421=EDGE_CURVE('',#9911,#9907,#4739,.T.);
#16423=EDGE_CURVE('',#9907,#9908,#4857,.T.);
#16428=ADVANCED_FACE('',(#16427),#16419,.T.);
#16436=EDGE_CURVE('',#9919,#9920,#4755,.T.);
#16438=EDGE_CURVE('',#9920,#9907,#4861,.T.);
#16443=ADVANCED_FACE('',(#16442),#16433,.T.);
#16450=EDGE_CURVE('',#9900,#9916,#4848,.T.);
#16452=EDGE_CURVE('',#9899,#9900,#4747,.T.);
#16457=ADVANCED_FACE('',(#16456),#16448,.T.);
#16465=EDGE_CURVE('',#9529,#9626,#6796,.T.);
#16467=EDGE_CURVE('',#9920,#9626,#4865,.T.);
#16471=ADVANCED_FACE('',(#16470),#16462,.T.);
#16477=EDGE_CURVE('',#9856,#9868,#4763,.T.);
#16479=EDGE_CURVE('',#9856,#9392,#4767,.T.);
#16481=EDGE_CURVE('',#9662,#9392,#4771,.T.);
#16483=EDGE_CURVE('',#9666,#9662,#5677,.T.);
#16485=EDGE_CURVE('',#9666,#9860,#4775,.T.);
#16487=EDGE_CURVE('',#9868,#9860,#4779,.T.);
#16491=ADVANCED_FACE('',(#16490),#16476,.T.);
#16497=EDGE_CURVE('',#9866,#9852,#4783,.T.);
#16499=EDGE_CURVE('',#9863,#9866,#4787,.T.);
#16501=EDGE_CURVE('',#9668,#9863,#4791,.T.);
#16503=EDGE_CURVE('',#9814,#9668,#5669,.T.);
#16505=EDGE_CURVE('',#9814,#9776,#4795,.T.);
#16507=EDGE_CURVE('',#9660,#9776,#5709,.T.);
#16509=EDGE_CURVE('',#9654,#9660,#6828,.T.);
#16511=EDGE_CURVE('',#9654,#9378,#4799,.T.);
#16513=EDGE_CURVE('',#9378,#9628,#4804,.T.);
#16515=EDGE_CURVE('',#9628,#9852,#4808,.T.);
#16519=ADVANCED_FACE('',(#16518),#16496,.T.);
#16525=EDGE_CURVE('',#9672,#9414,#4812,.T.);
#16527=EDGE_CURVE('',#9664,#9672,#5765,.T.);
#16529=EDGE_CURVE('',#9664,#9394,#4816,.T.);
#16531=EDGE_CURVE('',#9394,#9414,#4820,.T.);
#16535=ADVANCED_FACE('',(#16534),#16524,.T.);
#16541=EDGE_CURVE('',#9702,#9698,#4824,.T.);
#16543=EDGE_CURVE('',#9705,#9702,#6743,.T.);
#16545=EDGE_CURVE('',#9708,#9705,#4828,.T.);
#16550=ADVANCED_FACE('',(#16549),#16540,.T.);
#16556=EDGE_CURVE('',#9714,#9711,#4836,.T.);
#16559=EDGE_CURVE('',#9720,#9716,#4844,.T.);
#16561=EDGE_CURVE('',#9711,#9720,#6751,.T.);
#16565=ADVANCED_FACE('',(#16564),#16555,.T.);
#16576=EDGE_CURVE('',#9626,#9372,#4870,.T.);
#16578=EDGE_CURVE('',#9656,#9372,#4874,.T.);
#16580=EDGE_CURVE('',#9658,#9656,#6788,.T.);
#16582=EDGE_CURVE('',#9823,#9658,#6061,.T.);
#16584=EDGE_CURVE('',#9823,#9824,#4878,.T.);
#16586=EDGE_CURVE('',#9819,#9824,#6033,.T.);
#16588=EDGE_CURVE('',#9819,#9820,#4882,.T.);
#16590=EDGE_CURVE('',#9816,#9820,#6045,.T.);
#16592=EDGE_CURVE('',#9816,#9770,#4886,.T.);
#16594=EDGE_CURVE('',#9624,#9770,#6073,.T.);
#16596=EDGE_CURVE('',#9622,#9624,#6298,.T.);
#16598=EDGE_CURVE('',#9620,#9622,#6222,.T.);
#16600=EDGE_CURVE('',#9619,#9620,#6285,.T.);
#16602=EDGE_CURVE('',#9670,#9619,#5721,.T.);
#16604=EDGE_CURVE('',#9670,#9412,#4890,.T.);
#16606=EDGE_CURVE('',#9412,#9888,#4894,.T.);
#16608=EDGE_CURVE('',#9885,#9888,#4898,.T.);
#16610=EDGE_CURVE('',#9885,#9886,#4902,.T.);
#16612=EDGE_CURVE('',#9900,#9886,#4906,.T.);
#16616=EDGE_CURVE('',#9927,#9928,#4911,.T.);
#16618=EDGE_CURVE('',#9928,#9927,#4916,.T.);
#16622=ADVANCED_FACE('',(#16615,#16621),#16570,.T.);
#16628=EDGE_CURVE('',#9876,#9868,#4933,.T.);
#16630=EDGE_CURVE('',#9871,#9876,#6886,.T.);
#16632=EDGE_CURVE('',#9871,#9855,#4920,.T.);
#16634=EDGE_CURVE('',#9855,#9856,#5592,.T.);
#16639=ADVANCED_FACE('',(#16638),#16627,.F.);
#16645=EDGE_CURVE('',#9859,#9864,#4925,.T.);
#16647=EDGE_CURVE('',#9863,#9864,#5436,.T.);
#16650=EDGE_CURVE('',#9866,#9874,#4929,.T.);
#16652=EDGE_CURVE('',#9876,#9874,#6890,.T.);
#16656=EDGE_CURVE('',#9859,#9860,#6812,.T.);
#16660=ADVANCED_FACE('',(#16659),#16644,.F.);
#16666=EDGE_CURVE('',#9324,#9325,#4947,.T.);
#16668=EDGE_CURVE('',#9324,#9410,#5059,.T.);
#16670=EDGE_CURVE('',#9410,#9864,#4937,.T.);
#16673=EDGE_CURVE('',#9408,#9859,#6816,.T.);
#16675=EDGE_CURVE('',#9325,#9408,#5015,.T.);
#16679=ADVANCED_FACE('',(#16678),#16665,.F.);
#16685=EDGE_CURVE('',#9326,#9323,#4942,.T.);
#16687=EDGE_CURVE('',#9323,#9324,#5033,.T.);
#16690=EDGE_CURVE('',#9325,#9326,#5011,.T.);
#16694=ADVANCED_FACE('',(#16693),#16684,.F.);
#16700=EDGE_CURVE('',#9294,#9292,#4951,.T.);
#16702=EDGE_CURVE('',#7528,#9292,#5080,.T.);
#16704=EDGE_CURVE('',#7528,#9366,#4955,.T.);
#16706=EDGE_CURVE('',#9366,#9308,#4959,.T.);
#16708=EDGE_CURVE('',#9306,#9308,#4963,.T.);
#16710=EDGE_CURVE('',#9302,#9306,#5116,.T.);
#16712=EDGE_CURVE('',#9302,#9300,#4967,.T.);
#16714=EDGE_CURVE('',#9300,#9298,#4972,.T.);
#16716=EDGE_CURVE('',#9298,#9296,#4976,.T.);
#16718=EDGE_CURVE('',#9296,#9294,#4981,.T.);
#16722=ADVANCED_FACE('',(#16721),#16699,.T.);
#16728=EDGE_CURVE('',#9314,#9310,#4985,.T.);
#16730=EDGE_CURVE('',#9314,#9214,#4989,.T.);
#16732=EDGE_CURVE('',#9213,#9214,#6934,.T.);
#16734=EDGE_CURVE('',#9323,#9213,#5037,.T.);
#16737=EDGE_CURVE('',#9310,#9326,#5005,.T.);
#16741=ADVANCED_FACE('',(#16740),#16727,.T.);
#16747=EDGE_CURVE('',#9278,#9292,#5084,.T.);
#16750=EDGE_CURVE('',#9284,#9294,#4993,.T.);
#16752=EDGE_CURVE('',#9284,#9278,#6986,.T.);
#16756=ADVANCED_FACE('',(#16755),#16746,.T.);
#16762=EDGE_CURVE('',#9280,#7602,#4997,.T.);
#16764=EDGE_CURVE('',#9310,#9280,#5001,.T.);
#16769=EDGE_CURVE('',#9408,#7612,#5019,.T.);
#16771=EDGE_CURVE('',#7601,#7612,#5023,.T.);
#16773=EDGE_CURVE('',#7601,#7602,#5027,.T.);
#16777=ADVANCED_FACE('',(#16776),#16761,.F.);
#16785=EDGE_CURVE('',#9213,#7565,#5042,.T.);
#16787=EDGE_CURVE('',#7565,#7566,#5046,.T.);
#16789=EDGE_CURVE('',#7566,#9349,#5051,.T.);
#16791=EDGE_CURVE('',#9349,#9410,#5055,.T.);
#16796=ADVANCED_FACE('',(#16795),#16782,.F.);
#16802=EDGE_CURVE('',#9330,#9458,#5063,.T.);
#16804=EDGE_CURVE('',#9449,#9458,#5067,.T.);
#16806=EDGE_CURVE('',#9449,#9450,#5332,.T.);
#16808=EDGE_CURVE('',#7650,#9450,#5320,.T.);
#16810=EDGE_CURVE('',#7650,#7527,#5071,.T.);
#16812=EDGE_CURVE('',#7527,#7528,#5076,.T.);
#16816=EDGE_CURVE('',#9278,#7638,#5088,.T.);
#16818=EDGE_CURVE('',#7638,#9548,#5092,.T.);
#16820=EDGE_CURVE('',#9548,#9552,#5096,.T.);
#16822=EDGE_CURVE('',#9554,#9552,#6966,.T.);
#16824=EDGE_CURVE('',#9554,#9550,#5100,.T.);
#16826=EDGE_CURVE('',#9550,#7636,#5104,.T.);
#16828=EDGE_CURVE('',#9276,#7636,#5108,.T.);
#16830=EDGE_CURVE('',#9302,#9276,#5112,.T.);
#16833=EDGE_CURVE('',#9282,#9306,#5120,.T.);
#16835=EDGE_CURVE('',#9282,#7597,#5124,.T.);
#16837=EDGE_CURVE('',#7597,#7598,#5128,.T.);
#16839=EDGE_CURVE('',#7598,#7614,#5132,.T.);
#16841=EDGE_CURVE('',#7614,#9321,#5136,.T.);
#16843=EDGE_CURVE('',#9321,#9322,#5140,.T.);
#16845=EDGE_CURVE('',#9322,#9318,#5616,.T.);
#16847=EDGE_CURVE('',#9317,#9318,#6837,.T.);
#16849=EDGE_CURVE('',#9317,#9329,#5144,.T.);
#16851=EDGE_CURVE('',#9329,#9330,#5149,.T.);
#16855=ADVANCED_FACE('',(#16854),#16801,.F.);
#16861=EDGE_CURVE('',#9453,#7648,#6323,.T.);
#16863=EDGE_CURVE('',#9453,#9454,#5364,.T.);
#16865=EDGE_CURVE('',#9454,#9462,#6289,.T.);
#16867=EDGE_CURVE('',#9462,#9337,#5153,.T.);
#16869=EDGE_CURVE('',#9337,#9338,#5158,.T.);
#16871=EDGE_CURVE('',#9338,#9344,#5162,.T.);
#16873=EDGE_CURVE('',#9344,#7570,#5167,.T.);
#16875=EDGE_CURVE('',#7569,#7570,#5171,.T.);
#16877=EDGE_CURVE('',#7569,#7531,#5176,.T.);
#16879=EDGE_CURVE('',#7531,#7532,#5180,.T.);
#16881=EDGE_CURVE('',#7532,#7534,#5185,.T.);
#16883=EDGE_CURVE('',#7534,#7648,#5189,.T.);
#16887=ADVANCED_FACE('',(#16886),#16860,.F.);
#16893=EDGE_CURVE('',#9572,#9576,#6671,.T.);
#16896=EDGE_CURVE('',#9221,#9224,#5197,.T.);
#16901=ADVANCED_FACE('',(#16900),#16892,.F.);
#16907=EDGE_CURVE('',#9574,#9578,#6675,.T.);
#16909=EDGE_CURVE('',#9574,#9227,#5205,.T.);
#16911=EDGE_CURVE('',#9227,#9228,#5209,.T.);
#16913=EDGE_CURVE('',#9228,#9578,#5213,.T.);
#16917=ADVANCED_FACE('',(#16916),#16906,.F.);
#16924=EDGE_CURVE('',#7602,#7624,#5225,.T.);
#16926=EDGE_CURVE('',#9312,#7624,#5271,.T.);
#16928=EDGE_CURVE('',#9312,#9280,#5217,.T.);
#16932=ADVANCED_FACE('',(#16931),#16922,.F.);
#16939=EDGE_CURVE('',#7626,#7597,#5221,.T.);
#16941=EDGE_CURVE('',#7626,#7624,#5275,.T.);
#16945=EDGE_CURVE('',#7601,#7604,#5645,.T.);
#16947=EDGE_CURVE('',#7607,#7604,#5629,.T.);
#16949=EDGE_CURVE('',#7607,#7608,#6866,.T.);
#16951=EDGE_CURVE('',#7610,#7608,#6850,.T.);
#16953=EDGE_CURVE('',#7610,#7598,#6841,.T.);
#16957=ADVANCED_FACE('',(#16956),#16937,.T.);
#16964=EDGE_CURVE('',#9542,#9550,#6958,.T.);
#16966=EDGE_CURVE('',#9541,#9542,#5229,.T.);
#16968=EDGE_CURVE('',#9548,#9541,#6978,.T.);
#16971=EDGE_CURVE('',#7630,#7638,#5233,.T.);
#16973=EDGE_CURVE('',#7629,#7630,#5238,.T.);
#16975=EDGE_CURVE('',#7634,#7629,#5242,.T.);
#16977=EDGE_CURVE('',#7633,#7634,#5247,.T.);
#16979=EDGE_CURVE('',#7636,#7633,#5251,.T.);
#16983=ADVANCED_FACE('',(#16982),#16962,.T.);
#16990=EDGE_CURVE('',#9282,#9304,#5255,.T.);
#16992=EDGE_CURVE('',#9304,#7626,#5279,.T.);
#16997=ADVANCED_FACE('',(#16996),#16988,.F.);
#17006=EDGE_CURVE('',#9308,#9304,#5259,.T.);
#17010=ADVANCED_FACE('',(#17009),#17002,.T.);
#17018=EDGE_CURVE('',#9364,#9366,#5263,.T.);
#17021=EDGE_CURVE('',#9368,#9214,#6950,.T.);
#17024=EDGE_CURVE('',#9312,#9314,#5267,.T.);
#17031=ADVANCED_FACE('',(#17030),#17015,.T.);
#17039=EDGE_CURVE('',#7536,#9366,#5292,.T.);
#17041=EDGE_CURVE('',#9362,#7536,#5283,.T.);
#17045=ADVANCED_FACE('',(#17044),#17036,.T.);
#17051=EDGE_CURVE('',#7527,#7536,#5287,.T.);
#17058=ADVANCED_FACE('',(#17057),#17050,.T.);
#17065=EDGE_CURVE('',#7642,#7650,#5296,.T.);
#17067=EDGE_CURVE('',#7641,#7642,#5300,.T.);
#17069=EDGE_CURVE('',#7648,#7641,#5304,.T.);
#17072=EDGE_CURVE('',#9360,#7534,#6583,.T.);
#17074=EDGE_CURVE('',#9360,#7536,#5308,.T.);
#17079=ADVANCED_FACE('',(#17078),#17063,.T.);
#17085=EDGE_CURVE('',#9450,#9538,#5312,.T.);
#17087=EDGE_CURVE('',#7646,#9538,#6315,.T.);
#17089=EDGE_CURVE('',#7642,#7646,#5316,.T.);
#17095=ADVANCED_FACE('',(#17094),#17084,.T.);
#17101=EDGE_CURVE('',#9734,#9466,#5324,.T.);
#17103=EDGE_CURVE('',#9465,#9466,#5328,.T.);
#17105=EDGE_CURVE('',#9465,#9538,#6206,.T.);
#17109=EDGE_CURVE('',#9457,#9449,#5336,.T.);
#17111=EDGE_CURVE('',#9334,#9457,#5340,.T.);
#17113=EDGE_CURVE('',#9734,#9334,#5344,.T.);
#17117=ADVANCED_FACE('',(#17116),#17100,.T.);
#17123=EDGE_CURVE('',#9536,#9453,#6319,.T.);
#17125=EDGE_CURVE('',#9536,#9470,#6234,.T.);
#17127=EDGE_CURVE('',#9469,#9470,#5348,.T.);
#17129=EDGE_CURVE('',#9469,#9744,#5352,.T.);
#17131=EDGE_CURVE('',#9744,#9341,#6189,.T.);
#17133=EDGE_CURVE('',#9461,#9341,#5356,.T.);
#17135=EDGE_CURVE('',#9454,#9461,#5360,.T.);
#17140=ADVANCED_FACE('',(#17139),#17122,.T.);
#17146=EDGE_CURVE('',#9678,#9466,#5368,.T.);
#17149=EDGE_CURVE('',#9734,#9730,#5372,.T.);
#17151=EDGE_CURVE('',#9730,#9678,#5376,.T.);
#17155=ADVANCED_FACE('',(#17154),#17145,.T.);
#17161=EDGE_CURVE('',#9680,#9469,#5380,.T.);
#17163=EDGE_CURVE('',#9680,#9742,#5384,.T.);
#17165=EDGE_CURVE('',#9742,#9744,#5388,.T.);
#17170=ADVANCED_FACE('',(#17169),#17160,.T.);
#17176=EDGE_CURVE('',#9457,#9458,#5392,.T.);
#17182=ADVANCED_FACE('',(#17181),#17175,.F.);
#17190=EDGE_CURVE('',#9674,#9678,#6242,.T.);
#17192=EDGE_CURVE('',#9465,#9674,#6210,.T.);
#17196=ADVANCED_FACE('',(#17195),#17187,.F.);
#17204=EDGE_CURVE('',#9330,#9334,#5396,.T.);
#17209=ADVANCED_FACE('',(#17208),#17201,.T.);
#17215=EDGE_CURVE('',#9461,#9462,#5400,.T.);
#17218=EDGE_CURVE('',#9337,#9341,#6185,.T.);
#17223=ADVANCED_FACE('',(#17222),#17214,.T.);
#17230=EDGE_CURVE('',#9329,#9333,#5404,.T.);
#17232=EDGE_CURVE('',#9333,#9334,#6271,.T.);
#17237=ADVANCED_FACE('',(#17236),#17228,.T.);
#17243=EDGE_CURVE('',#9406,#9410,#5408,.T.);
#17246=EDGE_CURVE('',#9349,#9350,#5412,.T.);
#17248=EDGE_CURVE('',#9350,#9406,#5444,.T.);
#17252=ADVANCED_FACE('',(#17251),#17242,.T.);
#17258=EDGE_CURVE('',#9402,#9408,#5416,.T.);
#17260=EDGE_CURVE('',#9402,#9386,#5488,.T.);
#17262=EDGE_CURVE('',#9386,#7612,#5420,.T.);
#17267=ADVANCED_FACE('',(#17266),#17257,.T.);
#17273=EDGE_CURVE('',#9418,#9317,#5424,.T.);
#17275=EDGE_CURVE('',#9418,#9333,#5508,.T.);
#17281=ADVANCED_FACE('',(#17280),#17272,.T.);
#17287=EDGE_CURVE('',#9422,#9321,#5428,.T.);
#17290=EDGE_CURVE('',#9390,#7614,#5432,.T.);
#17292=EDGE_CURVE('',#9390,#9422,#5516,.T.);
#17296=ADVANCED_FACE('',(#17295),#17286,.T.);
#17305=EDGE_CURVE('',#9405,#9406,#5440,.T.);
#17307=EDGE_CURVE('',#9668,#9405,#5653,.T.);
#17312=ADVANCED_FACE('',(#17311),#17301,.F.);
#17320=EDGE_CURVE('',#9768,#9350,#5448,.T.);
#17322=EDGE_CURVE('',#9768,#9784,#5452,.T.);
#17324=EDGE_CURVE('',#9784,#9812,#5456,.T.);
#17326=EDGE_CURVE('',#9812,#9430,#5460,.T.);
#17328=EDGE_CURVE('',#9429,#9430,#5464,.T.);
#17330=EDGE_CURVE('',#9429,#9405,#5657,.T.);
#17334=ADVANCED_FACE('',(#17333),#17317,.T.);
#17340=EDGE_CURVE('',#9401,#9402,#5468,.T.);
#17342=EDGE_CURVE('',#9401,#9426,#5697,.T.);
#17344=EDGE_CURVE('',#9425,#9426,#5472,.T.);
#17346=EDGE_CURVE('',#9425,#9438,#5476,.T.);
#17348=EDGE_CURVE('',#9437,#9438,#5480,.T.);
#17350=EDGE_CURVE('',#9437,#9385,#5685,.T.);
#17352=EDGE_CURVE('',#9385,#9386,#5484,.T.);
#17357=ADVANCED_FACE('',(#17356),#17339,.T.);
#17363=EDGE_CURVE('',#9417,#9418,#5492,.T.);
#17365=EDGE_CURVE('',#9417,#9442,#5737,.T.);
#17367=EDGE_CURVE('',#9441,#9442,#5496,.T.);
#17369=EDGE_CURVE('',#9441,#9736,#5500,.T.);
#17371=EDGE_CURVE('',#9736,#9333,#5504,.T.);
#17376=ADVANCED_FACE('',(#17375),#17362,.T.);
#17382=EDGE_CURVE('',#9421,#9422,#5512,.T.);
#17385=EDGE_CURVE('',#9389,#9390,#5520,.T.);
#17387=EDGE_CURVE('',#9389,#9434,#5757,.T.);
#17389=EDGE_CURVE('',#9433,#9434,#5524,.T.);
#17391=EDGE_CURVE('',#9433,#9446,#5528,.T.);
#17393=EDGE_CURVE('',#9445,#9446,#5532,.T.);
#17395=EDGE_CURVE('',#9445,#9421,#5745,.T.);
#17399=ADVANCED_FACE('',(#17398),#17381,.T.);
#17405=EDGE_CURVE('',#9381,#9382,#5536,.T.);
#17407=EDGE_CURVE('',#9382,#9764,#6833,.T.);
#17409=EDGE_CURVE('',#9764,#9768,#5540,.T.);
#17412=EDGE_CURVE('',#9381,#9350,#5545,.T.);
#17416=ADVANCED_FACE('',(#17415),#17404,.T.);
#17423=EDGE_CURVE('',#7574,#7544,#5549,.T.);
#17426=EDGE_CURVE('',#9377,#7576,#5560,.T.);
#17428=EDGE_CURVE('',#9377,#9378,#6894,.T.);
#17431=EDGE_CURVE('',#9382,#9654,#6823,.T.);
#17434=EDGE_CURVE('',#9381,#7566,#6926,.T.);
#17437=EDGE_CURVE('',#7565,#9218,#6930,.T.);
#17439=EDGE_CURVE('',#9218,#7546,#6946,.T.);
#17443=ADVANCED_FACE('',(#17442),#17421,.F.);
#17455=ADVANCED_FACE('',(#17454),#17448,.F.);
#17463=EDGE_CURVE('',#9532,#9533,#5564,.T.);
#17465=EDGE_CURVE('',#9533,#9377,#6899,.T.);
#17469=ADVANCED_FACE('',(#17468),#17460,.F.);
#17475=EDGE_CURVE('',#9882,#9396,#5568,.T.);
#17477=EDGE_CURVE('',#7618,#9396,#6857,.T.);
#17479=EDGE_CURVE('',#7620,#7618,#5572,.T.);
#17481=EDGE_CURVE('',#9398,#7620,#5641,.T.);
#17483=EDGE_CURVE('',#9398,#9855,#5576,.T.);
#17486=EDGE_CURVE('',#9871,#9872,#5580,.T.);
#17488=EDGE_CURVE('',#9851,#9872,#6878,.T.);
#17490=EDGE_CURVE('',#9851,#9533,#5584,.T.);
#17494=EDGE_CURVE('',#9882,#9891,#5588,.T.);
#17498=ADVANCED_FACE('',(#17497),#17474,.T.);
#17506=EDGE_CURVE('',#7622,#9398,#5634,.T.);
#17508=EDGE_CURVE('',#9392,#7622,#5596,.T.);
#17513=ADVANCED_FACE('',(#17512),#17503,.T.);
#17519=EDGE_CURVE('',#9851,#9852,#5600,.T.);
#17522=EDGE_CURVE('',#9533,#9628,#5604,.T.);
#17527=ADVANCED_FACE('',(#17526),#17518,.T.);
#17534=EDGE_CURVE('',#9882,#9888,#5608,.T.);
#17537=EDGE_CURVE('',#9412,#9318,#5612,.T.);
#17540=EDGE_CURVE('',#9414,#9322,#5620,.T.);
#17543=EDGE_CURVE('',#9394,#7616,#5624,.T.);
#17545=EDGE_CURVE('',#9396,#7616,#6862,.T.);
#17549=ADVANCED_FACE('',(#17548),#17532,.T.);
#17556=EDGE_CURVE('',#7604,#7622,#5649,.T.);
#17560=EDGE_CURVE('',#7607,#7620,#6870,.T.);
#17564=ADVANCED_FACE('',(#17563),#17554,.F.);
#17574=EDGE_CURVE('',#9662,#9385,#5681,.T.);
#17581=ADVANCED_FACE('',(#17580),#17569,.F.);
#17589=EDGE_CURVE('',#9429,#9632,#5661,.T.);
#17591=EDGE_CURVE('',#9846,#9632,#5833,.T.);
#17593=EDGE_CURVE('',#9814,#9846,#5665,.T.);
#17598=ADVANCED_FACE('',(#17597),#17586,.T.);
#17604=EDGE_CURVE('',#9666,#9401,#5673,.T.);
#17609=EDGE_CURVE('',#9437,#9636,#5689,.T.);
#17611=EDGE_CURVE('',#9630,#9636,#5881,.T.);
#17613=EDGE_CURVE('',#9426,#9630,#5693,.T.);
#17618=ADVANCED_FACE('',(#17617),#17603,.T.);
#17624=EDGE_CURVE('',#9763,#9764,#5701,.T.);
#17626=EDGE_CURVE('',#9660,#9764,#5705,.T.);
#17629=EDGE_CURVE('',#9776,#9780,#5713,.T.);
#17631=EDGE_CURVE('',#9763,#9780,#5841,.T.);
#17635=ADVANCED_FACE('',(#17634),#17623,.T.);
#17641=EDGE_CURVE('',#9670,#9417,#5717,.T.);
#17644=EDGE_CURVE('',#9619,#9728,#5725,.T.);
#17646=EDGE_CURVE('',#9727,#9728,#5729,.T.);
#17648=EDGE_CURVE('',#9638,#9727,#5857,.T.);
#17650=EDGE_CURVE('',#9442,#9638,#5733,.T.);
#17655=ADVANCED_FACE('',(#17654),#17640,.T.);
#17661=EDGE_CURVE('',#9672,#9421,#5741,.T.);
#17664=EDGE_CURVE('',#9445,#9640,#5749,.T.);
#17666=EDGE_CURVE('',#9634,#9640,#5869,.T.);
#17668=EDGE_CURVE('',#9434,#9634,#5753,.T.);
#17671=EDGE_CURVE('',#9664,#9389,#5761,.T.);
#17676=ADVANCED_FACE('',(#17675),#17660,.T.);
#17683=EDGE_CURVE('',#9644,#9430,#5777,.T.);
#17685=EDGE_CURVE('',#9632,#9644,#5837,.T.);
#17690=ADVANCED_FACE('',(#17689),#17681,.F.);
#17696=EDGE_CURVE('',#9848,#9812,#5769,.T.);
#17698=EDGE_CURVE('',#9848,#9644,#5773,.T.);
#17704=ADVANCED_FACE('',(#17703),#17695,.T.);
#17710=EDGE_CURVE('',#9766,#9782,#5781,.T.);
#17712=EDGE_CURVE('',#9782,#9784,#5785,.T.);
#17715=EDGE_CURVE('',#9768,#9766,#5789,.T.);
#17719=ADVANCED_FACE('',(#17718),#17709,.T.);
#17726=EDGE_CURVE('',#9650,#9441,#5793,.T.);
#17728=EDGE_CURVE('',#9650,#9732,#5797,.T.);
#17730=EDGE_CURVE('',#9736,#9732,#5801,.T.);
#17734=ADVANCED_FACE('',(#17733),#17724,.T.);
#17740=EDGE_CURVE('',#9646,#9433,#5805,.T.);
#17742=EDGE_CURVE('',#9646,#9652,#5809,.T.);
#17744=EDGE_CURVE('',#9652,#9446,#5813,.T.);
#17749=ADVANCED_FACE('',(#17748),#17739,.T.);
#17755=EDGE_CURVE('',#9642,#9425,#5817,.T.);
#17757=EDGE_CURVE('',#9642,#9648,#5821,.T.);
#17759=EDGE_CURVE('',#9648,#9438,#5825,.T.);
#17764=ADVANCED_FACE('',(#17763),#17754,.T.);
#17771=EDGE_CURVE('',#9846,#9848,#5829,.T.);
#17774=EDGE_CURVE('',#9812,#9787,#5905,.T.);
#17776=EDGE_CURVE('',#9814,#9787,#5893,.T.);
#17780=ADVANCED_FACE('',(#17779),#17769,.F.);
#17792=ADVANCED_FACE('',(#17791),#17785,.T.);
#17799=EDGE_CURVE('',#9780,#9782,#5845,.T.);
#17802=EDGE_CURVE('',#9766,#9763,#5849,.T.);
#17806=ADVANCED_FACE('',(#17805),#17797,.T.);
#17813=EDGE_CURVE('',#9638,#9650,#5853,.T.);
#17816=EDGE_CURVE('',#9732,#9727,#5861,.T.);
#17820=ADVANCED_FACE('',(#17819),#17811,.T.);
#17826=EDGE_CURVE('',#9634,#9646,#5865,.T.);
#17829=EDGE_CURVE('',#9640,#9652,#5873,.T.);
#17834=ADVANCED_FACE('',(#17833),#17825,.T.);
#17840=EDGE_CURVE('',#9630,#9642,#5877,.T.);
#17843=EDGE_CURVE('',#9636,#9648,#5885,.T.);
#17848=ADVANCED_FACE('',(#17847),#17839,.T.);
#17855=EDGE_CURVE('',#9776,#9788,#5889,.T.);
#17857=EDGE_CURVE('',#9788,#9784,#5897,.T.);
#17863=ADVANCED_FACE('',(#17862),#17853,.F.);
#17871=EDGE_CURVE('',#9787,#9788,#5901,.T.);
#17876=ADVANCED_FACE('',(#17875),#17868,.F.);
#17888=ADVANCED_FACE('',(#17887),#17881,.T.);
#17894=EDGE_CURVE('',#9809,#9810,#5965,.T.);
#17896=EDGE_CURVE('',#9800,#9809,#5909,.T.);
#17898=EDGE_CURVE('',#9799,#9800,#5913,.T.);
#17900=EDGE_CURVE('',#9810,#9799,#5917,.T.);
#17904=ADVANCED_FACE('',(#17903),#17893,.T.);
#17910=EDGE_CURVE('',#9805,#9806,#5957,.T.);
#17912=EDGE_CURVE('',#9796,#9805,#5921,.T.);
#17914=EDGE_CURVE('',#9795,#9796,#5925,.T.);
#17916=EDGE_CURVE('',#9806,#9795,#5929,.T.);
#17920=ADVANCED_FACE('',(#17919),#17909,.T.);
#17926=EDGE_CURVE('',#9778,#9802,#5949,.T.);
#17928=EDGE_CURVE('',#9792,#9778,#5933,.T.);
#17930=EDGE_CURVE('',#9791,#9792,#5937,.T.);
#17932=EDGE_CURVE('',#9802,#9791,#5941,.T.);
#17936=ADVANCED_FACE('',(#17935),#17925,.T.);
#17942=EDGE_CURVE('',#9752,#9778,#5945,.T.);
#17945=EDGE_CURVE('',#9802,#9805,#5953,.T.);
#17948=EDGE_CURVE('',#9806,#9809,#5961,.T.);
#17951=EDGE_CURVE('',#9810,#9760,#5969,.T.);
#17953=EDGE_CURVE('',#9760,#9346,#6162,.T.);
#17955=EDGE_CURVE('',#9342,#9346,#5973,.T.);
#17957=EDGE_CURVE('',#9752,#9342,#5977,.T.);
#17961=ADVANCED_FACE('',(#17960),#17941,.T.);
#17967=EDGE_CURVE('',#9840,#9806,#5981,.T.);
#17969=EDGE_CURVE('',#9840,#9842,#5985,.T.);
#17971=EDGE_CURVE('',#9842,#9809,#5989,.T.);
#17976=ADVANCED_FACE('',(#17975),#17966,.T.);
#17982=EDGE_CURVE('',#9836,#9802,#5993,.T.);
#17984=EDGE_CURVE('',#9836,#9838,#5997,.T.);
#17986=EDGE_CURVE('',#9838,#9805,#6001,.T.);
#17991=ADVANCED_FACE('',(#17990),#17981,.T.);
#17997=EDGE_CURVE('',#9758,#9760,#6005,.T.);
#18000=EDGE_CURVE('',#9844,#9810,#6009,.T.);
#18002=EDGE_CURVE('',#9844,#9758,#6013,.T.);
#18006=ADVANCED_FACE('',(#18005),#17996,.T.);
#18012=EDGE_CURVE('',#9752,#9750,#6017,.T.);
#18014=EDGE_CURVE('',#9750,#9774,#6021,.T.);
#18016=EDGE_CURVE('',#9774,#9778,#6025,.T.);
#18021=ADVANCED_FACE('',(#18020),#18011,.T.);
#18027=EDGE_CURVE('',#9819,#9830,#6029,.T.);
#18029=EDGE_CURVE('',#9830,#9840,#6089,.T.);
#18033=EDGE_CURVE('',#9819,#9795,#6149,.T.);
#18037=ADVANCED_FACE('',(#18036),#18026,.F.);
#18045=EDGE_CURVE('',#9824,#9832,#6037,.T.);
#18047=EDGE_CURVE('',#9830,#9832,#6093,.T.);
#18051=ADVANCED_FACE('',(#18050),#18042,.T.);
#18057=EDGE_CURVE('',#9816,#9826,#6041,.T.);
#18060=EDGE_CURVE('',#9820,#9828,#6049,.T.);
#18062=EDGE_CURVE('',#9826,#9828,#6105,.T.);
#18066=ADVANCED_FACE('',(#18065),#18056,.T.);
#18072=EDGE_CURVE('',#9755,#9756,#6053,.T.);
#18074=EDGE_CURVE('',#9834,#9756,#6121,.T.);
#18076=EDGE_CURVE('',#9823,#9834,#6057,.T.);
#18079=EDGE_CURVE('',#9658,#9755,#6783,.T.);
#18083=ADVANCED_FACE('',(#18082),#18071,.T.);
#18089=EDGE_CURVE('',#9747,#9748,#6065,.T.);
#18091=EDGE_CURVE('',#9624,#9748,#6069,.T.);
#18094=EDGE_CURVE('',#9770,#9772,#6077,.T.);
#18096=EDGE_CURVE('',#9747,#9772,#6129,.T.);
#18100=ADVANCED_FACE('',(#18099),#18088,.T.);
#18107=EDGE_CURVE('',#9824,#9800,#6081,.T.);
#18111=EDGE_CURVE('',#9832,#9842,#6097,.T.);
#18115=ADVANCED_FACE('',(#18114),#18105,.F.);
#18122=EDGE_CURVE('',#9823,#9799,#6085,.T.);
#18128=ADVANCED_FACE('',(#18127),#18120,.F.);
#18135=EDGE_CURVE('',#9834,#9844,#6117,.T.);
#18142=ADVANCED_FACE('',(#18141),#18133,.F.);
#18154=ADVANCED_FACE('',(#18153),#18147,.T.);
#18160=EDGE_CURVE('',#9826,#9836,#6101,.T.);
#18163=EDGE_CURVE('',#9828,#9838,#6109,.T.);
#18168=ADVANCED_FACE('',(#18167),#18159,.T.);
#18174=EDGE_CURVE('',#9758,#9756,#6113,.T.);
#18181=ADVANCED_FACE('',(#18180),#18173,.T.);
#18187=EDGE_CURVE('',#9750,#9747,#6125,.T.);
#18190=EDGE_CURVE('',#9772,#9774,#6133,.T.);
#18195=ADVANCED_FACE('',(#18194),#18186,.T.);
#18205=EDGE_CURVE('',#9816,#9791,#6137,.T.);
#18209=ADVANCED_FACE('',(#18208),#18200,.F.);
#18218=EDGE_CURVE('',#9770,#9792,#6141,.T.);
#18222=ADVANCED_FACE('',(#18221),#18214,.F.);
#18235=ADVANCED_FACE('',(#18234),#18227,.F.);
#18242=EDGE_CURVE('',#9820,#9796,#6145,.T.);
#18249=ADVANCED_FACE('',(#18248),#18240,.F.);
#18261=ADVANCED_FACE('',(#18260),#18254,.F.);
#18268=EDGE_CURVE('',#9755,#9760,#6153,.T.);
#18274=ADVANCED_FACE('',(#18273),#18266,.F.);
#18280=EDGE_CURVE('',#9346,#9352,#6158,.T.);
#18284=EDGE_CURVE('',#9755,#9374,#6779,.T.);
#18286=EDGE_CURVE('',#9352,#9374,#6166,.T.);
#18290=ADVANCED_FACE('',(#18289),#18279,.T.);
#18297=EDGE_CURVE('',#9344,#9346,#6170,.T.);
#18300=EDGE_CURVE('',#7570,#9352,#6177,.T.);
#18304=ADVANCED_FACE('',(#18303),#18295,.T.);
#18311=EDGE_CURVE('',#9338,#9342,#6181,.T.);
#18317=ADVANCED_FACE('',(#18316),#18309,.T.);
#18325=EDGE_CURVE('',#9341,#9342,#6198,.T.);
#18330=ADVANCED_FACE('',(#18329),#18322,.T.);
#18337=EDGE_CURVE('',#9739,#9744,#6202,.T.);
#18339=EDGE_CURVE('',#9739,#9748,#6303,.T.);
#18341=EDGE_CURVE('',#9748,#9752,#6193,.T.);
#18347=ADVANCED_FACE('',(#18346),#18335,.T.);
#18353=EDGE_CURVE('',#9739,#9740,#6226,.T.);
#18357=EDGE_CURVE('',#9740,#9742,#6262,.T.);
#18361=ADVANCED_FACE('',(#18360),#18352,.F.);
#18369=EDGE_CURVE('',#9723,#9674,#6250,.T.);
#18371=EDGE_CURVE('',#9723,#9724,#6214,.T.);
#18373=EDGE_CURVE('',#9620,#9724,#6218,.T.);
#18376=EDGE_CURVE('',#9622,#9739,#6293,.T.);
#18379=EDGE_CURVE('',#9676,#9740,#6258,.T.);
#18381=EDGE_CURVE('',#9470,#9676,#6230,.T.);
#18384=EDGE_CURVE('',#9538,#9536,#6238,.T.);
#18388=ADVANCED_FACE('',(#18387),#18366,.T.);
#18396=EDGE_CURVE('',#9730,#9723,#6246,.T.);
#18401=ADVANCED_FACE('',(#18400),#18393,.T.);
#18407=EDGE_CURVE('',#9676,#9680,#6254,.T.);
#18414=ADVANCED_FACE('',(#18413),#18406,.T.);
#18423=EDGE_CURVE('',#9724,#9734,#6266,.T.);
#18427=ADVANCED_FACE('',(#18426),#18419,.F.);
#18434=EDGE_CURVE('',#9728,#9736,#6275,.T.);
#18436=EDGE_CURVE('',#9728,#9724,#6280,.T.);
#18443=ADVANCED_FACE('',(#18442),#18432,.T.);
#18455=ADVANCED_FACE('',(#18454),#18448,.F.);
#18467=ADVANCED_FACE('',(#18466),#18460,.T.);
#18478=ADVANCED_FACE('',(#18477),#18472,.F.);
#18490=ADVANCED_FACE('',(#18489),#18483,.F.);
#18502=ADVANCED_FACE('',(#18501),#18495,.T.);
#18508=EDGE_CURVE('',#9536,#7645,#6307,.T.);
#18510=EDGE_CURVE('',#7645,#7646,#6311,.T.);
#18516=ADVANCED_FACE('',(#18515),#18507,.F.);
#18526=EDGE_CURVE('',#7641,#7645,#6327,.T.);
#18530=ADVANCED_FACE('',(#18529),#18521,.T.);
#18542=ADVANCED_FACE('',(#18541),#18535,.T.);
#18554=ADVANCED_FACE('',(#18553),#18547,.F.);
#18560=EDGE_CURVE('',#9481,#9482,#6331,.T.);
#18562=EDGE_CURVE('',#9484,#9482,#6335,.T.);
#18564=EDGE_CURVE('',#7569,#9484,#6540,.T.);
#18569=EDGE_CURVE('',#9656,#9374,#6774,.T.);
#18572=EDGE_CURVE('',#9371,#9372,#6792,.T.);
#18574=EDGE_CURVE('',#7583,#9371,#6808,.T.);
#18577=EDGE_CURVE('',#7584,#7558,#6635,.T.);
#18580=EDGE_CURVE('',#7557,#9481,#6552,.T.);
#18584=ADVANCED_FACE('',(#18583),#18559,.F.);
#18590=EDGE_CURVE('',#9473,#9474,#6351,.T.);
#18592=EDGE_CURVE('',#9487,#9473,#6623,.T.);
#18594=EDGE_CURVE('',#9487,#9488,#6458,.T.);
#18596=EDGE_CURVE('',#9474,#9488,#6339,.T.);
#18600=ADVANCED_FACE('',(#18599),#18589,.F.);
#18607=EDGE_CURVE('',#9499,#9478,#6343,.T.);
#18609=EDGE_CURVE('',#9499,#9497,#6603,.T.);
#18611=EDGE_CURVE('',#9477,#9497,#6619,.T.);
#18615=ADVANCED_FACE('',(#18614),#18605,.F.);
#18622=EDGE_CURVE('',#9493,#9481,#6546,.T.);
#18624=EDGE_CURVE('',#9501,#9493,#6518,.T.);
#18626=EDGE_CURVE('',#9482,#9501,#6347,.T.);
#18630=ADVANCED_FACE('',(#18629),#18620,.F.);
#18636=EDGE_CURVE('',#9591,#9574,#6363,.T.);
#18638=EDGE_CURVE('',#9608,#9591,#6408,.T.);
#18640=EDGE_CURVE('',#9524,#9608,#6474,.T.);
#18643=EDGE_CURVE('',#7579,#7550,#6767,.T.);
#18646=EDGE_CURVE('',#7549,#9473,#6627,.T.);
#18649=EDGE_CURVE('',#9505,#9474,#6355,.T.);
#18651=EDGE_CURVE('',#9504,#9505,#6359,.T.);
#18653=EDGE_CURVE('',#9227,#9504,#6486,.T.);
#18658=ADVANCED_FACE('',(#18657),#18635,.F.);
#18664=EDGE_CURVE('',#9592,#9562,#6378,.T.);
#18666=EDGE_CURVE('',#9591,#9592,#6418,.T.);
#18669=EDGE_CURVE('',#9574,#9582,#6369,.T.);
#18671=EDGE_CURVE('',#9582,#9562,#6374,.T.);
#18675=ADVANCED_FACE('',(#18674),#18663,.F.);
#18682=EDGE_CURVE('',#9592,#9604,#6423,.T.);
#18685=EDGE_CURVE('',#9561,#9562,#6655,.T.);
#18687=EDGE_CURVE('',#9688,#9561,#6679,.T.);
#18689=EDGE_CURVE('',#9687,#9688,#6703,.T.);
#18691=EDGE_CURVE('',#9718,#9687,#6759,.T.);
#18693=EDGE_CURVE('',#9718,#9610,#6382,.T.);
#18697=ADVANCED_FACE('',(#18696),#18680,.F.);
#18704=EDGE_CURVE('',#9603,#9589,#6387,.T.);
#18706=EDGE_CURVE('',#9589,#9590,#6398,.T.);
#18708=EDGE_CURVE('',#9590,#9607,#6403,.T.);
#18710=EDGE_CURVE('',#9607,#9608,#6466,.T.);
#18717=ADVANCED_FACE('',(#18716),#18702,.F.);
#18723=EDGE_CURVE('',#9589,#9570,#6431,.T.);
#18727=EDGE_CURVE('',#9614,#9712,#6427,.T.);
#18729=EDGE_CURVE('',#9712,#9695,#6763,.T.);
#18731=EDGE_CURVE('',#9695,#9696,#6707,.T.);
#18733=EDGE_CURVE('',#9696,#9569,#6683,.T.);
#18735=EDGE_CURVE('',#9569,#9570,#6663,.T.);
#18739=ADVANCED_FACE('',(#18738),#18722,.F.);
#18745=EDGE_CURVE('',#9590,#9578,#6446,.T.);
#18749=EDGE_CURVE('',#9570,#9584,#6436,.T.);
#18751=EDGE_CURVE('',#9584,#9578,#6442,.T.);
#18755=ADVANCED_FACE('',(#18754),#18744,.F.);
#18761=EDGE_CURVE('',#9607,#9525,#6470,.T.);
#18766=EDGE_CURVE('',#9228,#9509,#6482,.T.);
#18768=EDGE_CURVE('',#9508,#9509,#6450,.T.);
#18770=EDGE_CURVE('',#9508,#9488,#6454,.T.);
#18773=EDGE_CURVE('',#7562,#9487,#6631,.T.);
#18776=EDGE_CURVE('',#7586,#7560,#6462,.T.);
#18781=ADVANCED_FACE('',(#18780),#18760,.F.);
#18793=ADVANCED_FACE('',(#18792),#18786,.T.);
#18799=EDGE_CURVE('',#9509,#9504,#6478,.T.);
#18806=ADVANCED_FACE('',(#18805),#18798,.T.);
#18812=EDGE_CURVE('',#9513,#9515,#6490,.T.);
#18817=EDGE_CURVE('',#9222,#9496,#6502,.T.);
#18819=EDGE_CURVE('',#9515,#9496,#6599,.T.);
#18823=ADVANCED_FACE('',(#18822),#18811,.T.);
#18830=EDGE_CURVE('',#9508,#9505,#6506,.T.);
#18836=ADVANCED_FACE('',(#18835),#18828,.T.);
#18844=EDGE_CURVE('',#9490,#9501,#6514,.T.);
#18846=EDGE_CURVE('',#9484,#9490,#6523,.T.);
#18850=ADVANCED_FACE('',(#18849),#18841,.F.);
#18862=ADVANCED_FACE('',(#18861),#18855,.F.);
#18868=EDGE_CURVE('',#9512,#9517,#6510,.T.);
#18870=EDGE_CURVE('',#9517,#9499,#6595,.T.);
#18876=ADVANCED_FACE('',(#18875),#18867,.F.);
#18882=EDGE_CURVE('',#9490,#9492,#6527,.T.);
#18886=EDGE_CURVE('',#9493,#9492,#6558,.T.);
#18890=ADVANCED_FACE('',(#18889),#18881,.F.);
#18898=EDGE_CURVE('',#9492,#9216,#6532,.T.);
#18900=EDGE_CURVE('',#9216,#7531,#6536,.T.);
#18906=ADVANCED_FACE('',(#18905),#18895,.T.);
#18915=EDGE_CURVE('',#9355,#9216,#6562,.T.);
#18921=ADVANCED_FACE('',(#18920),#18911,.T.);
#18928=EDGE_CURVE('',#9356,#7538,#6566,.T.);
#18930=EDGE_CURVE('',#9216,#7538,#6587,.T.);
#18935=ADVANCED_FACE('',(#18934),#18926,.T.);
#18942=EDGE_CURVE('',#9358,#9360,#6570,.T.);
#18944=EDGE_CURVE('',#7538,#9360,#6579,.T.);
#18949=ADVANCED_FACE('',(#18948),#18940,.T.);
#18961=ADVANCED_FACE('',(#18960),#18954,.T.);
#18967=EDGE_CURVE('',#7532,#7538,#6574,.T.);
#18974=ADVANCED_FACE('',(#18973),#18966,.T.);
#18986=ADVANCED_FACE('',(#18985),#18979,.T.);
#18994=EDGE_CURVE('',#9515,#9517,#6591,.T.);
#18999=ADVANCED_FACE('',(#18998),#18991,.T.);
#19008=EDGE_CURVE('',#9496,#9497,#6607,.T.);
#19013=ADVANCED_FACE('',(#19012),#19004,.T.);
#19027=ADVANCED_FACE('',(#19026),#19018,.T.);
#19039=ADVANCED_FACE('',(#19038),#19032,.T.);
#19051=ADVANCED_FACE('',(#19050),#19044,.F.);
#19059=EDGE_CURVE('',#9581,#9580,#6643,.T.);
#19063=EDGE_CURVE('',#9565,#9557,#6651,.T.);
#19067=ADVANCED_FACE('',(#19066),#19056,.T.);
#19075=EDGE_CURVE('',#9582,#9584,#6659,.T.);
#19079=EDGE_CURVE('',#9569,#9561,#6667,.T.);
#19083=ADVANCED_FACE('',(#19082),#19072,.T.);
#19095=ADVANCED_FACE('',(#19094),#19088,.T.);
#19107=ADVANCED_FACE('',(#19106),#19100,.T.);
#19116=EDGE_CURVE('',#9696,#9688,#6687,.T.);
#19120=ADVANCED_FACE('',(#19119),#19112,.T.);
#19129=EDGE_CURVE('',#9692,#9684,#6699,.T.);
#19133=ADVANCED_FACE('',(#19132),#19125,.T.);
#19142=EDGE_CURVE('',#9695,#9687,#6711,.T.);
#19146=ADVANCED_FACE('',(#19145),#19138,.T.);
#19155=EDGE_CURVE('',#9691,#9683,#6723,.T.);
#19159=ADVANCED_FACE('',(#19158),#19151,.T.);
#19165=EDGE_CURVE('',#9700,#9702,#6727,.T.);
#19170=EDGE_CURVE('',#9705,#9706,#6739,.T.);
#19175=ADVANCED_FACE('',(#19174),#19164,.T.);
#19181=EDGE_CURVE('',#9711,#9712,#6747,.T.);
#19184=EDGE_CURVE('',#9718,#9720,#6755,.T.);
#19191=ADVANCED_FACE('',(#19190),#19180,.T.);
#19203=ADVANCED_FACE('',(#19202),#19196,.T.);
#19215=ADVANCED_FACE('',(#19214),#19208,.T.);
#19227=ADVANCED_FACE('',(#19226),#19220,.T.);
#19239=ADVANCED_FACE('',(#19238),#19232,.T.);
#19251=ADVANCED_FACE('',(#19250),#19244,.F.);
#19263=ADVANCED_FACE('',(#19262),#19256,.T.);
#19272=EDGE_CURVE('',#9371,#9529,#6801,.T.);
#19276=ADVANCED_FACE('',(#19275),#19268,.F.);
#19288=ADVANCED_FACE('',(#19287),#19281,.F.);
#19300=ADVANCED_FACE('',(#19299),#19293,.F.);
#19312=ADVANCED_FACE('',(#19311),#19305,.F.);
#19324=ADVANCED_FACE('',(#19323),#19317,.F.);
#19336=ADVANCED_FACE('',(#19335),#19329,.F.);
#19348=ADVANCED_FACE('',(#19347),#19341,.F.);
#19360=ADVANCED_FACE('',(#19359),#19353,.F.);
#19374=ADVANCED_FACE('',(#19373),#19365,.F.);
#19386=ADVANCED_FACE('',(#19385),#19379,.T.);
#19400=ADVANCED_FACE('',(#19399),#19391,.F.);
#19414=ADVANCED_FACE('',(#19413),#19405,.F.);
#19421=EDGE_CURVE('',#7610,#7616,#6845,.T.);
#19431=ADVANCED_FACE('',(#19430),#19419,.F.);
#19438=EDGE_CURVE('',#7608,#7618,#6874,.T.);
#19445=ADVANCED_FACE('',(#19444),#19436,.F.);
#19457=ADVANCED_FACE('',(#19456),#19450,.F.);
#19464=EDGE_CURVE('',#9874,#9872,#6882,.T.);
#19471=ADVANCED_FACE('',(#19470),#19462,.F.);
#19483=ADVANCED_FACE('',(#19482),#19476,.F.);
#19495=ADVANCED_FACE('',(#19494),#19488,.F.);
#19502=EDGE_CURVE('',#9892,#9880,#6903,.T.);
#19504=EDGE_CURVE('',#9880,#9885,#6919,.T.);
#19511=ADVANCED_FACE('',(#19510),#19500,.T.);
#19517=EDGE_CURVE('',#9879,#9880,#6911,.T.);
#19521=EDGE_CURVE('',#9894,#9879,#6907,.T.);
#19525=ADVANCED_FACE('',(#19524),#19516,.T.);
#19532=EDGE_CURVE('',#9879,#9886,#6915,.T.);
#19538=ADVANCED_FACE('',(#19537),#19530,.T.);
#19552=ADVANCED_FACE('',(#19551),#19543,.T.);
#19564=ADVANCED_FACE('',(#19563),#19557,.T.);
#19573=EDGE_CURVE('',#9214,#9218,#6939,.T.);
#19577=ADVANCED_FACE('',(#19576),#19569,.T.);
#19589=ADVANCED_FACE('',(#19588),#19582,.T.);
#19601=ADVANCED_FACE('',(#19600),#19594,.T.);
#19608=EDGE_CURVE('',#9554,#9546,#6954,.T.);
#19610=EDGE_CURVE('',#9546,#9542,#6970,.T.);
#19615=ADVANCED_FACE('',(#19614),#19606,.T.);
#19621=EDGE_CURVE('',#9545,#9546,#6962,.T.);
#19625=EDGE_CURVE('',#9545,#9552,#6982,.T.);
#19629=ADVANCED_FACE('',(#19628),#19620,.T.);
#19638=EDGE_CURVE('',#9541,#9545,#6974,.T.);
#19642=ADVANCED_FACE('',(#19641),#19634,.T.);
#19654=ADVANCED_FACE('',(#19653),#19647,.T.);
#19662=EDGE_CURVE('',#9284,#7630,#6990,.T.);
#19667=ADVANCED_FACE('',(#19666),#19659,.F.);
#19674=EDGE_CURVE('',#9286,#9284,#6995,.T.);
#19676=EDGE_CURVE('',#9286,#7629,#7007,.T.);
#19681=ADVANCED_FACE('',(#19680),#19672,.F.);
#19690=EDGE_CURVE('',#9286,#9296,#6999,.T.);
#19694=ADVANCED_FACE('',(#19693),#19686,.F.);
#19700=EDGE_CURVE('',#9288,#9286,#7011,.T.);
#19704=EDGE_CURVE('',#9288,#9298,#7003,.T.);
#19708=ADVANCED_FACE('',(#19707),#19699,.T.);
#19716=EDGE_CURVE('',#9288,#7634,#7015,.T.);
#19721=ADVANCED_FACE('',(#19720),#19713,.F.);
#19728=EDGE_CURVE('',#9290,#9288,#7020,.T.);
#19730=EDGE_CURVE('',#9290,#7633,#7028,.T.);
#19735=ADVANCED_FACE('',(#19734),#19726,.F.);
#19744=EDGE_CURVE('',#9290,#9300,#7024,.T.);
#19748=ADVANCED_FACE('',(#19747),#19740,.F.);
#19755=EDGE_CURVE('',#9276,#9290,#7032,.T.);
#19761=ADVANCED_FACE('',(#19760),#19753,.T.);
#19773=ADVANCED_FACE('',(#19772),#19766,.F.);
#19780=EDGE_CURVE('',#9927,#9923,#7036,.T.);
#19782=EDGE_CURVE('',#9923,#9924,#7045,.T.);
#19784=EDGE_CURVE('',#9928,#9924,#7040,.T.);
#19788=ADVANCED_FACE('',(#19787),#19778,.F.);
#19796=EDGE_CURVE('',#9924,#9923,#7050,.T.);
#19801=ADVANCED_FACE('',(#19800),#19793,.F.);
#19811=ADVANCED_FACE('',(#19810),#19806,.T.);
#19817=EDGE_CURVE('',#7589,#7590,#7072,.T.);
#19819=EDGE_CURVE('',#7589,#7592,#7106,.T.);
#19821=EDGE_CURVE('',#7592,#7594,#7272,.T.);
#19827=ADVANCED_FACE('',(#19826),#19816,.F.);
#19833=EDGE_CURVE('',#9259,#9260,#7064,.T.);
#19835=EDGE_CURVE('',#7589,#9259,#7068,.T.);
#19841=ADVANCED_FACE('',(#19840),#19832,.F.);
#19847=EDGE_CURVE('',#9198,#9262,#7080,.T.);
#19849=EDGE_CURVE('',#9262,#9259,#7084,.T.);
#19853=EDGE_CURVE('',#9189,#9201,#7516,.T.);
#19858=ADVANCED_FACE('',(#19857),#19846,.F.);
#19864=EDGE_CURVE('',#9262,#9210,#7110,.T.);
#19868=EDGE_CURVE('',#9196,#9210,#7092,.T.);
#19872=ADVANCED_FACE('',(#19871),#19863,.F.);
#19878=EDGE_CURVE('',#9267,#9270,#7097,.T.);
#19880=EDGE_CURVE('',#9267,#7592,#7101,.T.);
#19886=EDGE_CURVE('',#9256,#9210,#7114,.T.);
#19888=EDGE_CURVE('',#9252,#9256,#7118,.T.);
#19890=EDGE_CURVE('',#9252,#9134,#7122,.T.);
#19892=EDGE_CURVE('',#9138,#9134,#7126,.T.);
#19894=EDGE_CURVE('',#9136,#9138,#7130,.T.);
#19896=EDGE_CURVE('',#9254,#9136,#7134,.T.);
#19898=EDGE_CURVE('',#9248,#9254,#7138,.T.);
#19900=EDGE_CURVE('',#9248,#9082,#7142,.T.);
#19902=EDGE_CURVE('',#9086,#9082,#7146,.T.);
#19904=EDGE_CURVE('',#9084,#9086,#7150,.T.);
#19906=EDGE_CURVE('',#9250,#9084,#7154,.T.);
#19908=EDGE_CURVE('',#9244,#9250,#7158,.T.);
#19910=EDGE_CURVE('',#9244,#9054,#7162,.T.);
#19912=EDGE_CURVE('',#9058,#9054,#7166,.T.);
#19914=EDGE_CURVE('',#9056,#9058,#7170,.T.);
#19916=EDGE_CURVE('',#9246,#9056,#7174,.T.);
#19918=EDGE_CURVE('',#9240,#9246,#7178,.T.);
#19920=EDGE_CURVE('',#9240,#9026,#7182,.T.);
#19922=EDGE_CURVE('',#9030,#9026,#7186,.T.);
#19924=EDGE_CURVE('',#9028,#9030,#7190,.T.);
#19926=EDGE_CURVE('',#9242,#9028,#7194,.T.);
#19928=EDGE_CURVE('',#9236,#9242,#7198,.T.);
#19930=EDGE_CURVE('',#9236,#8998,#7202,.T.);
#19932=EDGE_CURVE('',#9002,#8998,#7206,.T.);
#19934=EDGE_CURVE('',#9000,#9002,#7210,.T.);
#19936=EDGE_CURVE('',#9238,#9000,#7214,.T.);
#19938=EDGE_CURVE('',#9232,#9238,#7218,.T.);
#19940=EDGE_CURVE('',#9232,#8970,#7222,.T.);
#19942=EDGE_CURVE('',#8974,#8970,#7226,.T.);
#19944=EDGE_CURVE('',#8972,#8974,#7230,.T.);
#19946=EDGE_CURVE('',#9234,#8972,#7234,.T.);
#19948=EDGE_CURVE('',#9230,#9234,#7238,.T.);
#19950=EDGE_CURVE('',#9230,#8944,#7242,.T.);
#19952=EDGE_CURVE('',#8946,#8944,#7246,.T.);
#19954=EDGE_CURVE('',#9264,#8946,#7250,.T.);
#19956=EDGE_CURVE('',#9270,#9264,#7280,.T.);
#19960=ADVANCED_FACE('',(#19959),#19877,.F.);
#19966=EDGE_CURVE('',#9267,#9268,#7264,.T.);
#19969=EDGE_CURVE('',#9270,#9272,#7276,.T.);
#19975=ADVANCED_FACE('',(#19974),#19965,.F.);
#19987=ADVANCED_FACE('',(#19986),#19980,.F.);
#19995=EDGE_CURVE('',#8932,#9264,#7292,.T.);
#19998=EDGE_CURVE('',#8930,#8942,#7284,.T.);
#20003=ADVANCED_FACE('',(#20002),#19992,.F.);
#20010=EDGE_CURVE('',#8934,#8946,#7296,.T.);
#20016=ADVANCED_FACE('',(#20015),#20008,.F.);
#20025=EDGE_CURVE('',#8925,#8944,#7300,.T.);
#20029=ADVANCED_FACE('',(#20028),#20021,.F.);
#20038=EDGE_CURVE('',#8937,#9230,#7308,.T.);
#20041=EDGE_CURVE('',#8926,#8938,#7520,.T.);
#20045=ADVANCED_FACE('',(#20044),#20034,.F.);
#20051=EDGE_CURVE('',#8968,#9234,#7304,.T.);
#20058=ADVANCED_FACE('',(#20057),#20050,.T.);
#20064=EDGE_CURVE('',#8996,#9238,#7312,.T.);
#20067=EDGE_CURVE('',#8961,#9232,#7316,.T.);
#20072=ADVANCED_FACE('',(#20071),#20063,.T.);
#20078=EDGE_CURVE('',#9024,#9242,#7320,.T.);
#20081=EDGE_CURVE('',#8989,#9236,#7324,.T.);
#20086=ADVANCED_FACE('',(#20085),#20077,.T.);
#20092=EDGE_CURVE('',#9052,#9246,#7328,.T.);
#20095=EDGE_CURVE('',#9017,#9240,#7332,.T.);
#20100=ADVANCED_FACE('',(#20099),#20091,.T.);
#20106=EDGE_CURVE('',#9080,#9250,#7336,.T.);
#20109=EDGE_CURVE('',#9045,#9244,#7340,.T.);
#20114=ADVANCED_FACE('',(#20113),#20105,.T.);
#20120=EDGE_CURVE('',#9132,#9254,#7344,.T.);
#20123=EDGE_CURVE('',#9073,#9248,#7348,.T.);
#20128=ADVANCED_FACE('',(#20127),#20119,.T.);
#20134=EDGE_CURVE('',#9208,#9256,#7352,.T.);
#20137=EDGE_CURVE('',#9125,#9252,#7356,.T.);
#20142=ADVANCED_FACE('',(#20141),#20133,.T.);
#20149=EDGE_CURVE('',#8954,#8966,#7360,.T.);
#20154=EDGE_CURVE('',#8956,#8972,#7380,.T.);
#20158=ADVANCED_FACE('',(#20157),#20147,.F.);
#20165=EDGE_CURVE('',#8952,#8964,#7364,.T.);
#20171=ADVANCED_FACE('',(#20170),#20163,.F.);
#20178=EDGE_CURVE('',#8950,#8962,#7368,.T.);
#20184=ADVANCED_FACE('',(#20183),#20176,.F.);
#20191=EDGE_CURVE('',#8949,#8970,#7372,.T.);
#20199=ADVANCED_FACE('',(#20198),#20189,.F.);
#20206=EDGE_CURVE('',#8958,#8974,#7376,.T.);
#20212=ADVANCED_FACE('',(#20211),#20204,.F.);
#20224=ADVANCED_FACE('',(#20223),#20217,.F.);
#20231=EDGE_CURVE('',#8982,#8994,#7384,.T.);
#20236=EDGE_CURVE('',#8984,#9000,#7404,.T.);
#20240=ADVANCED_FACE('',(#20239),#20229,.F.);
#20247=EDGE_CURVE('',#8980,#8992,#7388,.T.);
#20253=ADVANCED_FACE('',(#20252),#20245,.F.);
#20260=EDGE_CURVE('',#8978,#8990,#7392,.T.);
#20266=ADVANCED_FACE('',(#20265),#20258,.F.);
#20273=EDGE_CURVE('',#8977,#8998,#7396,.T.);
#20281=ADVANCED_FACE('',(#20280),#20271,.F.);
#20288=EDGE_CURVE('',#8986,#9002,#7400,.T.);
#20294=ADVANCED_FACE('',(#20293),#20286,.F.);
#20306=ADVANCED_FACE('',(#20305),#20299,.F.);
#20313=EDGE_CURVE('',#9010,#9022,#7408,.T.);
#20318=EDGE_CURVE('',#9012,#9028,#7428,.T.);
#20322=ADVANCED_FACE('',(#20321),#20311,.F.);
#20329=EDGE_CURVE('',#9008,#9020,#7412,.T.);
#20335=ADVANCED_FACE('',(#20334),#20327,.F.);
#20342=EDGE_CURVE('',#9006,#9018,#7416,.T.);
#20348=ADVANCED_FACE('',(#20347),#20340,.F.);
#20355=EDGE_CURVE('',#9005,#9026,#7420,.T.);
#20363=ADVANCED_FACE('',(#20362),#20353,.F.);
#20370=EDGE_CURVE('',#9014,#9030,#7424,.T.);
#20376=ADVANCED_FACE('',(#20375),#20368,.F.);
#20388=ADVANCED_FACE('',(#20387),#20381,.F.);
#20395=EDGE_CURVE('',#9038,#9050,#7432,.T.);
#20400=EDGE_CURVE('',#9040,#9056,#7452,.T.);
#20404=ADVANCED_FACE('',(#20403),#20393,.F.);
#20411=EDGE_CURVE('',#9036,#9048,#7436,.T.);
#20417=ADVANCED_FACE('',(#20416),#20409,.F.);
#20424=EDGE_CURVE('',#9034,#9046,#7440,.T.);
#20430=ADVANCED_FACE('',(#20429),#20422,.F.);
#20437=EDGE_CURVE('',#9033,#9054,#7444,.T.);
#20445=ADVANCED_FACE('',(#20444),#20435,.F.);
#20452=EDGE_CURVE('',#9042,#9058,#7448,.T.);
#20458=ADVANCED_FACE('',(#20457),#20450,.F.);
#20470=ADVANCED_FACE('',(#20469),#20463,.F.);
#20477=EDGE_CURVE('',#9066,#9078,#7456,.T.);
#20482=EDGE_CURVE('',#9068,#9084,#7476,.T.);
#20486=ADVANCED_FACE('',(#20485),#20475,.F.);
#20493=EDGE_CURVE('',#9064,#9076,#7460,.T.);
#20499=ADVANCED_FACE('',(#20498),#20491,.F.);
#20506=EDGE_CURVE('',#9062,#9074,#7464,.T.);
#20512=ADVANCED_FACE('',(#20511),#20504,.F.);
#20519=EDGE_CURVE('',#9061,#9082,#7468,.T.);
#20527=ADVANCED_FACE('',(#20526),#20517,.F.);
#20534=EDGE_CURVE('',#9070,#9086,#7472,.T.);
#20540=ADVANCED_FACE('',(#20539),#20532,.F.);
#20552=ADVANCED_FACE('',(#20551),#20545,.F.);
#20559=EDGE_CURVE('',#9118,#9130,#7480,.T.);
#20564=EDGE_CURVE('',#9120,#9136,#7500,.T.);
#20568=ADVANCED_FACE('',(#20567),#20557,.F.);
#20575=EDGE_CURVE('',#9116,#9128,#7484,.T.);
#20581=ADVANCED_FACE('',(#20580),#20573,.F.);
#20588=EDGE_CURVE('',#9114,#9126,#7488,.T.);
#20594=ADVANCED_FACE('',(#20593),#20586,.F.);
#20601=EDGE_CURVE('',#9113,#9134,#7492,.T.);
#20609=ADVANCED_FACE('',(#20608),#20599,.F.);
#20616=EDGE_CURVE('',#9122,#9138,#7496,.T.);
#20622=ADVANCED_FACE('',(#20621),#20614,.F.);
#20634=ADVANCED_FACE('',(#20633),#20627,.F.);
#20641=EDGE_CURVE('',#9194,#9206,#7504,.T.);
#20649=ADVANCED_FACE('',(#20648),#20639,.F.);
#20656=EDGE_CURVE('',#9192,#9204,#7508,.T.);
#20662=ADVANCED_FACE('',(#20661),#20654,.F.);
#20669=EDGE_CURVE('',#9190,#9202,#7512,.T.);
#20675=ADVANCED_FACE('',(#20674),#20667,.F.);
#20687=ADVANCED_FACE('',(#20686),#20680,.F.);
#20696=EDGE_CURVE('',#8928,#8940,#7524,.T.);
#20700=ADVANCED_FACE('',(#20699),#20692,.F.);
#20712=ADVANCED_FACE('',(#20711),#20705,.F.);
#20713=CLOSED_SHELL('',(#10868,#10893,#10910,#10933,#10952,#10972,#10992,#11014,
#11030,#11059,#11072,#11993,#12007,#12020,#12033,#12046,#12059,#12071,#12085,
#12098,#12111,#12124,#12137,#12149,#12163,#12176,#12189,#12202,#12215,#12227,
#12241,#12254,#12267,#12280,#12293,#12305,#12319,#12332,#12345,#12358,#12371,
#12383,#12397,#12410,#12423,#12436,#12449,#12461,#12475,#12488,#12501,#12514,
#12527,#12539,#12553,#12566,#12579,#12592,#12605,#12617,#12631,#12644,#12657,
#12670,#12683,#12695,#12709,#12722,#12735,#12748,#12761,#12773,#12787,#12800,
#12813,#12826,#12839,#12851,#12865,#12878,#12891,#12904,#12917,#12929,#12943,
#12956,#12969,#12982,#12995,#13007,#13021,#13034,#13047,#13060,#13073,#13085,
#13099,#13112,#13125,#13138,#13151,#13163,#13177,#13190,#13203,#13216,#13229,
#13241,#13255,#13268,#13281,#13294,#13307,#13319,#13333,#13346,#13359,#13372,
#13385,#13397,#13411,#13424,#13437,#13450,#13463,#13475,#13489,#13502,#13515,
#13528,#13541,#13553,#13567,#13580,#13593,#13606,#13619,#13631,#13645,#13658,
#13671,#13684,#13697,#13709,#13723,#13736,#13749,#13762,#13775,#13787,#13801,
#13814,#13827,#13840,#13853,#13865,#13879,#13892,#13905,#13918,#13931,#13943,
#13957,#13970,#13983,#13996,#14009,#14021,#14035,#14048,#14061,#14074,#14087,
#14099,#14113,#14126,#14139,#14152,#14165,#14177,#14191,#14204,#14217,#14230,
#14243,#14255,#14269,#14282,#14295,#14308,#14321,#14333,#14347,#14360,#14373,
#14386,#14399,#14411,#14425,#14438,#14451,#14464,#14477,#14489,#14503,#14516,
#14529,#14542,#14555,#14567,#14581,#14594,#14607,#14620,#14633,#14645,#14659,
#14672,#14685,#14698,#14711,#14723,#14737,#14750,#14763,#14776,#14789,#14801,
#14815,#14828,#14841,#14854,#14867,#14879,#14893,#14906,#14919,#14932,#14945,
#14957,#14971,#14984,#14997,#15010,#15023,#15035,#15049,#15062,#15075,#15088,
#15101,#15113,#15127,#15140,#15153,#15166,#15179,#15191,#15205,#15218,#15231,
#15244,#15257,#15269,#15283,#15296,#15309,#15322,#15335,#15347,#15361,#15374,
#15387,#15400,#15413,#15425,#15439,#15452,#15465,#15478,#15491,#15503,#15517,
#15530,#15543,#15556,#15569,#15581,#15595,#15608,#15621,#15634,#15647,#15659,
#15673,#15686,#15699,#15712,#15725,#15737,#15751,#15764,#15777,#15790,#15803,
#15815,#15829,#15842,#15855,#15868,#15881,#15893,#15907,#15920,#15933,#15946,
#15959,#15971,#15985,#15998,#16011,#16024,#16037,#16049,#16063,#16076,#16089,
#16102,#16115,#16127,#16141,#16154,#16167,#16180,#16193,#16205,#16219,#16232,
#16245,#16258,#16271,#16283,#16297,#16310,#16323,#16336,#16349,#16361,#16383,
#16398,#16414,#16428,#16443,#16457,#16471,#16491,#16519,#16535,#16550,#16565,
#16622,#16639,#16660,#16679,#16694,#16722,#16741,#16756,#16777,#16796,#16855,
#16887,#16901,#16917,#16932,#16957,#16983,#16997,#17010,#17031,#17045,#17058,
#17079,#17095,#17117,#17140,#17155,#17170,#17182,#17196,#17209,#17223,#17237,
#17252,#17267,#17281,#17296,#17312,#17334,#17357,#17376,#17399,#17416,#17443,
#17455,#17469,#17498,#17513,#17527,#17549,#17564,#17581,#17598,#17618,#17635,
#17655,#17676,#17690,#17704,#17719,#17734,#17749,#17764,#17780,#17792,#17806,
#17820,#17834,#17848,#17863,#17876,#17888,#17904,#17920,#17936,#17961,#17976,
#17991,#18006,#18021,#18037,#18051,#18066,#18083,#18100,#18115,#18128,#18142,
#18154,#18168,#18181,#18195,#18209,#18222,#18235,#18249,#18261,#18274,#18290,
#18304,#18317,#18330,#18347,#18361,#18388,#18401,#18414,#18427,#18443,#18455,
#18467,#18478,#18490,#18502,#18516,#18530,#18542,#18554,#18584,#18600,#18615,
#18630,#18658,#18675,#18697,#18717,#18739,#18755,#18781,#18793,#18806,#18823,
#18836,#18850,#18862,#18876,#18890,#18906,#18921,#18935,#18949,#18961,#18974,
#18986,#18999,#19013,#19027,#19039,#19051,#19067,#19083,#19095,#19107,#19120,
#19133,#19146,#19159,#19175,#19191,#19203,#19215,#19227,#19239,#19251,#19263,
#19276,#19288,#19300,#19312,#19324,#19336,#19348,#19360,#19374,#19386,#19400,
#19414,#19431,#19445,#19457,#19471,#19483,#19495,#19511,#19525,#19538,#19552,
#19564,#19577,#19589,#19601,#19615,#19629,#19642,#19654,#19667,#19681,#19694,
#19708,#19721,#19735,#19748,#19761,#19773,#19788,#19801,#19811,#19827,#19841,
#19858,#19872,#19960,#19975,#19987,#20003,#20016,#20029,#20045,#20058,#20072,
#20086,#20100,#20114,#20128,#20142,#20158,#20171,#20184,#20199,#20212,#20224,
#20240,#20253,#20266,#20281,#20294,#20306,#20322,#20335,#20348,#20363,#20376,
#20388,#20404,#20417,#20430,#20445,#20458,#20470,#20486,#20499,#20512,#20527,
#20540,#20552,#20568,#20581,#20594,#20609,#20622,#20634,#20649,#20662,#20675,
#20687,#20700,#20712));
#20714=MANIFOLD_SOLID_BREP('',#20713);
#20716=(LENGTH_UNIT()NAMED_UNIT(*)SI_UNIT(.MILLI.,.METRE.));
#20717=(NAMED_UNIT(*)PLANE_ANGLE_UNIT()SI_UNIT($,.RADIAN.));
#20720=(NAMED_UNIT(*)SI_UNIT($,.STERADIAN.)SOLID_ANGLE_UNIT());
#20722=(GEOMETRIC_REPRESENTATION_CONTEXT(3)GLOBAL_UNCERTAINTY_ASSIGNED_CONTEXT((
#20721))GLOBAL_UNIT_ASSIGNED_CONTEXT((#20716,#20719,#20720))REPRESENTATION_CONTEXT('ID1','3'));
#20723=ADVANCED_BREP_SHAPE_REPRESENTATION('',(#20714),#20722);
#20730=PRODUCT_DEFINITION('part definition','',#20729,#20726);
#20731=PRODUCT_DEFINITION_SHAPE('','SHAPE FOR RASPCASE-TOP.',#20730);
#20732=SHAPE_ASPECT('','solid data associated with RASPCASE-TOP',#20731,.F.);
#20733=PROPERTY_DEFINITION('',
'shape for solid data with which properties are associated',#20732);
#20734=SHAPE_REPRESENTATION('',(#20714),#20722);
#20735=SHAPE_DEFINITION_REPRESENTATION(#20733,#20734);
#20736=(LENGTH_UNIT()NAMED_UNIT(*)SI_UNIT(.MILLI.,.METRE.));
#20740=PROPERTY_DEFINITION('geometric validation property',
'area of RASPCASE-TOP',#20732);
#20741=REPRESENTATION('surface area',(#20739),#20722);
#20742=PROPERTY_DEFINITION_REPRESENTATION(#20740,#20741);
#20743=(LENGTH_UNIT()NAMED_UNIT(*)SI_UNIT(.MILLI.,.METRE.));
#20747=PROPERTY_DEFINITION('geometric validation property',
'volume of RASPCASE-TOP',#20732);
#20748=REPRESENTATION('volume',(#20746),#20722);
#20749=PROPERTY_DEFINITION_REPRESENTATION(#20747,#20748);
#20751=PROPERTY_DEFINITION('geometric validation property',
'centroid of RASPCASE-TOP',#20732);
#20752=REPRESENTATION('centroid',(#20750),#20722);
#20753=PROPERTY_DEFINITION_REPRESENTATION(#20751,#20752);
#20754=(LENGTH_UNIT()NAMED_UNIT(*)SI_UNIT(.MILLI.,.METRE.));
#20758=PROPERTY_DEFINITION('geometric validation property',
'area of RASPCASE-TOP',#20731);
#20759=REPRESENTATION('surface area',(#20757),#20722);
#20760=PROPERTY_DEFINITION_REPRESENTATION(#20758,#20759);
#20761=(LENGTH_UNIT()NAMED_UNIT(*)SI_UNIT(.MILLI.,.METRE.));
#20765=PROPERTY_DEFINITION('geometric validation property',
'volume of RASPCASE-TOP',#20731);
#20766=REPRESENTATION('volume',(#20764),#20722);
#20767=PROPERTY_DEFINITION_REPRESENTATION(#20765,#20766);
#20769=PROPERTY_DEFINITION('geometric validation property',
'centroid of RASPCASE-TOP',#20731);
#20770=REPRESENTATION('centroid',(#20768),#20722);
#20771=PROPERTY_DEFINITION_REPRESENTATION(#20769,#20770);
#20772=SHAPE_DEFINITION_REPRESENTATION(#20731,#20723);
ENDSEC;
END-ISO-10303-21;
